FOLIO,FECHA,ANIO,MES,K_GRUPO,GRUPO,K_EMPRESA,EMPRESA,CONCESIONARIO,L_PREPAGO_E,L_POSPAGO_E,L_POSPAGOC_E,L_POSPAGOL_E,L_NO_ESPECIFICADO_E,L_TOTAL_E
100388,15/01/2013,2013,1,G005,IUSACELL-UNEFÓN,C0263,IUSACELL,"IUSACELL PCS DE MEXICO, S.A. DE C.V.",1237532,1397561,0,0,0,2635093
100388,15/02/2013,2013,2,G005,IUSACELL-UNEFÓN,C0263,IUSACELL,"IUSACELL PCS DE MEXICO, S.A. DE C.V.",1285116,1423688,0,0,0,2708804
100388,15/03/2013,2013,3,G005,IUSACELL-UNEFÓN,C0263,IUSACELL,"IUSACELL PCS DE MEXICO, S.A. DE C.V.",1365849,1461831,0,0,0,2827680
100388,15/04/2013,2013,4,G005,IUSACELL-UNEFÓN,C0263,IUSACELL,"IUSACELL PCS DE MEXICO, S.A. DE C.V.",1256087,1539501,0,0,0,2795588
100388,15/05/2013,2013,5,G005,IUSACELL-UNEFÓN,C0263,IUSACELL,"IUSACELL PCS DE MEXICO, S.A. DE C.V.",1281100,1562161,0,0,0,2843261
100388,15/06/2013,2013,6,G005,IUSACELL-UNEFÓN,C0263,IUSACELL,"IUSACELL PCS DE MEXICO, S.A. DE C.V.",1300082,1599256,0,0,0,2899338
100388,15/07/2013,2013,7,G005,IUSACELL-UNEFÓN,C0263,IUSACELL,"IUSACELL PCS DE MEXICO, S.A. DE C.V.",1319387,1628700,0,0,0,2948087
100388,15/08/2013,2013,8,G005,IUSACELL-UNEFÓN,C0263,IUSACELL,"IUSACELL PCS DE MEXICO, S.A. DE C.V.",1309297,1659263,0,0,0,2968560
100388,15/09/2013,2013,9,G005,IUSACELL-UNEFÓN,C0263,IUSACELL,"IUSACELL PCS DE MEXICO, S.A. DE C.V.",1316038,1691826,0,0,0,3007864
100388,15/10/2013,2013,10,G005,IUSACELL-UNEFÓN,C0263,IUSACELL,"IUSACELL PCS DE MEXICO, S.A. DE C.V.",1328350,1722698,0,0,0,3051048
100388,15/11/2013,2013,11,G005,IUSACELL-UNEFÓN,C0263,IUSACELL,"IUSACELL PCS DE MEXICO, S.A. DE C.V.",1358099,1746033,0,0,0,3104132
100388,15/12/2013,2013,12,G005,IUSACELL-UNEFÓN,C0263,IUSACELL,"IUSACELL PCS DE MEXICO, S.A. DE C.V.",1397256,1780628,0,0,0,3177884
100388,15/01/2014,2014,1,G005,IUSACELL-UNEFÓN,C0263,IUSACELL,"IUSACELL PCS DE MEXICO, S.A. DE C.V.",1392872,1800589,0,0,0,3193461
100388,15/02/2014,2014,2,G005,IUSACELL-UNEFÓN,C0263,IUSACELL,"IUSACELL PCS DE MEXICO, S.A. DE C.V.",1435955,1811916,0,0,0,3247871
100388,15/03/2014,2014,3,G005,IUSACELL-UNEFÓN,C0263,IUSACELL,"IUSACELL PCS DE MEXICO, S.A. DE C.V.",1499605,1817775,0,0,0,3317380
100388,15/04/2014,2014,4,G005,IUSACELL-UNEFÓN,C0263,IUSACELL,"IUSACELL PCS DE MEXICO, S.A. DE C.V.",1544300,1803035,0,0,0,3347335
100388,15/05/2014,2014,5,G005,IUSACELL-UNEFÓN,C0263,IUSACELL,"IUSACELL PCS DE MEXICO, S.A. DE C.V.",1562961,1809986,0,0,0,3372947
100388,15/06/2014,2014,6,G005,IUSACELL-UNEFÓN,C0263,IUSACELL,"IUSACELL PCS DE MEXICO, S.A. DE C.V.",1575069,1809338,0,0,0,3384407
100388,15/07/2014,2014,7,G005,IUSACELL-UNEFÓN,C0263,IUSACELL,"IUSACELL PCS DE MEXICO, S.A. DE C.V.",1628983,1865235,0,0,0,3494218
100388,15/08/2014,2014,8,G005,IUSACELL-UNEFÓN,C0263,IUSACELL,"IUSACELL PCS DE MEXICO, S.A. DE C.V.",1704449,1875593,0,0,0,3580042
100388,15/09/2014,2014,9,G005,IUSACELL-UNEFÓN,C0263,IUSACELL,"IUSACELL PCS DE MEXICO, S.A. DE C.V.",1757146,1890156,0,0,0,3647302
100388,15/10/2014,2014,10,G005,IUSACELL-UNEFÓN,C0263,IUSACELL,"IUSACELL PCS DE MEXICO, S.A. DE C.V.",1825568,1836609,0,0,0,3662177
100388,15/11/2014,2014,11,G005,IUSACELL-UNEFÓN,C0263,IUSACELL,"IUSACELL PCS DE MEXICO, S.A. DE C.V.",1885503,1857046,0,0,0,3742549
100388,15/12/2014,2014,12,G005,IUSACELL-UNEFÓN,C0263,IUSACELL,"IUSACELL PCS DE MEXICO, S.A. DE C.V.",1975600,1880787,0,0,0,3856387
100388,15/01/2015,2015,1,G005,IUSACELL-UNEFÓN,C0263,IUSACELL,"IUSACELL PCS DE MEXICO, S.A. DE C.V.",1320432,1260509,0,0,0,2580941
100388,15/02/2015,2015,2,G005,IUSACELL-UNEFÓN,C0263,IUSACELL,"IUSACELL PCS DE MEXICO, S.A. DE C.V.",1285770,1380973,0,0,0,2666743
100388,15/03/2015,2015,3,G005,IUSACELL-UNEFÓN,C0263,IUSACELL,"IUSACELL PCS DE MEXICO, S.A. DE C.V.",788165,1845808,0,0,0,2633973
100388,15/04/2015,2015,4,G005,IUSACELL-UNEFÓN,C0263,IUSACELL,"IUSACELL PCS DE MEXICO, S.A. DE C.V.",725673,1796024,0,0,0,2521697
100388,15/05/2015,2015,5,G005,IUSACELL-UNEFÓN,C0263,IUSACELL,"IUSACELL PCS DE MEXICO, S.A. DE C.V.",700307,1810396,0,0,0,2510703
100388,15/06/2015,2015,6,G005,IUSACELL-UNEFÓN,C0263,IUSACELL,"IUSACELL PCS DE MEXICO, S.A. DE C.V.",691887,1801336,0,0,0,2493223
100388,15/07/2015,2015,7,G005,IUSACELL-UNEFÓN,C0263,IUSACELL,"IUSACELL PCS DE MEXICO, S.A. DE C.V.",629985,1838970,0,0,0,2468955
100388,15/08/2015,2015,8,G005,IUSACELL-UNEFÓN,C0263,IUSACELL,"IUSACELL PCS DE MEXICO, S.A. DE C.V.",619768,1833699,0,0,0,2453467
100388,15/09/2015,2015,9,G005,IUSACELL-UNEFÓN,C0263,IUSACELL,"IUSACELL PCS DE MEXICO, S.A. DE C.V.",579791,1767172,0,0,0,2346963
100418,15/01/2019,2019,1,G008,MEGACABLE-MCM,C0378,MEGACABLE,"MEGA CABLE, S.A. DE C.V.",2962,0,0,0,0,2962
100418,15/02/2019,2019,2,G008,MEGACABLE-MCM,C0378,MEGACABLE,"MEGA CABLE, S.A. DE C.V.",25469,0,0,0,0,25469
100418,15/03/2019,2019,3,G008,MEGACABLE-MCM,C0378,MEGACABLE,"MEGA CABLE, S.A. DE C.V.",21501,0,0,0,0,21501
100418,15/04/2019,2019,4,G008,MEGACABLE-MCM,C0378,MEGACABLE,"MEGA CABLE, S.A. DE C.V.",12020,0,0,0,0,12020
100418,15/05/2019,2019,5,G008,MEGACABLE-MCM,C0378,MEGACABLE,"MEGA CABLE, S.A. DE C.V.",12020,0,0,0,0,12020
100418,15/06/2019,2019,6,G008,MEGACABLE-MCM,C0378,MEGACABLE,"MEGA CABLE, S.A. DE C.V.",12020,0,0,0,0,12020
100418,15/07/2019,2019,7,G008,MEGACABLE-MCM,C0378,MEGACABLE,"MEGA CABLE, S.A. DE C.V.",0,0,1833,0,0,1833
100418,15/08/2019,2019,8,G008,MEGACABLE-MCM,C0378,MEGACABLE,"MEGA CABLE, S.A. DE C.V.",0,0,1682,0,0,1682
100418,15/09/2019,2019,9,G008,MEGACABLE-MCM,C0378,MEGACABLE,"MEGA CABLE, S.A. DE C.V.",0,0,1541,0,0,1541
100418,15/10/2019,2019,10,G008,MEGACABLE-MCM,C0378,MEGACABLE,"MEGA CABLE, S.A. DE C.V.",0,0,1294,0,0,1294
100418,15/11/2019,2019,11,G008,MEGACABLE-MCM,C0378,MEGACABLE,"MEGA CABLE, S.A. DE C.V.",20,0,1309,0,0,1329
100418,15/12/2019,2019,12,G008,MEGACABLE-MCM,C0378,MEGACABLE,"MEGA CABLE, S.A. DE C.V.",257,0,3870,0,0,4127
100418,15/01/2020,2020,1,G008,MEGACABLE-MCM,C0378,MEGACABLE,"MEGA CABLE, S.A. DE C.V.",601,0,6481,0,0,7082
100418,15/02/2020,2020,2,G008,MEGACABLE-MCM,C0378,MEGACABLE,"MEGA CABLE, S.A. DE C.V.",1083,0,9455,0,0,10538
100418,15/03/2020,2020,3,G008,MEGACABLE-MCM,C0378,MEGACABLE,"MEGA CABLE, S.A. DE C.V.",16188,0,14450,0,0,30638
100418,15/04/2020,2020,4,G008,MEGACABLE-MCM,C0378,MEGACABLE,"MEGA CABLE, S.A. DE C.V.",2886,0,17927,0,0,20813
100418,15/05/2020,2020,5,G008,MEGACABLE-MCM,C0378,MEGACABLE,"MEGA CABLE, S.A. DE C.V.",5289,0,23323,0,0,28612
100418,15/06/2020,2020,6,G008,MEGACABLE-MCM,C0378,MEGACABLE,"MEGA CABLE, S.A. DE C.V.",7869,0,31330,0,0,39199
100418,15/07/2020,2020,7,G008,MEGACABLE-MCM,C0378,MEGACABLE,"MEGA CABLE, S.A. DE C.V.",11427,0,44720,0,0,56147
100418,15/08/2020,2020,8,G008,MEGACABLE-MCM,C0378,MEGACABLE,"MEGA CABLE, S.A. DE C.V.",12913,0,67487,0,0,80400
100418,15/09/2020,2020,9,G008,MEGACABLE-MCM,C0378,MEGACABLE,"MEGA CABLE, S.A. DE C.V.",13479,0,94997,0,0,108476
100418,15/10/2020,2020,10,G008,MEGACABLE-MCM,C0378,MEGACABLE,"MEGA CABLE, S.A. DE C.V.",13572,0,118181,0,0,131753
100418,15/11/2020,2020,11,G008,MEGACABLE-MCM,C0378,MEGACABLE,"MEGA CABLE, S.A. DE C.V.",13699,0,139174,0,0,152873
100418,15/12/2020,2020,12,G008,MEGACABLE-MCM,C0378,MEGACABLE,"MEGA CABLE, S.A. DE C.V.",13917,0,160546,0,0,174463
100418,15/01/2021,2021,1,G008,MEGACABLE-MCM,C0378,MEGACABLE,"MEGA CABLE, S.A. DE C.V.",13430,0,170204,0,0,183634
100418,15/02/2021,2021,2,G008,MEGACABLE-MCM,C0378,MEGACABLE,"MEGA CABLE, S.A. DE C.V.",13497,0,175459,0,0,188956
100418,15/03/2021,2021,3,G008,MEGACABLE-MCM,C0378,MEGACABLE,"MEGA CABLE, S.A. DE C.V.",13663,0,185031,0,0,198694
100418,15/04/2021,2021,4,G008,MEGACABLE-MCM,C0378,MEGACABLE,"MEGA CABLE, S.A. DE C.V.",13808,0,192814,0,0,206622
100418,15/05/2021,2021,5,G008,MEGACABLE-MCM,C0378,MEGACABLE,"MEGA CABLE, S.A. DE C.V.",17923,0,196801,0,0,214724
100418,15/06/2021,2021,6,G008,MEGACABLE-MCM,C0378,MEGACABLE,"MEGA CABLE, S.A. DE C.V.",18174,0,268551,0,0,286725
100418,15/07/2021,2021,7,G008,MEGACABLE-MCM,C0378,MEGACABLE,"MEGA CABLE, S.A. DE C.V.",18635,0,252155,0,0,270790
100418,15/08/2021,2021,8,G008,MEGACABLE-MCM,C0378,MEGACABLE,"MEGA CABLE, S.A. DE C.V.",27314,0,275762,0,0,303076
100418,15/09/2021,2021,9,G008,MEGACABLE-MCM,C0378,MEGACABLE,"MEGA CABLE, S.A. DE C.V.",50576,0,273816,0,0,324392
100418,15/10/2021,2021,10,G008,MEGACABLE-MCM,C0378,MEGACABLE,"MEGA CABLE, S.A. DE C.V.",74010,0,255183,0,0,329193
100418,15/11/2021,2021,11,G008,MEGACABLE-MCM,C0378,MEGACABLE,"MEGA CABLE, S.A. DE C.V.",96817,0,261050,0,0,357867
100418,15/12/2021,2021,12,G008,MEGACABLE-MCM,C0378,MEGACABLE,"MEGA CABLE, S.A. DE C.V.",133224,0,266290,0,0,399514
100418,15/01/2022,2022,1,G008,MEGACABLE-MCM,C0378,MEGACABLE,"MEGA CABLE, S.A. DE C.V.",164172,0,213308,0,0,377480
100418,15/02/2022,2022,2,G008,MEGACABLE-MCM,C0378,MEGACABLE,"MEGA CABLE, S.A. DE C.V.",189263,0,261817,0,0,451080
100418,15/03/2022,2022,3,G008,MEGACABLE-MCM,C0378,MEGACABLE,"MEGA CABLE, S.A. DE C.V.",138858,0,268094,0,0,406952
100418,15/04/2022,2022,4,G008,MEGACABLE-MCM,C0378,MEGACABLE,"MEGA CABLE, S.A. DE C.V.",153960,0,262033,0,0,415993
100418,15/05/2022,2022,5,G008,MEGACABLE-MCM,C0378,MEGACABLE,"MEGA CABLE, S.A. DE C.V.",148852,0,266185,0,0,415037
100418,15/06/2022,2022,6,G008,MEGACABLE-MCM,C0378,MEGACABLE,"MEGA CABLE, S.A. DE C.V.",138503,0,276968,0,0,415471
100418,15/07/2022,2022,7,G008,MEGACABLE-MCM,C0378,MEGACABLE,"MEGA CABLE, S.A. DE C.V.",128900,0,284878,0,0,413778
100418,15/08/2022,2022,8,G008,MEGACABLE-MCM,C0378,MEGACABLE,"MEGA CABLE, S.A. DE C.V.",111353,0,301056,0,0,412409
100418,15/09/2022,2022,9,G008,MEGACABLE-MCM,C0378,MEGACABLE,"MEGA CABLE, S.A. DE C.V.",111426,0,314266,0,0,425692
100418,15/10/2022,2022,10,G008,MEGACABLE-MCM,C0378,MEGACABLE,"MEGA CABLE, S.A. DE C.V.",75733,0,347519,0,0,423252
100418,15/11/2022,2022,11,G008,MEGACABLE-MCM,C0378,MEGACABLE,"MEGA CABLE, S.A. DE C.V.",55682,0,348637,0,0,404319
100418,15/12/2022,2022,12,G008,MEGACABLE-MCM,C0378,MEGACABLE,"MEGA CABLE, S.A. DE C.V.",35880,0,353724,0,0,389604
100418,15/01/2023,2023,1,G008,MEGACABLE-MCM,C0378,MEGACABLE,"MEGA CABLE, S.A. DE C.V.",4775,0,361435,0,0,366210
100418,15/02/2023,2023,2,G008,MEGACABLE-MCM,C0378,MEGACABLE,"MEGA CABLE, S.A. DE C.V.",4847,0,368684,0,0,373531
100418,15/03/2023,2023,3,G008,MEGACABLE-MCM,C0378,MEGACABLE,"MEGA CABLE, S.A. DE C.V.",3593,0,373256,0,0,376849
100418,15/04/2023,2023,4,G008,MEGACABLE-MCM,C0378,MEGACABLE,"MEGA CABLE, S.A. DE C.V.",3388,0,355815,0,0,359203
100418,15/05/2023,2023,5,G008,MEGACABLE-MCM,C0378,MEGACABLE,"MEGA CABLE, S.A. DE C.V.",3400,0,360591,0,0,363991
100418,15/06/2023,2023,6,G008,MEGACABLE-MCM,C0378,MEGACABLE,"MEGA CABLE, S.A. DE C.V.",3428,0,364557,0,0,367985
100418,15/07/2023,2023,7,G008,MEGACABLE-MCM,C0378,MEGACABLE,"MEGA CABLE, S.A. DE C.V.",3436,0,367595,0,0,371031
100418,15/08/2023,2023,8,G008,MEGACABLE-MCM,C0378,MEGACABLE,"MEGA CABLE, S.A. DE C.V.",3523,0,378078,0,0,381601
100418,15/09/2023,2023,9,G008,MEGACABLE-MCM,C0378,MEGACABLE,"MEGA CABLE, S.A. DE C.V.",4542,0,383847,0,0,388389
100418,15/10/2023,2023,10,G008,MEGACABLE-MCM,C0378,MEGACABLE,"MEGA CABLE, S.A. DE C.V.",9181,0,388052,0,0,397233
100418,15/11/2023,2023,11,G008,MEGACABLE-MCM,C0378,MEGACABLE,"MEGA CABLE, S.A. DE C.V.",9459,0,396129,0,0,405588
100418,15/12/2023,2023,12,G008,MEGACABLE-MCM,C0378,MEGACABLE,"MEGA CABLE, S.A. DE C.V.",5983,0,402919,0,0,408902
100418,15/01/2024,2024,1,G008,MEGACABLE-MCM,C0378,MEGACABLE,"MEGA CABLE, S.A. DE C.V.",5317,0,407819,0,0,413136
100418,15/02/2024,2024,2,G008,MEGACABLE-MCM,C0378,MEGACABLE,"MEGA CABLE, S.A. DE C.V.",4829,0,421111,0,0,425940
100418,15/03/2024,2024,3,G008,MEGACABLE-MCM,C0378,MEGACABLE,"MEGA CABLE, S.A. DE C.V.",4555,0,432249,0,0,436804
100418,15/04/2024,2024,4,G008,MEGACABLE-MCM,C0378,MEGACABLE,"MEGA CABLE, S.A. DE C.V.",4503,0,430258,0,0,434761
100418,15/05/2024,2024,5,G008,MEGACABLE-MCM,C0378,MEGACABLE,"MEGA CABLE, S.A. DE C.V.",4407,0,430983,0,0,435390
100418,15/06/2024,2024,6,G008,MEGACABLE-MCM,C0378,MEGACABLE,"MEGA CABLE, S.A. DE C.V.",4495,0,440269,0,0,444764
100418,15/07/2024,2024,7,G008,MEGACABLE-MCM,C0378,MEGACABLE,"MEGA CABLE, S.A. DE C.V.",5454,0,456255,0,0,461709
100418,15/08/2024,2024,8,G008,MEGACABLE-MCM,C0378,MEGACABLE,"MEGA CABLE, S.A. DE C.V.",4615,0,476329,0,0,480944
100418,15/09/2024,2024,9,G008,MEGACABLE-MCM,C0378,MEGACABLE,"MEGA CABLE, S.A. DE C.V.",4173,0,483387,0,0,487560
100418,15/10/2024,2024,10,G008,MEGACABLE-MCM,C0378,MEGACABLE,"MEGA CABLE, S.A. DE C.V.",4001,0,497381,0,0,501382
100418,15/11/2024,2024,11,G008,MEGACABLE-MCM,C0378,MEGACABLE,"MEGA CABLE, S.A. DE C.V.",4110,0,511345,0,0,515455
100418,15/12/2024,2024,12,G008,MEGACABLE-MCM,C0378,MEGACABLE,"MEGA CABLE, S.A. DE C.V.",4296,0,523751,0,0,528047
100520,15/01/2013,2013,1,C657,SAI,C0657,SAI,"SERVICIOS DE ACCESO INALAMBRICOS, S.A. DE C.V.",646,0,0,0,0,646
100520,15/02/2013,2013,2,C657,SAI,C0657,SAI,"SERVICIOS DE ACCESO INALAMBRICOS, S.A. DE C.V.",646,0,0,0,0,646
100520,15/03/2013,2013,3,C657,SAI,C0657,SAI,"SERVICIOS DE ACCESO INALAMBRICOS, S.A. DE C.V.",648,0,0,0,0,648
100520,15/04/2013,2013,4,C657,SAI,C0657,SAI,"SERVICIOS DE ACCESO INALAMBRICOS, S.A. DE C.V.",648,0,0,0,0,648
100520,15/05/2013,2013,5,C657,SAI,C0657,SAI,"SERVICIOS DE ACCESO INALAMBRICOS, S.A. DE C.V.",648,0,0,0,0,648
100520,15/06/2013,2013,6,C657,SAI,C0657,SAI,"SERVICIOS DE ACCESO INALAMBRICOS, S.A. DE C.V.",648,0,0,0,0,648
100520,15/07/2013,2013,7,C657,SAI,C0657,SAI,"SERVICIOS DE ACCESO INALAMBRICOS, S.A. DE C.V.",648,0,0,0,0,648
100520,15/08/2013,2013,8,C657,SAI,C0657,SAI,"SERVICIOS DE ACCESO INALAMBRICOS, S.A. DE C.V.",648,0,0,0,0,648
100520,15/09/2013,2013,9,C657,SAI,C0657,SAI,"SERVICIOS DE ACCESO INALAMBRICOS, S.A. DE C.V.",648,0,0,0,0,648
100520,15/10/2013,2013,10,C657,SAI,C0657,SAI,"SERVICIOS DE ACCESO INALAMBRICOS, S.A. DE C.V.",648,0,0,0,0,648
100520,15/11/2013,2013,11,C657,SAI,C0657,SAI,"SERVICIOS DE ACCESO INALAMBRICOS, S.A. DE C.V.",648,0,0,0,0,648
100520,15/12/2013,2013,12,C657,SAI,C0657,SAI,"SERVICIOS DE ACCESO INALAMBRICOS, S.A. DE C.V.",648,0,0,0,0,648
100625,15/01/2013,2013,1,G006,AMÉRICA MÓVIL,C0517,TELCEL,"RADIOMOVIL DIPSA, S.A. DE C.V.",62284230,8722545,0,0,0,71006775
100625,15/02/2013,2013,2,G006,AMÉRICA MÓVIL,C0517,TELCEL,"RADIOMOVIL DIPSA, S.A. DE C.V.",62386663,8781022,0,0,0,71167685
100625,15/03/2013,2013,3,G006,AMÉRICA MÓVIL,C0517,TELCEL,"RADIOMOVIL DIPSA, S.A. DE C.V.",62386780,8833082,0,0,0,71219862
100625,15/04/2013,2013,4,G006,AMÉRICA MÓVIL,C0517,TELCEL,"RADIOMOVIL DIPSA, S.A. DE C.V.",62396727,8878447,0,0,0,71275174
100625,15/05/2013,2013,5,G006,AMÉRICA MÓVIL,C0517,TELCEL,"RADIOMOVIL DIPSA, S.A. DE C.V.",62740138,8943043,0,0,0,71683181
100625,15/06/2013,2013,6,G006,AMÉRICA MÓVIL,C0517,TELCEL,"RADIOMOVIL DIPSA, S.A. DE C.V.",62956298,9008625,0,0,0,71964923
100625,15/07/2013,2013,7,G006,AMÉRICA MÓVIL,C0517,TELCEL,"RADIOMOVIL DIPSA, S.A. DE C.V.",63213213,9073741,0,0,0,72286954
100625,15/08/2013,2013,8,G006,AMÉRICA MÓVIL,C0517,TELCEL,"RADIOMOVIL DIPSA, S.A. DE C.V.",63433644,9149838,0,0,0,72583482
100625,15/09/2013,2013,9,G006,AMÉRICA MÓVIL,C0517,TELCEL,"RADIOMOVIL DIPSA, S.A. DE C.V.",63269550,9194655,0,0,0,72464205
100625,15/10/2013,2013,10,G006,AMÉRICA MÓVIL,C0517,TELCEL,"RADIOMOVIL DIPSA, S.A. DE C.V.",63159592,9235216,0,0,0,72394808
100625,15/11/2013,2013,11,G006,AMÉRICA MÓVIL,C0517,TELCEL,"RADIOMOVIL DIPSA, S.A. DE C.V.",63510158,9291159,0,0,0,72801317
100625,15/12/2013,2013,12,G006,AMÉRICA MÓVIL,C0517,TELCEL,"RADIOMOVIL DIPSA, S.A. DE C.V.",64112126,9392558,0,0,0,73504684
100625,15/01/2014,2014,1,G006,AMÉRICA MÓVIL,C0517,TELCEL,"RADIOMOVIL DIPSA, S.A. DE C.V.",64426651,9440220,0,0,0,73866871
100625,15/02/2014,2014,2,G006,AMÉRICA MÓVIL,C0517,TELCEL,"RADIOMOVIL DIPSA, S.A. DE C.V.",64220074,9495616,0,0,0,73715690
100625,15/03/2014,2014,3,G006,AMÉRICA MÓVIL,C0517,TELCEL,"RADIOMOVIL DIPSA, S.A. DE C.V.",63797284,9545907,0,0,0,73343191
100625,15/04/2014,2014,4,G006,AMÉRICA MÓVIL,C0517,TELCEL,"RADIOMOVIL DIPSA, S.A. DE C.V.",63186786,9543626,0,0,0,72730412
100625,15/05/2014,2014,5,G006,AMÉRICA MÓVIL,C0517,TELCEL,"RADIOMOVIL DIPSA, S.A. DE C.V.",63201912,9598533,0,0,0,72800445
100625,15/06/2014,2014,6,G006,AMÉRICA MÓVIL,C0517,TELCEL,"RADIOMOVIL DIPSA, S.A. DE C.V.",61615069,9667180,0,0,0,71282249
100625,15/07/2014,2014,7,G006,AMÉRICA MÓVIL,C0517,TELCEL,"RADIOMOVIL DIPSA, S.A. DE C.V.",61160441,8500166,0,0,0,69660607
100625,15/08/2014,2014,8,G006,AMÉRICA MÓVIL,C0517,TELCEL,"RADIOMOVIL DIPSA, S.A. DE C.V.",61191226,8534443,0,0,0,69725669
100625,15/09/2014,2014,9,G006,AMÉRICA MÓVIL,C0517,TELCEL,"RADIOMOVIL DIPSA, S.A. DE C.V.",60586263,8566471,0,0,0,69152734
100625,15/10/2014,2014,10,G006,AMÉRICA MÓVIL,C0517,TELCEL,"RADIOMOVIL DIPSA, S.A. DE C.V.",60456816,9409713,0,0,0,69866529
100625,15/11/2014,2014,11,G006,AMÉRICA MÓVIL,C0517,TELCEL,"RADIOMOVIL DIPSA, S.A. DE C.V.",60681836,9449779,0,0,0,70131615
100625,15/12/2014,2014,12,G006,AMÉRICA MÓVIL,C0517,TELCEL,"RADIOMOVIL DIPSA, S.A. DE C.V.",61428817,9535790,0,0,0,70964607
100625,15/01/2015,2015,1,G006,AMÉRICA MÓVIL,C0517,TELCEL,"RADIOMOVIL DIPSA, S.A. DE C.V.",61713914,9619315,0,0,0,71333229
100625,15/02/2015,2015,2,G006,AMÉRICA MÓVIL,C0517,TELCEL,"RADIOMOVIL DIPSA, S.A. DE C.V.",61729646,9710810,0,0,0,71440456
100625,15/03/2015,2015,3,G006,AMÉRICA MÓVIL,C0517,TELCEL,"RADIOMOVIL DIPSA, S.A. DE C.V.",61787292,9733591,0,0,0,71520883
100625,15/04/2015,2015,4,G006,AMÉRICA MÓVIL,C0517,TELCEL,"RADIOMOVIL DIPSA, S.A. DE C.V.",61851485,9814160,0,0,0,71665645
100625,15/05/2015,2015,5,G006,AMÉRICA MÓVIL,C0517,TELCEL,"RADIOMOVIL DIPSA, S.A. DE C.V.",62016430,9918778,0,0,0,71935208
100625,15/06/2015,2015,6,G006,AMÉRICA MÓVIL,C0517,TELCEL,"RADIOMOVIL DIPSA, S.A. DE C.V.",62066832,10039432,0,0,0,72106264
100625,15/07/2015,2015,7,G006,AMÉRICA MÓVIL,C0517,TELCEL,"RADIOMOVIL DIPSA, S.A. DE C.V.",62050582,10246513,0,0,0,72297095
100625,15/08/2015,2015,8,G006,AMÉRICA MÓVIL,C0517,TELCEL,"RADIOMOVIL DIPSA, S.A. DE C.V.",62067771,10363076,0,0,0,72430847
100625,15/09/2015,2015,9,G006,AMÉRICA MÓVIL,C0517,TELCEL,"RADIOMOVIL DIPSA, S.A. DE C.V.",62093926,10451070,0,0,0,72544996
100625,15/10/2015,2015,10,G006,AMÉRICA MÓVIL,C0517,TELCEL,"RADIOMOVIL DIPSA, S.A. DE C.V.",62088912,10578312,0,0,0,72667224
100625,15/11/2015,2015,11,G006,AMÉRICA MÓVIL,C0517,TELCEL,"RADIOMOVIL DIPSA, S.A. DE C.V.",62107836,10685719,0,0,0,72793555
100625,15/12/2015,2015,12,G006,AMÉRICA MÓVIL,C0517,TELCEL,"RADIOMOVIL DIPSA, S.A. DE C.V.",62444429,10807976,0,0,0,73252405
100625,15/01/2016,2016,1,G006,AMÉRICA MÓVIL,C0517,TELCEL,"RADIOMOVIL DIPSA, S.A. DE C.V.",62641701,10871838,0,0,0,73513539
100625,15/02/2016,2016,2,G006,AMÉRICA MÓVIL,C0517,TELCEL,"RADIOMOVIL DIPSA, S.A. DE C.V.",62505793,10933080,0,0,0,73438873
100625,15/03/2016,2016,3,G006,AMÉRICA MÓVIL,C0517,TELCEL,"RADIOMOVIL DIPSA, S.A. DE C.V.",62044999,11001633,0,0,0,73046632
100625,15/04/2016,2016,4,G006,AMÉRICA MÓVIL,C0517,TELCEL,"RADIOMOVIL DIPSA, S.A. DE C.V.",61539480,11059624,0,0,0,72599104
100625,15/05/2016,2016,5,G006,AMÉRICA MÓVIL,C0517,TELCEL,"RADIOMOVIL DIPSA, S.A. DE C.V.",61388429,11119150,0,0,0,72507579
100625,15/06/2016,2016,6,G006,AMÉRICA MÓVIL,C0517,TELCEL,"RADIOMOVIL DIPSA, S.A. DE C.V.",61473613,11201048,0,0,0,72674661
100625,15/07/2016,2016,7,G006,AMÉRICA MÓVIL,C0517,TELCEL,"RADIOMOVIL DIPSA, S.A. DE C.V.",61418556,11267663,0,0,0,72686219
100625,15/08/2016,2016,8,G006,AMÉRICA MÓVIL,C0517,TELCEL,"RADIOMOVIL DIPSA, S.A. DE C.V.",61477455,11331016,0,0,0,72808471
100625,15/09/2016,2016,9,G006,AMÉRICA MÓVIL,C0517,TELCEL,"RADIOMOVIL DIPSA, S.A. DE C.V.",60940362,11368137,0,0,0,72308499
100625,15/10/2016,2016,10,G006,AMÉRICA MÓVIL,C0517,TELCEL,"RADIOMOVIL DIPSA, S.A. DE C.V.",60688761,11422666,0,0,0,72111427
100625,15/11/2016,2016,11,G006,AMÉRICA MÓVIL,C0517,TELCEL,"RADIOMOVIL DIPSA, S.A. DE C.V.",60862888,11496244,0,0,0,72359132
100625,15/12/2016,2016,12,G006,AMÉRICA MÓVIL,C0517,TELCEL,"RADIOMOVIL DIPSA, S.A. DE C.V.",60927165,11608525,0,0,0,72535690
100625,15/01/2017,2017,1,G006,AMÉRICA MÓVIL,C0517,TELCEL,"RADIOMOVIL DIPSA, S.A. DE C.V.",61138741,11676647,0,0,0,72815388
100625,15/02/2017,2017,2,G006,AMÉRICA MÓVIL,C0517,TELCEL,"RADIOMOVIL DIPSA, S.A. DE C.V.",60846323,11739096,0,0,0,72585419
100625,15/03/2017,2017,3,G006,AMÉRICA MÓVIL,C0517,TELCEL,"RADIOMOVIL DIPSA, S.A. DE C.V.",60741240,11796613,0,0,0,72537853
100625,15/04/2017,2017,4,G006,AMÉRICA MÓVIL,C0517,TELCEL,"RADIOMOVIL DIPSA, S.A. DE C.V.",60652502,11840634,0,0,0,72493136
100625,15/05/2017,2017,5,G006,AMÉRICA MÓVIL,C0517,TELCEL,"RADIOMOVIL DIPSA, S.A. DE C.V.",60750859,11890453,0,0,0,72641312
100625,15/06/2017,2017,6,G006,AMÉRICA MÓVIL,C0517,TELCEL,"RADIOMOVIL DIPSA, S.A. DE C.V.",60733244,11968500,0,0,0,72701744
100625,15/07/2017,2017,7,G006,AMÉRICA MÓVIL,C0517,TELCEL,"RADIOMOVIL DIPSA, S.A. DE C.V.",60765901,0,0,12040131,0,72806032
100625,15/08/2017,2017,8,G006,AMÉRICA MÓVIL,C0517,TELCEL,"RADIOMOVIL DIPSA, S.A. DE C.V.",60870368,0,0,12112659,0,72983027
100625,15/09/2017,2017,9,G006,AMÉRICA MÓVIL,C0517,TELCEL,"RADIOMOVIL DIPSA, S.A. DE C.V.",60748320,0,0,12167207,0,72915527
100625,15/10/2017,2017,10,G006,AMÉRICA MÓVIL,C0517,TELCEL,"RADIOMOVIL DIPSA, S.A. DE C.V.",60643926,0,0,12227414,0,72871340
100625,15/11/2017,2017,11,G006,AMÉRICA MÓVIL,C0517,TELCEL,"RADIOMOVIL DIPSA, S.A. DE C.V.",60867388,0,0,12294734,0,73162122
100625,15/12/2017,2017,12,G006,AMÉRICA MÓVIL,C0517,TELCEL,"RADIOMOVIL DIPSA, S.A. DE C.V.",61084191,0,0,12383742,0,73467933
100625,15/01/2018,2018,1,G006,AMÉRICA MÓVIL,C0517,TELCEL,"RADIOMOVIL DIPSA, S.A. DE C.V.",61196918,0,0,12444448,0,73641366
100625,15/02/2018,2018,2,G006,AMÉRICA MÓVIL,C0517,TELCEL,"RADIOMOVIL DIPSA, S.A. DE C.V.",60846355,0,0,12511182,0,73357537
100625,15/03/2018,2018,3,G006,AMÉRICA MÓVIL,C0517,TELCEL,"RADIOMOVIL DIPSA, S.A. DE C.V.",61032838,0,0,12582499,0,73615337
100625,15/04/2018,2018,4,G006,AMÉRICA MÓVIL,C0517,TELCEL,"RADIOMOVIL DIPSA, S.A. DE C.V.",61092259,0,0,12638796,0,73731055
100625,15/05/2018,2018,5,G006,AMÉRICA MÓVIL,C0517,TELCEL,"RADIOMOVIL DIPSA, S.A. DE C.V.",61234432,0,0,12710798,0,73945230
100625,15/06/2018,2018,6,G006,AMÉRICA MÓVIL,C0517,TELCEL,"RADIOMOVIL DIPSA, S.A. DE C.V.",61276657,0,0,12775854,0,74052511
100625,15/07/2018,2018,7,G006,AMÉRICA MÓVIL,C0517,TELCEL,"RADIOMOVIL DIPSA, S.A. DE C.V.",61373987,0,0,12833213,0,74207200
100625,15/08/2018,2018,8,G006,AMÉRICA MÓVIL,C0517,TELCEL,"RADIOMOVIL DIPSA, S.A. DE C.V.",61411446,0,0,12876774,0,74288220
100625,15/09/2018,2018,9,G006,AMÉRICA MÓVIL,C0517,TELCEL,"RADIOMOVIL DIPSA, S.A. DE C.V.",61385155,0,0,12966525,0,74351680
100625,15/10/2018,2018,10,G006,AMÉRICA MÓVIL,C0517,TELCEL,"RADIOMOVIL DIPSA, S.A. DE C.V.",61381610,0,0,13017595,0,74399205
100625,15/11/2018,2018,11,G006,AMÉRICA MÓVIL,C0517,TELCEL,"RADIOMOVIL DIPSA, S.A. DE C.V.",61638118,0,0,13079850,0,74717968
100625,15/12/2018,2018,12,G006,AMÉRICA MÓVIL,C0517,TELCEL,"RADIOMOVIL DIPSA, S.A. DE C.V.",61932869,0,0,13160867,0,75093736
100625,15/01/2019,2019,1,G006,AMÉRICA MÓVIL,C0517,TELCEL,"RADIOMOVIL DIPSA, S.A. DE C.V.",62022710,0,0,13228074,0,75250784
100625,15/02/2019,2019,2,G006,AMÉRICA MÓVIL,C0517,TELCEL,"RADIOMOVIL DIPSA, S.A. DE C.V.",61678090,0,0,13036973,0,74715063
100625,15/03/2019,2019,3,G006,AMÉRICA MÓVIL,C0517,TELCEL,"RADIOMOVIL DIPSA, S.A. DE C.V.",61894405,0,0,13083279,0,74977684
100625,15/04/2019,2019,4,G006,AMÉRICA MÓVIL,C0517,TELCEL,"RADIOMOVIL DIPSA, S.A. DE C.V.",61934603,0,0,13119959,0,75054562
100625,15/05/2019,2019,5,G006,AMÉRICA MÓVIL,C0517,TELCEL,"RADIOMOVIL DIPSA, S.A. DE C.V.",62004197,0,0,13172887,0,75177084
100625,15/06/2019,2019,6,G006,AMÉRICA MÓVIL,C0517,TELCEL,"RADIOMOVIL DIPSA, S.A. DE C.V.",62098932,0,0,13217782,0,75316714
100625,15/07/2019,2019,7,G006,AMÉRICA MÓVIL,C0517,TELCEL,"RADIOMOVIL DIPSA, S.A. DE C.V.",62028480,0,0,13247416,0,75275896
100625,15/08/2019,2019,8,G006,AMÉRICA MÓVIL,C0517,TELCEL,"RADIOMOVIL DIPSA, S.A. DE C.V.",62122665,0,0,13301798,0,75424463
100625,15/09/2019,2019,9,G006,AMÉRICA MÓVIL,C0517,TELCEL,"RADIOMOVIL DIPSA, S.A. DE C.V.",62040503,0,0,13400636,0,75441139
100625,15/10/2019,2019,10,G006,AMÉRICA MÓVIL,C0517,TELCEL,"RADIOMOVIL DIPSA, S.A. DE C.V.",61918620,0,0,13478694,0,75397314
100625,15/11/2019,2019,11,G006,AMÉRICA MÓVIL,C0517,TELCEL,"RADIOMOVIL DIPSA, S.A. DE C.V.",62209562,0,0,13545649,0,75755211
100625,15/12/2019,2019,12,G006,AMÉRICA MÓVIL,C0517,TELCEL,"RADIOMOVIL DIPSA, S.A. DE C.V.",62566480,0,0,13631227,0,76197707
100625,15/01/2020,2020,1,G006,AMÉRICA MÓVIL,C0517,TELCEL,"RADIOMOVIL DIPSA, S.A. DE C.V.",62618958,0,0,13693775,0,76312733
100625,15/02/2020,2020,2,G006,AMÉRICA MÓVIL,C0517,TELCEL,"RADIOMOVIL DIPSA, S.A. DE C.V.",62640828,0,0,13756456,0,76397284
100625,15/03/2020,2020,3,G006,AMÉRICA MÓVIL,C0517,TELCEL,"RADIOMOVIL DIPSA, S.A. DE C.V.",62646267,0,0,13800095,0,76446362
100625,15/04/2020,2020,4,G006,AMÉRICA MÓVIL,C0517,TELCEL,"RADIOMOVIL DIPSA, S.A. DE C.V.",61497005,0,0,13762957,0,75259962
100625,15/05/2020,2020,5,G006,AMÉRICA MÓVIL,C0517,TELCEL,"RADIOMOVIL DIPSA, S.A. DE C.V.",60747448,0,0,13685636,0,74433084
100625,15/06/2020,2020,6,G006,AMÉRICA MÓVIL,C0517,TELCEL,"RADIOMOVIL DIPSA, S.A. DE C.V.",60924170,0,0,13634668,0,74558838
100625,15/07/2020,2020,7,G006,AMÉRICA MÓVIL,C0517,TELCEL,"RADIOMOVIL DIPSA, S.A. DE C.V.",61133600,0,0,13608992,0,74742592
100625,15/08/2020,2020,8,G006,AMÉRICA MÓVIL,C0517,TELCEL,"RADIOMOVIL DIPSA, S.A. DE C.V.",61901063,0,0,13590074,0,75491137
100625,15/09/2020,2020,9,G006,AMÉRICA MÓVIL,C0517,TELCEL,"RADIOMOVIL DIPSA, S.A. DE C.V.",62075765,0,0,13561884,0,75637649
100625,15/10/2020,2020,10,G006,AMÉRICA MÓVIL,C0517,TELCEL,"RADIOMOVIL DIPSA, S.A. DE C.V.",62283858,0,0,13557716,0,75841574
100625,15/11/2020,2020,11,G006,AMÉRICA MÓVIL,C0517,TELCEL,"RADIOMOVIL DIPSA, S.A. DE C.V.",62771857,0,0,13550509,0,76322366
100625,15/12/2020,2020,12,G006,AMÉRICA MÓVIL,C0517,TELCEL,"RADIOMOVIL DIPSA, S.A. DE C.V.",63250512,0,0,13563401,0,76813913
100625,15/01/2021,2021,1,G006,AMÉRICA MÓVIL,C0517,TELCEL,"RADIOMOVIL DIPSA, S.A. DE C.V.",63359745,0,0,13600466,0,76960211
100625,15/02/2021,2021,2,G006,AMÉRICA MÓVIL,C0517,TELCEL,"RADIOMOVIL DIPSA, S.A. DE C.V.",63439184,0,0,13616031,0,77055215
100625,15/03/2021,2021,3,G006,AMÉRICA MÓVIL,C0517,TELCEL,"RADIOMOVIL DIPSA, S.A. DE C.V.",63750512,0,0,13603937,0,77354449
100625,15/04/2021,2021,4,G006,AMÉRICA MÓVIL,C0517,TELCEL,"RADIOMOVIL DIPSA, S.A. DE C.V.",63836523,0,0,13735905,0,77572428
100625,15/05/2021,2021,5,G006,AMÉRICA MÓVIL,C0517,TELCEL,"RADIOMOVIL DIPSA, S.A. DE C.V.",64029275,0,0,13811932,0,77841207
100625,15/06/2021,2021,6,G006,AMÉRICA MÓVIL,C0517,TELCEL,"RADIOMOVIL DIPSA, S.A. DE C.V.",64182924,0,0,13829624,0,78012548
100625,15/07/2021,2021,7,G006,AMÉRICA MÓVIL,C0517,TELCEL,"RADIOMOVIL DIPSA, S.A. DE C.V.",64377920,0,0,13758109,0,78136029
100625,15/08/2021,2021,8,G006,AMÉRICA MÓVIL,C0517,TELCEL,"RADIOMOVIL DIPSA, S.A. DE C.V.",64593131,0,0,13760405,0,78353536
100625,15/09/2021,2021,9,G006,AMÉRICA MÓVIL,C0517,TELCEL,"RADIOMOVIL DIPSA, S.A. DE C.V.",64760016,0,0,13772558,0,78532574
100625,15/10/2021,2021,10,G006,AMÉRICA MÓVIL,C0517,TELCEL,"RADIOMOVIL DIPSA, S.A. DE C.V.",64955844,0,0,13766053,0,78721897
100625,15/11/2021,2021,11,G006,AMÉRICA MÓVIL,C0517,TELCEL,"RADIOMOVIL DIPSA, S.A. DE C.V.",65420012,0,0,13756231,0,79176243
100625,15/12/2021,2021,12,G006,AMÉRICA MÓVIL,C0517,TELCEL,"RADIOMOVIL DIPSA, S.A. DE C.V.",65983792,0,0,13768061,0,79751853
100625,15/01/2022,2022,1,G006,AMÉRICA MÓVIL,C0517,TELCEL,"RADIOMOVIL DIPSA, S.A. DE C.V.",66152012,0,0,13727083,0,79879095
100625,15/02/2022,2022,2,G006,AMÉRICA MÓVIL,C0517,TELCEL,"RADIOMOVIL DIPSA, S.A. DE C.V.",66228934,0,0,13725301,0,79954235
100625,15/03/2022,2022,3,G006,AMÉRICA MÓVIL,C0517,TELCEL,"RADIOMOVIL DIPSA, S.A. DE C.V.",66468811,0,0,13722031,0,80190842
100625,15/04/2022,2022,4,G006,AMÉRICA MÓVIL,C0517,TELCEL,"RADIOMOVIL DIPSA, S.A. DE C.V.",66562730,0,0,13721643,0,80284373
100625,15/05/2022,2022,5,G006,AMÉRICA MÓVIL,C0517,TELCEL,"RADIOMOVIL DIPSA, S.A. DE C.V.",66701682,0,0,13732973,0,80434655
100625,15/06/2022,2022,6,G006,AMÉRICA MÓVIL,C0517,TELCEL,"RADIOMOVIL DIPSA, S.A. DE C.V.",66821357,0,0,13741892,0,80563249
100625,15/07/2022,2022,7,G006,AMÉRICA MÓVIL,C0517,TELCEL,"RADIOMOVIL DIPSA, S.A. DE C.V.",66933867,0,0,13655547,0,80589414
100625,15/08/2022,2022,8,G006,AMÉRICA MÓVIL,C0517,TELCEL,"RADIOMOVIL DIPSA, S.A. DE C.V.",67140451,0,0,13641822,0,80782273
100625,15/09/2022,2022,9,G006,AMÉRICA MÓVIL,C0517,TELCEL,"RADIOMOVIL DIPSA, S.A. DE C.V.",67223654,0,0,13628037,0,80851691
100625,15/10/2022,2022,10,G006,AMÉRICA MÓVIL,C0517,TELCEL,"RADIOMOVIL DIPSA, S.A. DE C.V.",67333982,0,0,13669736,0,81003718
100625,15/11/2022,2022,11,G006,AMÉRICA MÓVIL,C0517,TELCEL,"RADIOMOVIL DIPSA, S.A. DE C.V.",67721715,0,0,13691338,0,81413053
100625,15/12/2022,2022,12,G006,AMÉRICA MÓVIL,C0517,TELCEL,"RADIOMOVIL DIPSA, S.A. DE C.V.",68198428,0,0,13729617,0,81928045
100625,15/01/2023,2023,1,G006,AMÉRICA MÓVIL,C0517,TELCEL,"RADIOMOVIL DIPSA, S.A. DE C.V.",68323380,0,0,13796105,0,82119485
100625,15/02/2023,2023,2,G006,AMÉRICA MÓVIL,C0517,TELCEL,"RADIOMOVIL DIPSA, S.A. DE C.V.",68142318,0,0,13806372,0,81948690
100625,15/03/2023,2023,3,G006,AMÉRICA MÓVIL,C0517,TELCEL,"RADIOMOVIL DIPSA, S.A. DE C.V.",68245473,0,0,13823709,0,82069182
100625,15/04/2023,2023,4,G006,AMÉRICA MÓVIL,C0517,TELCEL,"RADIOMOVIL DIPSA, S.A. DE C.V.",68329501,0,0,13835350,0,82164851
100625,15/05/2023,2023,5,G006,AMÉRICA MÓVIL,C0517,TELCEL,"RADIOMOVIL DIPSA, S.A. DE C.V.",68422206,0,0,13837531,0,82259737
100625,15/06/2023,2023,6,G006,AMÉRICA MÓVIL,C0517,TELCEL,"RADIOMOVIL DIPSA, S.A. DE C.V.",68444664,0,0,13870886,0,82315550
100625,15/07/2023,2023,7,G006,AMÉRICA MÓVIL,C0517,TELCEL,"RADIOMOVIL DIPSA, S.A. DE C.V.",68490933,0,0,13905043,0,82395976
100625,15/08/2023,2023,8,G006,AMÉRICA MÓVIL,C0517,TELCEL,"RADIOMOVIL DIPSA, S.A. DE C.V.",68576420,0,0,13946859,0,82523279
100625,15/09/2023,2023,9,G006,AMÉRICA MÓVIL,C0517,TELCEL,"RADIOMOVIL DIPSA, S.A. DE C.V.",68525219,0,0,13993941,0,82519160
100625,15/10/2023,2023,10,G006,AMÉRICA MÓVIL,C0517,TELCEL,"RADIOMOVIL DIPSA, S.A. DE C.V.",68465528,0,0,14013036,0,82478564
100625,15/11/2023,2023,11,G006,AMÉRICA MÓVIL,C0517,TELCEL,"RADIOMOVIL DIPSA, S.A. DE C.V.",68575810,0,0,14051768,0,82627578
100625,15/12/2023,2023,12,G006,AMÉRICA MÓVIL,C0517,TELCEL,"RADIOMOVIL DIPSA, S.A. DE C.V.",68833659,0,0,14112667,0,82946326
100625,15/01/2024,2024,1,G006,AMÉRICA MÓVIL,C0517,TELCEL,"RADIOMOVIL DIPSA, S.A. DE C.V.",68930507,0,0,14147687,0,83078194
100625,15/02/2024,2024,2,G006,AMÉRICA MÓVIL,C0517,TELCEL,"RADIOMOVIL DIPSA, S.A. DE C.V.",68878517,0,0,14189625,0,83068142
100625,15/03/2024,2024,3,G006,AMÉRICA MÓVIL,C0517,TELCEL,"RADIOMOVIL DIPSA, S.A. DE C.V.",68888971,0,0,14234729,0,83123700
100625,15/04/2024,2024,4,G006,AMÉRICA MÓVIL,C0517,TELCEL,"RADIOMOVIL DIPSA, S.A. DE C.V.",68948602,0,0,14280767,0,83229369
100625,15/05/2024,2024,5,G006,AMÉRICA MÓVIL,C0517,TELCEL,"RADIOMOVIL DIPSA, S.A. DE C.V.",69005420,0,0,14315984,0,83321404
100625,15/06/2024,2024,6,G006,AMÉRICA MÓVIL,C0517,TELCEL,"RADIOMOVIL DIPSA, S.A. DE C.V.",68994672,0,0,14354451,0,83349123
100625,15/07/2024,2024,7,G006,AMÉRICA MÓVIL,C0517,TELCEL,"RADIOMOVIL DIPSA, S.A. DE C.V.",68992491,0,0,14405103,0,83397594
100625,15/08/2024,2024,8,G006,AMÉRICA MÓVIL,C0517,TELCEL,"RADIOMOVIL DIPSA, S.A. DE C.V.",69049499,0,0,14428700,0,83478199
100625,15/09/2024,2024,9,G006,AMÉRICA MÓVIL,C0517,TELCEL,"RADIOMOVIL DIPSA, S.A. DE C.V.",68858187,0,0,14456944,0,83315131
100625,15/10/2024,2024,10,G006,AMÉRICA MÓVIL,C0517,TELCEL,"RADIOMOVIL DIPSA, S.A. DE C.V.",68844349,0,0,14506650,0,83350999
100625,15/11/2024,2024,11,G006,AMÉRICA MÓVIL,C0517,TELCEL,"RADIOMOVIL DIPSA, S.A. DE C.V.",69012082,0,0,14553650,0,83565732
100625,15/12/2024,2024,12,G006,AMÉRICA MÓVIL,C0517,TELCEL,"RADIOMOVIL DIPSA, S.A. DE C.V.",69158327,0,0,14624141,0,83782468
100647,15/10/2023,2023,10,G004,GRUPO TELEVISA,C0415,BESTEL,"OPERBES, S.A. DE C.V.",0,0,0,0,5688,5688
100647,15/11/2023,2023,11,G004,GRUPO TELEVISA,C0415,BESTEL,"OPERBES, S.A. DE C.V.",0,0,0,0,5449,5449
100647,15/12/2023,2023,12,G004,GRUPO TELEVISA,C0415,BESTEL,"OPERBES, S.A. DE C.V.",0,0,0,0,5212,5212
100647,15/01/2024,2024,1,G004,GRUPO TELEVISA,C0415,BESTEL,"OPERBES, S.A. DE C.V.",0,0,0,0,5346,5346
100647,15/02/2024,2024,2,G004,GRUPO TELEVISA,C0415,BESTEL,"OPERBES, S.A. DE C.V.",0,0,0,0,5301,5301
100647,15/03/2024,2024,3,G004,GRUPO TELEVISA,C0415,BESTEL,"OPERBES, S.A. DE C.V.",0,0,0,0,5298,5298
100647,15/04/2024,2024,4,G004,GRUPO TELEVISA,C0415,BESTEL,"OPERBES, S.A. DE C.V.",0,0,0,0,3777,3777
100647,15/05/2024,2024,5,G004,GRUPO TELEVISA,C0415,BESTEL,"OPERBES, S.A. DE C.V.",0,0,0,0,4186,4186
100647,15/06/2024,2024,6,G004,GRUPO TELEVISA,C0415,BESTEL,"OPERBES, S.A. DE C.V.",0,0,0,0,4177,4177
100647,15/07/2024,2024,7,G004,GRUPO TELEVISA,C0415,BESTEL,"OPERBES, S.A. DE C.V.",0,0,0,0,3988,3988
100647,15/08/2024,2024,8,G004,GRUPO TELEVISA,C0415,BESTEL,"OPERBES, S.A. DE C.V.",0,0,0,0,4360,4360
100647,15/09/2024,2024,9,G004,GRUPO TELEVISA,C0415,BESTEL,"OPERBES, S.A. DE C.V.",0,0,0,0,4193,4193
100647,15/10/2024,2024,10,G004,GRUPO TELEVISA,C0415,BESTEL,"OPERBES, S.A. DE C.V.",0,0,0,0,4000,4000
100647,15/11/2024,2024,11,G004,GRUPO TELEVISA,C0415,BESTEL,"OPERBES, S.A. DE C.V.",0,0,0,0,3997,3997
100647,15/12/2024,2024,12,G004,GRUPO TELEVISA,C0415,BESTEL,"OPERBES, S.A. DE C.V.",0,0,0,0,3990,3990
100656,15/01/2021,2021,1,G004,GRUPO TELEVISA,C0784,IZZI,"CABLEVISION RED, S.A. DE C.V.",81407,0,0,0,0,81407
100656,15/02/2021,2021,2,G004,GRUPO TELEVISA,C0784,IZZI,"CABLEVISION RED, S.A. DE C.V.",85921,0,0,0,0,85921
100656,15/03/2021,2021,3,G004,GRUPO TELEVISA,C0784,IZZI,"CABLEVISION RED, S.A. DE C.V.",93574,0,0,0,0,93574
100656,15/04/2021,2021,4,G004,GRUPO TELEVISA,C0784,IZZI,"CABLEVISION RED, S.A. DE C.V.",0,0,0,0,102390,102390
100656,15/05/2021,2021,5,G004,GRUPO TELEVISA,C0784,IZZI,"CABLEVISION RED, S.A. DE C.V.",0,0,0,0,113795,113795
100656,15/06/2021,2021,6,G004,GRUPO TELEVISA,C0784,IZZI,"CABLEVISION RED, S.A. DE C.V.",0,0,0,0,125858,125858
100656,15/07/2021,2021,7,G004,GRUPO TELEVISA,C0784,IZZI,"CABLEVISION RED, S.A. DE C.V.",0,0,0,0,126511,126511
100656,15/08/2021,2021,8,G004,GRUPO TELEVISA,C0784,IZZI,"CABLEVISION RED, S.A. DE C.V.",0,0,0,0,132826,132826
100656,15/09/2021,2021,9,G004,GRUPO TELEVISA,C0784,IZZI,"CABLEVISION RED, S.A. DE C.V.",0,0,0,0,138451,138451
100656,15/10/2021,2021,10,G004,GRUPO TELEVISA,C0784,IZZI,"CABLEVISION RED, S.A. DE C.V.",138451,0,0,0,0,138451
100656,15/11/2021,2021,11,G004,GRUPO TELEVISA,C0784,IZZI,"CABLEVISION RED, S.A. DE C.V.",144556,0,0,0,0,144556
100656,15/12/2021,2021,12,G004,GRUPO TELEVISA,C0784,IZZI,"CABLEVISION RED, S.A. DE C.V.",149247,0,0,0,0,149247
100656,15/01/2022,2022,1,G004,GRUPO TELEVISA,C0784,IZZI,"CABLEVISION RED, S.A. DE C.V.",153115,0,0,0,0,153115
100656,15/02/2022,2022,2,G004,GRUPO TELEVISA,C0784,IZZI,"CABLEVISION RED, S.A. DE C.V.",158203,0,0,0,0,158203
100656,15/03/2022,2022,3,G004,GRUPO TELEVISA,C0784,IZZI,"CABLEVISION RED, S.A. DE C.V.",165266,0,0,0,0,165266
100656,15/04/2022,2022,4,G004,GRUPO TELEVISA,C0784,IZZI,"CABLEVISION RED, S.A. DE C.V.",180311,0,0,0,0,180311
100656,15/05/2022,2022,5,G004,GRUPO TELEVISA,C0784,IZZI,"CABLEVISION RED, S.A. DE C.V.",187535,0,0,0,0,187535
100656,15/06/2022,2022,6,G004,GRUPO TELEVISA,C0784,IZZI,"CABLEVISION RED, S.A. DE C.V.",194354,0,0,0,0,194354
100656,15/07/2022,2022,7,G004,GRUPO TELEVISA,C0784,IZZI,"CABLEVISION RED, S.A. DE C.V.",199631,0,0,0,0,199631
100656,15/08/2022,2022,8,G004,GRUPO TELEVISA,C0784,IZZI,"CABLEVISION RED, S.A. DE C.V.",206360,0,0,0,0,206360
100656,15/09/2022,2022,9,G004,GRUPO TELEVISA,C0784,IZZI,"CABLEVISION RED, S.A. DE C.V.",213527,0,0,0,0,213527
100656,15/10/2022,2022,10,G004,GRUPO TELEVISA,C0784,IZZI,"CABLEVISION RED, S.A. DE C.V.",0,0,214990,0,0,214990
100656,15/11/2022,2022,11,G004,GRUPO TELEVISA,C0784,IZZI,"CABLEVISION RED, S.A. DE C.V.",0,0,225153,0,0,225153
100656,15/12/2022,2022,12,G004,GRUPO TELEVISA,C0784,IZZI,"CABLEVISION RED, S.A. DE C.V.",0,0,232482,0,0,232482
100656,15/01/2023,2023,1,G004,GRUPO TELEVISA,C0784,IZZI,"CABLEVISION RED, S.A. DE C.V.",0,0,248260,0,0,248260
100656,15/02/2023,2023,2,G004,GRUPO TELEVISA,C0784,IZZI,"CABLEVISION RED, S.A. DE C.V.",0,0,256077,0,0,256077
100656,15/03/2023,2023,3,G004,GRUPO TELEVISA,C0784,IZZI,"CABLEVISION RED, S.A. DE C.V.",0,0,264313,0,0,264313
100656,15/04/2023,2023,4,G004,GRUPO TELEVISA,C0784,IZZI,"CABLEVISION RED, S.A. DE C.V.",0,0,268505,0,0,268505
100656,15/05/2023,2023,5,G004,GRUPO TELEVISA,C0784,IZZI,"CABLEVISION RED, S.A. DE C.V.",0,0,277467,0,0,277467
100656,15/06/2023,2023,6,G004,GRUPO TELEVISA,C0784,IZZI,"CABLEVISION RED, S.A. DE C.V.",0,0,285398,0,0,285398
100656,15/07/2023,2023,7,G004,GRUPO TELEVISA,C0784,IZZI,"CABLEVISION RED, S.A. DE C.V.",0,0,283780,0,0,283780
100656,15/08/2023,2023,8,G004,GRUPO TELEVISA,C0784,IZZI,"CABLEVISION RED, S.A. DE C.V.",0,0,288565,0,0,288565
100656,15/09/2023,2023,9,G004,GRUPO TELEVISA,C0784,IZZI,"CABLEVISION RED, S.A. DE C.V.",0,0,293174,0,0,293174
100656,15/01/2024,2024,1,G004,GRUPO TELEVISA,C0784,IZZI,"CABLEVISION RED, S.A. DE C.V.",0,0,310,0,0,310
100656,15/02/2024,2024,2,G004,GRUPO TELEVISA,C0784,IZZI,"CABLEVISION RED, S.A. DE C.V.",0,0,314,0,0,314
100656,15/03/2024,2024,3,G004,GRUPO TELEVISA,C0784,IZZI,"CABLEVISION RED, S.A. DE C.V.",0,0,318,0,0,318
100656,15/04/2024,2024,4,G004,GRUPO TELEVISA,C0784,IZZI,"CABLEVISION RED, S.A. DE C.V.",0,0,315131,0,0,315131
100656,15/05/2024,2024,5,G004,GRUPO TELEVISA,C0784,IZZI,"CABLEVISION RED, S.A. DE C.V.",0,0,316510,0,0,316510
100656,15/06/2024,2024,6,G004,GRUPO TELEVISA,C0784,IZZI,"CABLEVISION RED, S.A. DE C.V.",0,0,323229,0,0,323229
100692,15/07/2024,2024,7,G004,GRUPO TELEVISA,C0784,IZZI,"TELEVISION INTERNACIONAL, S.A. DE C.V.",0,0,0,0,322957,322957
100692,15/08/2024,2024,8,G004,GRUPO TELEVISA,C0784,IZZI,"TELEVISION INTERNACIONAL, S.A. DE C.V.",0,0,0,0,328678,328678
100692,15/09/2024,2024,9,G004,GRUPO TELEVISA,C0784,IZZI,"TELEVISION INTERNACIONAL, S.A. DE C.V.",0,0,0,0,327943,327943
100692,15/10/2024,2024,10,G004,GRUPO TELEVISA,C0784,IZZI,"TELEVISION INTERNACIONAL, S.A. DE C.V.",0,0,0,0,312611,312611
100692,15/11/2024,2024,11,G004,GRUPO TELEVISA,C0784,IZZI,"TELEVISION INTERNACIONAL, S.A. DE C.V.",0,0,0,0,324996,324996
100692,15/12/2024,2024,12,G004,GRUPO TELEVISA,C0784,IZZI,"TELEVISION INTERNACIONAL, S.A. DE C.V.",0,0,0,0,329168,329168
100715,15/01/2021,2021,1,G008,MEGACABLE-MCM,C0378,MEGACABLE,"MYC RED, S.A. DE C.V.",0,0,0,0,518,518
100715,15/02/2021,2021,2,G008,MEGACABLE-MCM,C0378,MEGACABLE,"MYC RED, S.A. DE C.V.",0,0,0,0,559,559
100715,15/03/2021,2021,3,G008,MEGACABLE-MCM,C0378,MEGACABLE,"MYC RED, S.A. DE C.V.",0,0,0,0,686,686
100715,15/04/2021,2021,4,G008,MEGACABLE-MCM,C0378,MEGACABLE,"MYC RED, S.A. DE C.V.",0,0,0,0,746,746
100715,15/05/2021,2021,5,G008,MEGACABLE-MCM,C0378,MEGACABLE,"MYC RED, S.A. DE C.V.",0,0,0,0,900,900
100715,15/06/2021,2021,6,G008,MEGACABLE-MCM,C0378,MEGACABLE,"MYC RED, S.A. DE C.V.",0,0,0,0,1531,1531
100715,15/07/2021,2021,7,G008,MEGACABLE-MCM,C0378,MEGACABLE,"MYC RED, S.A. DE C.V.",0,0,0,0,1406,1406
100715,15/08/2021,2021,8,G008,MEGACABLE-MCM,C0378,MEGACABLE,"MYC RED, S.A. DE C.V.",0,0,0,0,1500,1500
100715,15/09/2021,2021,9,G008,MEGACABLE-MCM,C0378,MEGACABLE,"MYC RED, S.A. DE C.V.",0,0,0,0,1503,1503
100715,15/10/2021,2021,10,G008,MEGACABLE-MCM,C0378,MEGACABLE,"MYC RED, S.A. DE C.V.",0,0,0,0,1259,1259
100715,15/11/2021,2021,11,G008,MEGACABLE-MCM,C0378,MEGACABLE,"MYC RED, S.A. DE C.V.",0,0,0,0,1398,1398
100715,15/12/2021,2021,12,G008,MEGACABLE-MCM,C0378,MEGACABLE,"MYC RED, S.A. DE C.V.",0,0,0,0,1553,1553
100715,15/01/2022,2022,1,G008,MEGACABLE-MCM,C0378,MEGACABLE,"MYC RED, S.A. DE C.V.",0,0,0,0,1337,1337
100715,15/02/2022,2022,2,G008,MEGACABLE-MCM,C0378,MEGACABLE,"MYC RED, S.A. DE C.V.",0,0,0,0,1498,1498
100715,15/03/2022,2022,3,G008,MEGACABLE-MCM,C0378,MEGACABLE,"MYC RED, S.A. DE C.V.",0,0,0,0,1389,1389
100715,15/04/2022,2022,4,G008,MEGACABLE-MCM,C0378,MEGACABLE,"MYC RED, S.A. DE C.V.",0,0,0,0,1242,1242
100715,15/05/2022,2022,5,G008,MEGACABLE-MCM,C0378,MEGACABLE,"MYC RED, S.A. DE C.V.",0,0,0,0,1138,1138
100715,15/06/2022,2022,6,G008,MEGACABLE-MCM,C0378,MEGACABLE,"MYC RED, S.A. DE C.V.",0,0,0,0,1118,1118
100715,15/07/2022,2022,7,G008,MEGACABLE-MCM,C0378,MEGACABLE,"MYC RED, S.A. DE C.V.",0,0,0,0,1079,1079
100715,15/08/2022,2022,8,G008,MEGACABLE-MCM,C0378,MEGACABLE,"MYC RED, S.A. DE C.V.",0,0,0,0,1053,1053
100715,15/09/2022,2022,9,G008,MEGACABLE-MCM,C0378,MEGACABLE,"MYC RED, S.A. DE C.V.",0,0,0,0,1084,1084
100715,15/10/2022,2022,10,G008,MEGACABLE-MCM,C0378,MEGACABLE,"MYC RED, S.A. DE C.V.",0,0,0,0,1134,1134
100715,15/11/2022,2022,11,G008,MEGACABLE-MCM,C0378,MEGACABLE,"MYC RED, S.A. DE C.V.",0,0,0,0,1105,1105
100715,15/12/2022,2022,12,G008,MEGACABLE-MCM,C0378,MEGACABLE,"MYC RED, S.A. DE C.V.",0,0,0,0,1091,1091
100715,15/01/2023,2023,1,G008,MEGACABLE-MCM,C0378,MEGACABLE,"MYC RED, S.A. DE C.V.",0,0,0,0,1080,1080
100715,15/02/2023,2023,2,G008,MEGACABLE-MCM,C0378,MEGACABLE,"MYC RED, S.A. DE C.V.",0,0,0,0,1094,1094
100715,15/03/2023,2023,3,G008,MEGACABLE-MCM,C0378,MEGACABLE,"MYC RED, S.A. DE C.V.",0,0,0,0,1139,1139
100715,15/04/2023,2023,4,G008,MEGACABLE-MCM,C0378,MEGACABLE,"MYC RED, S.A. DE C.V.",0,0,0,0,1118,1118
100715,15/05/2023,2023,5,G008,MEGACABLE-MCM,C0378,MEGACABLE,"MYC RED, S.A. DE C.V.",0,0,0,0,1194,1194
100715,15/06/2023,2023,6,G008,MEGACABLE-MCM,C0378,MEGACABLE,"MYC RED, S.A. DE C.V.",0,0,0,0,1227,1227
100715,15/07/2023,2023,7,G008,MEGACABLE-MCM,C0378,MEGACABLE,"MYC RED, S.A. DE C.V.",0,0,0,0,1254,1254
100715,15/08/2023,2023,8,G008,MEGACABLE-MCM,C0378,MEGACABLE,"MYC RED, S.A. DE C.V.",0,0,0,0,1270,1270
100715,15/09/2023,2023,9,G008,MEGACABLE-MCM,C0378,MEGACABLE,"MYC RED, S.A. DE C.V.",0,0,0,0,1317,1317
100715,15/10/2023,2023,10,G008,MEGACABLE-MCM,C0378,MEGACABLE,"MYC RED, S.A. DE C.V.",0,0,0,0,1334,1334
100715,15/11/2023,2023,11,G008,MEGACABLE-MCM,C0378,MEGACABLE,"MYC RED, S.A. DE C.V.",0,0,0,0,1334,1334
100715,15/12/2023,2023,12,G008,MEGACABLE-MCM,C0378,MEGACABLE,"MYC RED, S.A. DE C.V.",0,0,0,0,1324,1324
100715,15/01/2024,2024,1,G004,GRUPO TELEVISA,C0378,MEGACABLE,"MYC RED, S.A. DE C.V.",0,0,0,0,1315,1315
100715,15/02/2024,2024,2,G004,GRUPO TELEVISA,C0378,MEGACABLE,"MYC RED, S.A. DE C.V.",0,0,0,0,1367,1367
100715,15/03/2024,2024,3,G004,GRUPO TELEVISA,C0378,MEGACABLE,"MYC RED, S.A. DE C.V.",0,0,0,0,1388,1388
100715,15/04/2024,2024,4,G008,MEGACABLE-MCM,C0378,MEGACABLE,"MYC RED, S.A. DE C.V.",0,0,0,0,1398,1398
100715,15/05/2024,2024,5,G008,MEGACABLE-MCM,C0378,MEGACABLE,"MYC RED, S.A. DE C.V.",0,0,0,0,1404,1404
100715,15/06/2024,2024,6,G008,MEGACABLE-MCM,C0378,MEGACABLE,"MYC RED, S.A. DE C.V.",0,0,0,0,1505,1505
100715,15/07/2024,2024,7,G008,MEGACABLE-MCM,C0378,MEGACABLE,"MYC RED, S.A. DE C.V.",0,0,0,0,1481,1481
100715,15/08/2024,2024,8,G008,MEGACABLE-MCM,C0378,MEGACABLE,"MYC RED, S.A. DE C.V.",0,0,0,0,1391,1391
100715,15/09/2024,2024,9,G008,MEGACABLE-MCM,C0378,MEGACABLE,"MYC RED, S.A. DE C.V.",0,0,0,0,1446,1446
100715,15/10/2024,2024,10,G008,MEGACABLE-MCM,C0378,MEGACABLE,"MYC RED, S.A. DE C.V.",0,0,0,0,1562,1562
100715,15/11/2024,2024,11,G008,MEGACABLE-MCM,C0378,MEGACABLE,"MYC RED, S.A. DE C.V.",0,0,0,0,1523,1523
100715,15/12/2024,2024,12,G008,MEGACABLE-MCM,C0378,MEGACABLE,"MYC RED, S.A. DE C.V.",0,0,0,0,1674,1674
100728,15/01/2013,2013,1,G005,IUSACELL-UNEFÓN,C0612,UNEFON,"OPERADORA UNEFON, S.A. DE C.V.",4456567,447529,0,0,0,4904096
100728,15/02/2013,2013,2,G005,IUSACELL-UNEFÓN,C0612,UNEFON,"OPERADORA UNEFON, S.A. DE C.V.",4307290,445616,0,0,0,4752906
100728,15/03/2013,2013,3,G005,IUSACELL-UNEFÓN,C0612,UNEFON,"OPERADORA UNEFON, S.A. DE C.V.",4401300,440862,0,0,0,4842162
100728,15/04/2013,2013,4,G005,IUSACELL-UNEFÓN,C0612,UNEFON,"OPERADORA UNEFON, S.A. DE C.V.",4337613,403128,0,0,0,4740741
100728,15/05/2013,2013,5,G005,IUSACELL-UNEFÓN,C0612,UNEFON,"OPERADORA UNEFON, S.A. DE C.V.",4332655,396540,0,0,0,4729195
100728,15/06/2013,2013,6,G005,IUSACELL-UNEFÓN,C0612,UNEFON,"OPERADORA UNEFON, S.A. DE C.V.",4349734,392465,0,0,0,4742199
100728,15/07/2013,2013,7,G005,IUSACELL-UNEFÓN,C0612,UNEFON,"OPERADORA UNEFON, S.A. DE C.V.",4352429,388384,0,0,0,4740813
100728,15/08/2013,2013,8,G005,IUSACELL-UNEFÓN,C0612,UNEFON,"OPERADORA UNEFON, S.A. DE C.V.",4378148,383384,0,0,0,4761532
100728,15/09/2013,2013,9,G005,IUSACELL-UNEFÓN,C0612,UNEFON,"OPERADORA UNEFON, S.A. DE C.V.",4402668,376051,0,0,0,4778719
100728,15/10/2013,2013,10,G005,IUSACELL-UNEFÓN,C0612,UNEFON,"OPERADORA UNEFON, S.A. DE C.V.",4378897,368584,0,0,0,4747481
100728,15/11/2013,2013,11,G005,IUSACELL-UNEFÓN,C0612,UNEFON,"OPERADORA UNEFON, S.A. DE C.V.",4441809,362267,0,0,0,4804076
100728,15/12/2013,2013,12,G005,IUSACELL-UNEFÓN,C0612,UNEFON,"OPERADORA UNEFON, S.A. DE C.V.",4535989,360823,0,0,0,4896812
100728,15/01/2014,2014,1,G005,IUSACELL-UNEFÓN,C0612,UNEFON,"OPERADORA UNEFON, S.A. DE C.V.",4489895,355983,0,0,0,4845878
100728,15/02/2014,2014,2,G005,IUSACELL-UNEFÓN,C0612,UNEFON,"OPERADORA UNEFON, S.A. DE C.V.",4495094,359282,0,0,0,4854376
100728,15/03/2014,2014,3,G005,IUSACELL-UNEFÓN,C0612,UNEFON,"OPERADORA UNEFON, S.A. DE C.V.",4583320,358954,0,0,0,4942274
100728,15/04/2014,2014,4,G005,IUSACELL-UNEFÓN,C0612,UNEFON,"OPERADORA UNEFON, S.A. DE C.V.",4558998,369693,0,0,0,4928691
100728,15/05/2014,2014,5,G005,IUSACELL-UNEFÓN,C0612,UNEFON,"OPERADORA UNEFON, S.A. DE C.V.",4480553,377756,0,0,0,4858309
100728,15/06/2014,2014,6,G005,IUSACELL-UNEFÓN,C0612,UNEFON,"OPERADORA UNEFON, S.A. DE C.V.",4428345,382295,0,0,0,4810640
100728,15/07/2014,2014,7,G005,IUSACELL-UNEFÓN,C0612,UNEFON,"OPERADORA UNEFON, S.A. DE C.V.",4542607,382359,0,0,0,4924966
100728,15/08/2014,2014,8,G005,IUSACELL-UNEFÓN,C0612,UNEFON,"OPERADORA UNEFON, S.A. DE C.V.",4773428,379629,0,0,0,5153057
100728,15/09/2014,2014,9,G005,IUSACELL-UNEFÓN,C0612,UNEFON,"OPERADORA UNEFON, S.A. DE C.V.",4631291,379468,0,0,0,5010759
100728,15/10/2014,2014,10,G005,IUSACELL-UNEFÓN,C0612,UNEFON,"OPERADORA UNEFON, S.A. DE C.V.",4708356,386471,0,0,0,5094827
100728,15/11/2014,2014,11,G005,IUSACELL-UNEFÓN,C0612,UNEFON,"OPERADORA UNEFON, S.A. DE C.V.",4821529,392025,0,0,0,5213554
100728,15/12/2014,2014,12,G005,IUSACELL-UNEFÓN,C0612,UNEFON,"OPERADORA UNEFON, S.A. DE C.V.",5008324,391990,0,0,0,5400314
100728,15/01/2015,2015,1,G005,IUSACELL-UNEFÓN,C0612,UNEFON,"OPERADORA UNEFON, S.A. DE C.V.",3390910,257605,0,0,0,3648515
100728,15/02/2015,2015,2,G005,IUSACELL-UNEFÓN,C0612,UNEFON,"OPERADORA UNEFON, S.A. DE C.V.",3182153,243882,0,0,0,3426035
100728,15/03/2015,2015,3,G005,IUSACELL-UNEFÓN,C0612,UNEFON,"OPERADORA UNEFON, S.A. DE C.V.",3019701,312748,0,0,0,3332449
100728,15/04/2015,2015,4,G005,IUSACELL-UNEFÓN,C0612,UNEFON,"OPERADORA UNEFON, S.A. DE C.V.",2837931,292740,0,0,0,3130671
100728,15/05/2015,2015,5,G005,IUSACELL-UNEFÓN,C0612,UNEFON,"OPERADORA UNEFON, S.A. DE C.V.",2797718,280878,0,0,0,3078596
100728,15/06/2015,2015,6,G005,IUSACELL-UNEFÓN,C0612,UNEFON,"OPERADORA UNEFON, S.A. DE C.V.",2744659,267314,0,0,0,3011973
100728,15/07/2015,2015,7,G005,IUSACELL-UNEFÓN,C0612,UNEFON,"OPERADORA UNEFON, S.A. DE C.V.",2538827,258184,0,0,0,2797011
100728,15/08/2015,2015,8,G005,IUSACELL-UNEFÓN,C0612,UNEFON,"OPERADORA UNEFON, S.A. DE C.V.",2569247,246981,0,0,0,2816228
100728,15/09/2015,2015,9,G005,IUSACELL-UNEFÓN,C0612,UNEFON,"OPERADORA UNEFON, S.A. DE C.V.",2622272,237787,0,0,0,2860059
100747,15/01/2021,2021,1,G002,DISH-MVS,C0149,DISH,"COMERCIALIZADORA DE FRECUENCIAS SATELITALES, S. DE R.L. DE C.V.",0,0,0,0,12398,12398
100747,15/02/2021,2021,2,G002,DISH-MVS,C0149,DISH,"COMERCIALIZADORA DE FRECUENCIAS SATELITALES, S. DE R.L. DE C.V.",0,0,0,0,12149,12149
100747,15/03/2021,2021,3,G002,DISH-MVS,C0149,DISH,"COMERCIALIZADORA DE FRECUENCIAS SATELITALES, S. DE R.L. DE C.V.",0,0,0,0,12047,12047
100747,15/04/2021,2021,4,G002,DISH-MVS,C0149,DISH,"COMERCIALIZADORA DE FRECUENCIAS SATELITALES, S. DE R.L. DE C.V.",0,0,0,0,12321,12321
100747,15/05/2021,2021,5,G002,DISH-MVS,C0149,DISH,"COMERCIALIZADORA DE FRECUENCIAS SATELITALES, S. DE R.L. DE C.V.",0,0,0,0,10456,10456
100747,15/06/2021,2021,6,G002,DISH-MVS,C0149,DISH,"COMERCIALIZADORA DE FRECUENCIAS SATELITALES, S. DE R.L. DE C.V.",0,0,0,0,11975,11975
100747,15/07/2021,2021,7,G002,DISH-MVS,C0149,DISH,"COMERCIALIZADORA DE FRECUENCIAS SATELITALES, S. DE R.L. DE C.V.",0,0,0,0,12765,12765
100747,15/08/2021,2021,8,G002,DISH-MVS,C0149,DISH,"COMERCIALIZADORA DE FRECUENCIAS SATELITALES, S. DE R.L. DE C.V.",0,0,0,0,12986,12986
100747,15/09/2021,2021,9,G002,DISH-MVS,C0149,DISH,"COMERCIALIZADORA DE FRECUENCIAS SATELITALES, S. DE R.L. DE C.V.",0,0,0,0,13450,13450
100747,15/10/2021,2021,10,G002,DISH-MVS,C0149,DISH,"COMERCIALIZADORA DE FRECUENCIAS SATELITALES, S. DE R.L. DE C.V.",0,0,0,0,11020,11020
100747,15/11/2021,2021,11,G002,DISH-MVS,C0149,DISH,"COMERCIALIZADORA DE FRECUENCIAS SATELITALES, S. DE R.L. DE C.V.",0,0,0,0,11738,11738
100747,15/12/2021,2021,12,G002,DISH-MVS,C0149,DISH,"COMERCIALIZADORA DE FRECUENCIAS SATELITALES, S. DE R.L. DE C.V.",0,0,0,0,13344,13344
100747,15/01/2022,2022,1,G002,DISH-MVS,C0149,DISH,"COMERCIALIZADORA DE FRECUENCIAS SATELITALES, S. DE R.L. DE C.V.",0,0,0,0,13777,13777
100747,15/02/2022,2022,2,G002,DISH-MVS,C0149,DISH,"COMERCIALIZADORA DE FRECUENCIAS SATELITALES, S. DE R.L. DE C.V.",0,0,0,0,13407,13407
100747,15/03/2022,2022,3,G002,DISH-MVS,C0149,DISH,"COMERCIALIZADORA DE FRECUENCIAS SATELITALES, S. DE R.L. DE C.V.",0,0,0,0,13211,13211
100747,15/04/2022,2022,4,G002,DISH-MVS,C0149,DISH,"COMERCIALIZADORA DE FRECUENCIAS SATELITALES, S. DE R.L. DE C.V.",0,0,0,0,13096,13096
100747,15/05/2022,2022,5,G002,DISH-MVS,C0149,DISH,"COMERCIALIZADORA DE FRECUENCIAS SATELITALES, S. DE R.L. DE C.V.",0,0,0,0,11974,11974
100747,15/06/2022,2022,6,G002,DISH-MVS,C0149,DISH,"COMERCIALIZADORA DE FRECUENCIAS SATELITALES, S. DE R.L. DE C.V.",0,0,0,0,11745,11745
100747,15/07/2022,2022,7,G002,DISH-MVS,C0149,DISH,"COMERCIALIZADORA DE FRECUENCIAS SATELITALES, S. DE R.L. DE C.V.",0,0,0,0,11174,11174
100747,15/08/2022,2022,8,G002,DISH-MVS,C0149,DISH,"COMERCIALIZADORA DE FRECUENCIAS SATELITALES, S. DE R.L. DE C.V.",0,0,0,0,11093,11093
100747,15/09/2022,2022,9,G002,DISH-MVS,C0149,DISH,"COMERCIALIZADORA DE FRECUENCIAS SATELITALES, S. DE R.L. DE C.V.",0,0,0,0,10938,10938
100747,15/10/2022,2022,10,G002,DISH-MVS,C0149,DISH,"COMERCIALIZADORA DE FRECUENCIAS SATELITALES, S. DE R.L. DE C.V.",0,0,0,0,10893,10893
100747,15/11/2022,2022,11,G002,DISH-MVS,C0149,DISH,"COMERCIALIZADORA DE FRECUENCIAS SATELITALES, S. DE R.L. DE C.V.",0,0,0,0,10496,10496
100747,15/12/2022,2022,12,G002,DISH-MVS,C0149,DISH,"COMERCIALIZADORA DE FRECUENCIAS SATELITALES, S. DE R.L. DE C.V.",0,0,0,0,9983,9983
100747,15/01/2023,2023,1,G002,DISH-MVS,C0149,DISH,"COMERCIALIZADORA DE FRECUENCIAS SATELITALES, S. DE R.L. DE C.V.",0,0,0,0,9373,9373
100747,15/02/2023,2023,2,G002,DISH-MVS,C0149,DISH,"COMERCIALIZADORA DE FRECUENCIAS SATELITALES, S. DE R.L. DE C.V.",0,0,0,0,8860,8860
100747,15/03/2023,2023,3,G002,DISH-MVS,C0149,DISH,"COMERCIALIZADORA DE FRECUENCIAS SATELITALES, S. DE R.L. DE C.V.",0,0,0,0,8286,8286
100747,15/04/2023,2023,4,G002,DISH-MVS,C0149,DISH,"COMERCIALIZADORA DE FRECUENCIAS SATELITALES, S. DE R.L. DE C.V.",0,0,0,0,8374,8374
100747,15/05/2023,2023,5,G002,DISH-MVS,C0149,DISH,"COMERCIALIZADORA DE FRECUENCIAS SATELITALES, S. DE R.L. DE C.V.",0,0,0,0,8118,8118
100747,15/06/2023,2023,6,G002,DISH-MVS,C0149,DISH,"COMERCIALIZADORA DE FRECUENCIAS SATELITALES, S. DE R.L. DE C.V.",0,0,0,0,7933,7933
100747,15/07/2023,2023,7,G002,DISH-MVS,C0149,DISH,"COMERCIALIZADORA DE FRECUENCIAS SATELITALES, S. DE R.L. DE C.V.",0,0,0,0,7440,7440
100747,15/08/2023,2023,8,G002,DISH-MVS,C0149,DISH,"COMERCIALIZADORA DE FRECUENCIAS SATELITALES, S. DE R.L. DE C.V.",0,0,0,0,7323,7323
100747,15/09/2023,2023,9,G002,DISH-MVS,C0149,DISH,"COMERCIALIZADORA DE FRECUENCIAS SATELITALES, S. DE R.L. DE C.V.",0,0,0,0,7194,7194
100747,15/10/2023,2023,10,G002,DISH-MVS,C0149,DISH,"COMERCIALIZADORA DE FRECUENCIAS SATELITALES, S. DE R.L. DE C.V.",0,0,0,0,6865,6865
100747,15/11/2023,2023,11,G002,DISH-MVS,C0149,DISH,"COMERCIALIZADORA DE FRECUENCIAS SATELITALES, S. DE R.L. DE C.V.",0,0,0,0,6733,6733
100747,15/12/2023,2023,12,G002,DISH-MVS,C0149,DISH,"COMERCIALIZADORA DE FRECUENCIAS SATELITALES, S. DE R.L. DE C.V.",0,0,0,0,6711,6711
100747,15/01/2024,2024,1,G002,DISH-MVS,C0149,DISH,"COMERCIALIZADORA DE FRECUENCIAS SATELITALES, S. DE R.L. DE C.V.",0,0,0,0,6369,6369
100747,15/02/2024,2024,2,G002,DISH-MVS,C0149,DISH,"COMERCIALIZADORA DE FRECUENCIAS SATELITALES, S. DE R.L. DE C.V.",0,0,0,0,6280,6280
100747,15/03/2024,2024,3,G002,DISH-MVS,C0149,DISH,"COMERCIALIZADORA DE FRECUENCIAS SATELITALES, S. DE R.L. DE C.V.",0,0,0,0,6258,6258
100747,15/04/2024,2024,4,G002,DISH-MVS,C0149,DISH,"COMERCIALIZADORA DE FRECUENCIAS SATELITALES, S. DE R.L. DE C.V.",0,0,0,0,6034,6034
100747,15/05/2024,2024,5,G002,DISH-MVS,C0149,DISH,"COMERCIALIZADORA DE FRECUENCIAS SATELITALES, S. DE R.L. DE C.V.",0,0,0,0,5695,5695
100747,15/06/2024,2024,6,G002,DISH-MVS,C0149,DISH,"COMERCIALIZADORA DE FRECUENCIAS SATELITALES, S. DE R.L. DE C.V.",0,0,0,0,5360,5360
100747,15/07/2024,2024,7,G002,DISH-MVS,C0149,DISH,"COMERCIALIZADORA DE FRECUENCIAS SATELITALES, S. DE R.L. DE C.V.",0,0,0,0,5116,5116
100747,15/08/2024,2024,8,G002,DISH-MVS,C0149,DISH,"COMERCIALIZADORA DE FRECUENCIAS SATELITALES, S. DE R.L. DE C.V.",0,0,0,0,4951,4951
100747,15/09/2024,2024,9,G002,DISH-MVS,C0149,DISH,"COMERCIALIZADORA DE FRECUENCIAS SATELITALES, S. DE R.L. DE C.V.",0,0,0,0,4748,4748
100747,15/10/2024,2024,10,G002,DISH-MVS,C0149,DISH,"COMERCIALIZADORA DE FRECUENCIAS SATELITALES, S. DE R.L. DE C.V.",0,0,0,0,4570,4570
100747,15/11/2024,2024,11,G002,DISH-MVS,C0149,DISH,"COMERCIALIZADORA DE FRECUENCIAS SATELITALES, S. DE R.L. DE C.V.",0,0,0,0,4396,4396
100747,15/12/2024,2024,12,G002,DISH-MVS,C0149,DISH,"COMERCIALIZADORA DE FRECUENCIAS SATELITALES, S. DE R.L. DE C.V.",0,0,0,0,4272,4272
100770,15/01/2021,2021,1,G004,GRUPO TELEVISA,C0508,SKY,"CORPORACION DE RADIO Y TELEVISION DEL NORTE DE MEXICO, S. DE R.L. DE C.V.",0,0,0,0,360,360
100770,15/02/2021,2021,2,G004,GRUPO TELEVISA,C0508,SKY,"CORPORACION DE RADIO Y TELEVISION DEL NORTE DE MEXICO, S. DE R.L. DE C.V.",0,0,0,0,3698,3698
100770,15/03/2021,2021,3,G004,GRUPO TELEVISA,C0508,SKY,"CORPORACION DE RADIO Y TELEVISION DEL NORTE DE MEXICO, S. DE R.L. DE C.V.",0,0,0,0,6819,6819
100770,15/04/2021,2021,4,G004,GRUPO TELEVISA,C0508,SKY,"CORPORACION DE RADIO Y TELEVISION DEL NORTE DE MEXICO, S. DE R.L. DE C.V.",0,0,0,0,9268,9268
100770,15/05/2021,2021,5,G004,GRUPO TELEVISA,C0508,SKY,"CORPORACION DE RADIO Y TELEVISION DEL NORTE DE MEXICO, S. DE R.L. DE C.V.",0,0,0,0,11635,11635
100770,15/06/2021,2021,6,G004,GRUPO TELEVISA,C0508,SKY,"CORPORACION DE RADIO Y TELEVISION DEL NORTE DE MEXICO, S. DE R.L. DE C.V.",0,0,0,0,14532,14532
100770,15/07/2021,2021,7,G004,GRUPO TELEVISA,C0508,SKY,"CORPORACION DE RADIO Y TELEVISION DEL NORTE DE MEXICO, S. DE R.L. DE C.V.",0,0,0,0,17532,17532
100770,15/08/2021,2021,8,G004,GRUPO TELEVISA,C0508,SKY,"CORPORACION DE RADIO Y TELEVISION DEL NORTE DE MEXICO, S. DE R.L. DE C.V.",0,0,0,0,22296,22296
100770,15/09/2021,2021,9,G004,GRUPO TELEVISA,C0508,SKY,"CORPORACION DE RADIO Y TELEVISION DEL NORTE DE MEXICO, S. DE R.L. DE C.V.",0,0,0,0,27470,27470
100770,15/10/2021,2021,10,G004,GRUPO TELEVISA,C0508,SKY,"CORPORACION DE RADIO Y TELEVISION DEL NORTE DE MEXICO, S. DE R.L. DE C.V.",0,0,0,0,29075,29075
100770,15/11/2021,2021,11,G004,GRUPO TELEVISA,C0508,SKY,"CORPORACION DE RADIO Y TELEVISION DEL NORTE DE MEXICO, S. DE R.L. DE C.V.",0,0,0,0,29769,29769
100770,15/12/2021,2021,12,G004,GRUPO TELEVISA,C0508,SKY,"CORPORACION DE RADIO Y TELEVISION DEL NORTE DE MEXICO, S. DE R.L. DE C.V.",0,0,0,0,30266,30266
100770,15/01/2022,2022,1,G004,GRUPO TELEVISA,C0508,SKY,"CORPORACION DE RADIO Y TELEVISION DEL NORTE DE MEXICO, S. DE R.L. DE C.V.",0,0,0,0,29753,29753
100770,15/02/2022,2022,2,G004,GRUPO TELEVISA,C0508,SKY,"CORPORACION DE RADIO Y TELEVISION DEL NORTE DE MEXICO, S. DE R.L. DE C.V.",0,0,0,0,28221,28221
100770,15/03/2022,2022,3,G004,GRUPO TELEVISA,C0508,SKY,"CORPORACION DE RADIO Y TELEVISION DEL NORTE DE MEXICO, S. DE R.L. DE C.V.",0,0,0,0,26920,26920
100770,15/04/2022,2022,4,G004,GRUPO TELEVISA,C0508,SKY,"CORPORACION DE RADIO Y TELEVISION DEL NORTE DE MEXICO, S. DE R.L. DE C.V.",0,0,0,0,25562,25562
100770,15/05/2022,2022,5,G004,GRUPO TELEVISA,C0508,SKY,"CORPORACION DE RADIO Y TELEVISION DEL NORTE DE MEXICO, S. DE R.L. DE C.V.",0,0,0,0,23968,23968
100770,15/06/2022,2022,6,G004,GRUPO TELEVISA,C0508,SKY,"CORPORACION DE RADIO Y TELEVISION DEL NORTE DE MEXICO, S. DE R.L. DE C.V.",0,0,0,0,22331,22331
100770,15/07/2022,2022,7,G004,GRUPO TELEVISA,C0508,SKY,"CORPORACION DE RADIO Y TELEVISION DEL NORTE DE MEXICO, S. DE R.L. DE C.V.",0,0,0,0,21223,21223
100770,15/08/2022,2022,8,G004,GRUPO TELEVISA,C0508,SKY,"CORPORACION DE RADIO Y TELEVISION DEL NORTE DE MEXICO, S. DE R.L. DE C.V.",0,0,0,0,19405,19405
100770,15/09/2022,2022,9,G004,GRUPO TELEVISA,C0508,SKY,"CORPORACION DE RADIO Y TELEVISION DEL NORTE DE MEXICO, S. DE R.L. DE C.V.",0,0,0,0,17705,17705
100770,15/10/2022,2022,10,G004,GRUPO TELEVISA,C0508,SKY,"CORPORACION DE RADIO Y TELEVISION DEL NORTE DE MEXICO, S. DE R.L. DE C.V.",0,0,0,0,16519,16519
100770,15/11/2022,2022,11,G004,GRUPO TELEVISA,C0508,SKY,"CORPORACION DE RADIO Y TELEVISION DEL NORTE DE MEXICO, S. DE R.L. DE C.V.",0,0,0,0,15308,15308
100770,15/12/2022,2022,12,G004,GRUPO TELEVISA,C0508,SKY,"CORPORACION DE RADIO Y TELEVISION DEL NORTE DE MEXICO, S. DE R.L. DE C.V.",0,0,0,0,14328,14328
100770,15/01/2023,2023,1,G004,GRUPO TELEVISA,C0508,SKY,"CORPORACION DE RADIO Y TELEVISION DEL NORTE DE MEXICO, S. DE R.L. DE C.V.",0,0,0,0,18483,18483
100770,15/02/2023,2023,2,G004,GRUPO TELEVISA,C0508,SKY,"CORPORACION DE RADIO Y TELEVISION DEL NORTE DE MEXICO, S. DE R.L. DE C.V.",0,0,0,0,21686,21686
100770,15/03/2023,2023,3,G004,GRUPO TELEVISA,C0508,SKY,"CORPORACION DE RADIO Y TELEVISION DEL NORTE DE MEXICO, S. DE R.L. DE C.V.",0,0,0,0,24935,24935
100770,15/04/2023,2023,4,G004,GRUPO TELEVISA,C0508,SKY,"CORPORACION DE RADIO Y TELEVISION DEL NORTE DE MEXICO, S. DE R.L. DE C.V.",0,0,0,0,26781,26781
100770,15/05/2023,2023,5,G004,GRUPO TELEVISA,C0508,SKY,"CORPORACION DE RADIO Y TELEVISION DEL NORTE DE MEXICO, S. DE R.L. DE C.V.",0,0,0,0,20988,20988
100770,15/06/2023,2023,6,G004,GRUPO TELEVISA,C0508,SKY,"CORPORACION DE RADIO Y TELEVISION DEL NORTE DE MEXICO, S. DE R.L. DE C.V.",0,0,0,0,24585,24585
100770,15/07/2023,2023,7,G004,GRUPO TELEVISA,C0508,SKY,"CORPORACION DE RADIO Y TELEVISION DEL NORTE DE MEXICO, S. DE R.L. DE C.V.",0,0,0,0,28315,28315
100770,15/08/2023,2023,8,G004,GRUPO TELEVISA,C0508,SKY,"CORPORACION DE RADIO Y TELEVISION DEL NORTE DE MEXICO, S. DE R.L. DE C.V.",0,0,0,0,32550,32550
100770,15/09/2023,2023,9,G004,GRUPO TELEVISA,C0508,SKY,"CORPORACION DE RADIO Y TELEVISION DEL NORTE DE MEXICO, S. DE R.L. DE C.V.",0,0,0,0,31054,31054
100770,15/10/2023,2023,10,G004,GRUPO TELEVISA,C0508,SKY,"CORPORACION DE RADIO Y TELEVISION DEL NORTE DE MEXICO, S. DE R.L. DE C.V.",0,0,0,0,27031,27031
100770,15/11/2023,2023,11,G004,GRUPO TELEVISA,C0508,SKY,"CORPORACION DE RADIO Y TELEVISION DEL NORTE DE MEXICO, S. DE R.L. DE C.V.",0,0,0,0,28627,28627
100770,15/12/2023,2023,12,G004,GRUPO TELEVISA,C0508,SKY,"CORPORACION DE RADIO Y TELEVISION DEL NORTE DE MEXICO, S. DE R.L. DE C.V.",0,0,0,0,28428,28428
100770,15/01/2024,2024,1,G004,GRUPO TELEVISA,C0508,SKY,"CORPORACION DE RADIO Y TELEVISION DEL NORTE DE MEXICO, S. DE R.L. DE C.V.",0,0,0,0,27647,27647
100770,15/02/2024,2024,2,G004,GRUPO TELEVISA,C0508,SKY,"CORPORACION DE RADIO Y TELEVISION DEL NORTE DE MEXICO, S. DE R.L. DE C.V.",0,0,0,0,26745,26745
100770,15/03/2024,2024,3,G004,GRUPO TELEVISA,C0508,SKY,"CORPORACION DE RADIO Y TELEVISION DEL NORTE DE MEXICO, S. DE R.L. DE C.V.",0,0,0,0,25821,25821
100770,15/04/2024,2024,4,G004,GRUPO TELEVISA,C0508,SKY,"CORPORACION DE RADIO Y TELEVISION DEL NORTE DE MEXICO, S. DE R.L. DE C.V.",0,0,0,0,24534,24534
100770,15/05/2024,2024,5,G004,GRUPO TELEVISA,C0508,SKY,"CORPORACION DE RADIO Y TELEVISION DEL NORTE DE MEXICO, S. DE R.L. DE C.V.",0,0,0,0,21829,21829
100770,15/06/2024,2024,6,G004,GRUPO TELEVISA,C0508,SKY,"CORPORACION DE RADIO Y TELEVISION DEL NORTE DE MEXICO, S. DE R.L. DE C.V.",0,0,0,0,17525,17525
100770,15/07/2024,2024,7,G004,GRUPO TELEVISA,C0508,SKY,"CORPORACION DE RADIO Y TELEVISION DEL NORTE DE MEXICO, S. DE R.L. DE C.V.",0,0,0,0,16494,16494
100770,15/08/2024,2024,8,G004,GRUPO TELEVISA,C0508,SKY,"CORPORACION DE RADIO Y TELEVISION DEL NORTE DE MEXICO, S. DE R.L. DE C.V.",0,0,0,0,15134,15134
100770,15/09/2024,2024,9,G004,GRUPO TELEVISA,C0508,SKY,"CORPORACION DE RADIO Y TELEVISION DEL NORTE DE MEXICO, S. DE R.L. DE C.V.",0,0,0,0,14336,14336
100770,15/10/2024,2024,10,G004,GRUPO TELEVISA,C0508,SKY,"CORPORACION DE RADIO Y TELEVISION DEL NORTE DE MEXICO, S. DE R.L. DE C.V.",0,0,0,0,13753,13753
100770,15/11/2024,2024,11,G004,GRUPO TELEVISA,C0508,SKY,"CORPORACION DE RADIO Y TELEVISION DEL NORTE DE MEXICO, S. DE R.L. DE C.V.",0,0,0,0,14036,14036
100770,15/12/2024,2024,12,G004,GRUPO TELEVISA,C0508,SKY,"CORPORACION DE RADIO Y TELEVISION DEL NORTE DE MEXICO, S. DE R.L. DE C.V.",0,0,0,0,14342,14342
100777,15/04/2023,2023,4,C590,COSMOCABLE,C0200,COSMOCABLE,"TV CABLE DEL GUADIANA, S.A. DE C.V.",0,0,0,0,2387,2387
100777,15/05/2023,2023,5,C590,COSMOCABLE,C0200,COSMOCABLE,"TV CABLE DEL GUADIANA, S.A. DE C.V.",0,0,0,0,2506,2506
100777,15/06/2023,2023,6,C590,COSMOCABLE,C0200,COSMOCABLE,"TV CABLE DEL GUADIANA, S.A. DE C.V.",0,0,0,0,2434,2434
100777,15/07/2023,2023,7,C590,COSMOCABLE,C0200,COSMOCABLE,"TV CABLE DEL GUADIANA, S.A. DE C.V.",0,0,0,0,2416,2416
100777,15/08/2023,2023,8,C590,COSMOCABLE,C0200,COSMOCABLE,"TV CABLE DEL GUADIANA, S.A. DE C.V.",0,0,0,0,2433,2433
100777,15/09/2023,2023,9,C590,COSMOCABLE,C0200,COSMOCABLE,"TV CABLE DEL GUADIANA, S.A. DE C.V.",0,0,0,0,2347,2347
100777,15/01/2024,2024,1,C590,COSMOCABLE,C0200,COSMOCABLE,"TV CABLE DEL GUADIANA, S.A. DE C.V.",0,0,0,0,2473,2473
100777,15/02/2024,2024,2,C590,COSMOCABLE,C0200,COSMOCABLE,"TV CABLE DEL GUADIANA, S.A. DE C.V.",0,0,0,0,2408,2408
100777,15/03/2024,2024,3,C590,COSMOCABLE,C0200,COSMOCABLE,"TV CABLE DEL GUADIANA, S.A. DE C.V.",0,0,0,0,2542,2542
100777,15/04/2024,2024,4,C590,COSMOCABLE,C0200,COSMOCABLE,"TV CABLE DEL GUADIANA, S.A. DE C.V.",0,0,0,0,2482,2482
100777,15/05/2024,2024,5,C590,COSMOCABLE,C0200,COSMOCABLE,"TV CABLE DEL GUADIANA, S.A. DE C.V.",0,0,0,0,2599,2599
100777,15/06/2024,2024,6,C590,COSMOCABLE,C0200,COSMOCABLE,"TV CABLE DEL GUADIANA, S.A. DE C.V.",0,0,0,0,2395,2395
100777,15/07/2024,2024,7,C590,COSMOCABLE,C0200,COSMOCABLE,"TV CABLE DEL GUADIANA, S.A. DE C.V.",0,0,0,0,2390,2390
100777,15/08/2024,2024,8,C590,COSMOCABLE,C0200,COSMOCABLE,"TV CABLE DEL GUADIANA, S.A. DE C.V.",0,0,0,0,2376,2376
100777,15/09/2024,2024,9,C590,COSMOCABLE,C0200,COSMOCABLE,"TV CABLE DEL GUADIANA, S.A. DE C.V.",0,0,0,0,2682,2682
100777,15/10/2024,2024,10,C590,COSMOCABLE,C0200,COSMOCABLE,"TV CABLE DEL GUADIANA, S.A. DE C.V.",0,0,0,0,2187,2187
100777,15/11/2024,2024,11,C590,COSMOCABLE,C0200,COSMOCABLE,"TV CABLE DEL GUADIANA, S.A. DE C.V.",0,0,0,0,2541,2541
100777,15/12/2024,2024,12,C590,COSMOCABLE,C0200,COSMOCABLE,"TV CABLE DEL GUADIANA, S.A. DE C.V.",0,0,0,0,2527,2527
100854,15/01/2022,2022,1,C485,SERVITRON,C0485,SERVITRON,"SERVICIOS TRONCALIZADOS, S.A. DE C.V.",0,0,0,0,5430,5430
100854,15/02/2022,2022,2,C485,SERVITRON,C0485,SERVITRON,"SERVICIOS TRONCALIZADOS, S.A. DE C.V.",0,0,0,0,5702,5702
100854,15/03/2022,2022,3,C485,SERVITRON,C0485,SERVITRON,"SERVICIOS TRONCALIZADOS, S.A. DE C.V.",0,0,0,0,6237,6237
100854,15/04/2022,2022,4,C485,SERVITRON,C0485,SERVITRON,"SERVICIOS TRONCALIZADOS, S.A. DE C.V.",0,0,0,0,6185,6185
100854,15/05/2022,2022,5,C485,SERVITRON,C0485,SERVITRON,"SERVICIOS TRONCALIZADOS, S.A. DE C.V.",0,0,0,0,6581,6581
100854,15/06/2022,2022,6,C485,SERVITRON,C0485,SERVITRON,"SERVICIOS TRONCALIZADOS, S.A. DE C.V.",0,0,0,0,6847,6847
100854,15/07/2022,2022,7,C485,SERVITRON,C0485,SERVITRON,"SERVICIOS TRONCALIZADOS, S.A. DE C.V.",0,0,0,0,6711,6711
100854,15/08/2022,2022,8,C485,SERVITRON,C0485,SERVITRON,"SERVICIOS TRONCALIZADOS, S.A. DE C.V.",0,0,0,0,6730,6730
100854,15/09/2022,2022,9,C485,SERVITRON,C0485,SERVITRON,"SERVICIOS TRONCALIZADOS, S.A. DE C.V.",0,0,0,0,6860,6860
100854,15/10/2022,2022,10,C485,SERVITRON,C0485,SERVITRON,"SERVICIOS TRONCALIZADOS, S.A. DE C.V.",0,0,0,0,6603,6603
100854,15/11/2022,2022,11,C485,SERVITRON,C0485,SERVITRON,"SERVICIOS TRONCALIZADOS, S.A. DE C.V.",0,0,0,0,6679,6679
100854,15/12/2022,2022,12,C485,SERVITRON,C0485,SERVITRON,"SERVICIOS TRONCALIZADOS, S.A. DE C.V.",0,0,0,0,6672,6672
100854,15/01/2023,2023,1,C485,SERVITRON,C0485,SERVITRON,"SERVICIOS TRONCALIZADOS, S.A. DE C.V.",0,0,0,0,6682,6682
100854,15/02/2023,2023,2,C485,SERVITRON,C0485,SERVITRON,"SERVICIOS TRONCALIZADOS, S.A. DE C.V.",0,0,0,0,6710,6710
100854,15/03/2023,2023,3,C485,SERVITRON,C0485,SERVITRON,"SERVICIOS TRONCALIZADOS, S.A. DE C.V.",0,0,0,0,6366,6366
100854,15/04/2023,2023,4,C485,SERVITRON,C0485,SERVITRON,"SERVICIOS TRONCALIZADOS, S.A. DE C.V.",0,0,0,0,6414,6414
100854,15/05/2023,2023,5,C485,SERVITRON,C0485,SERVITRON,"SERVICIOS TRONCALIZADOS, S.A. DE C.V.",0,0,0,0,6298,6298
100854,15/06/2023,2023,6,C485,SERVITRON,C0485,SERVITRON,"SERVICIOS TRONCALIZADOS, S.A. DE C.V.",0,0,0,0,6778,6778
100854,15/07/2023,2023,7,C485,SERVITRON,C0485,SERVITRON,"SERVICIOS TRONCALIZADOS, S.A. DE C.V.",0,0,0,0,7063,7063
100854,15/08/2023,2023,8,C485,SERVITRON,C0485,SERVITRON,"SERVICIOS TRONCALIZADOS, S.A. DE C.V.",0,0,0,0,6613,6613
100854,15/09/2023,2023,9,C485,SERVITRON,C0485,SERVITRON,"SERVICIOS TRONCALIZADOS, S.A. DE C.V.",0,0,0,0,6633,6633
100854,15/10/2023,2023,10,C485,SERVITRON,C0485,SERVITRON,"SERVICIOS TRONCALIZADOS, S.A. DE C.V.",0,0,0,0,7042,7042
100854,15/11/2023,2023,11,C485,SERVITRON,C0485,SERVITRON,"SERVICIOS TRONCALIZADOS, S.A. DE C.V.",0,0,0,0,7096,7096
100854,15/12/2023,2023,12,C485,SERVITRON,C0485,SERVITRON,"SERVICIOS TRONCALIZADOS, S.A. DE C.V.",0,0,0,0,6950,6950
100854,15/01/2024,2024,1,C485,SERVITRON,C0485,SERVITRON,"SERVICIOS TRONCALIZADOS, S.A. DE C.V.",0,0,0,0,7076,7076
100854,15/02/2024,2024,2,C485,SERVITRON,C0485,SERVITRON,"SERVICIOS TRONCALIZADOS, S.A. DE C.V.",0,0,0,0,6871,6871
100854,15/03/2024,2024,3,C485,SERVITRON,C0485,SERVITRON,"SERVICIOS TRONCALIZADOS, S.A. DE C.V.",0,0,0,0,5945,5945
100854,15/04/2024,2024,4,C485,SERVITRON,C0485,SERVITRON,"SERVICIOS TRONCALIZADOS, S.A. DE C.V.",0,0,0,0,6080,6080
100854,15/05/2024,2024,5,C485,SERVITRON,C0485,SERVITRON,"SERVICIOS TRONCALIZADOS, S.A. DE C.V.",0,0,0,0,7702,7702
100854,15/06/2024,2024,6,C485,SERVITRON,C0485,SERVITRON,"SERVICIOS TRONCALIZADOS, S.A. DE C.V.",0,0,0,0,7706,7706
100854,15/07/2024,2024,7,C485,SERVITRON,C0485,SERVITRON,"SERVICIOS TRONCALIZADOS, S.A. DE C.V.",0,0,0,0,6797,6797
100854,15/08/2024,2024,8,C485,SERVITRON,C0485,SERVITRON,"SERVICIOS TRONCALIZADOS, S.A. DE C.V.",0,0,0,0,7762,7762
100854,15/09/2024,2024,9,C485,SERVITRON,C0485,SERVITRON,"SERVICIOS TRONCALIZADOS, S.A. DE C.V.",0,0,0,0,7593,7593
100854,15/10/2024,2024,10,C485,SERVITRON,C0485,SERVITRON,"SERVICIOS TRONCALIZADOS, S.A. DE C.V.",0,0,0,0,7510,7510
100854,15/11/2024,2024,11,C485,SERVITRON,C0485,SERVITRON,"SERVICIOS TRONCALIZADOS, S.A. DE C.V.",0,0,0,0,7883,7883
100854,15/12/2024,2024,12,C485,SERVITRON,C0485,SERVITRON,"SERVICIOS TRONCALIZADOS, S.A. DE C.V.",0,0,0,0,7896,7896
101346,15/01/2013,2013,1,G003,TELEFÓNICA,C0422,MOVISTAR,"PEGASO PCS, S.A. DE C.V.",18716402,1698228,0,0,0,20414630
101346,15/02/2013,2013,2,G003,TELEFÓNICA,C0422,MOVISTAR,"PEGASO PCS, S.A. DE C.V.",18813328,1730566,0,0,0,20543894
101346,15/03/2013,2013,3,G003,TELEFÓNICA,C0422,MOVISTAR,"PEGASO PCS, S.A. DE C.V.",18754831,1755871,0,0,0,20510702
101346,15/04/2013,2013,4,G003,TELEFÓNICA,C0422,MOVISTAR,"PEGASO PCS, S.A. DE C.V.",18749714,1735742,0,0,0,20485456
101346,15/05/2013,2013,5,G003,TELEFÓNICA,C0422,MOVISTAR,"PEGASO PCS, S.A. DE C.V.",18683493,1732235,0,0,0,20415728
101346,15/06/2013,2013,6,G003,TELEFÓNICA,C0422,MOVISTAR,"PEGASO PCS, S.A. DE C.V.",18788599,1701229,0,0,0,20489828
101346,15/07/2013,2013,7,G003,TELEFÓNICA,C0422,MOVISTAR,"PEGASO PCS, S.A. DE C.V.",18800650,1685118,0,0,0,20485768
101346,15/08/2013,2013,8,G003,TELEFÓNICA,C0422,MOVISTAR,"PEGASO PCS, S.A. DE C.V.",18839748,1655746,0,0,0,20495494
101346,15/09/2013,2013,9,G003,TELEFÓNICA,C0422,MOVISTAR,"PEGASO PCS, S.A. DE C.V.",18979209,1628959,0,0,0,20608168
101346,15/10/2013,2013,10,G003,TELEFÓNICA,C0422,MOVISTAR,"PEGASO PCS, S.A. DE C.V.",19186221,1636266,0,0,0,20822487
101346,15/11/2013,2013,11,G003,TELEFÓNICA,C0422,MOVISTAR,"PEGASO PCS, S.A. DE C.V.",19551446,1631438,0,0,0,21182884
101346,15/12/2013,2013,12,G003,TELEFÓNICA,C0422,MOVISTAR,"PEGASO PCS, S.A. DE C.V.",20233215,1655897,0,0,0,21889112
101346,15/01/2014,2014,1,G003,TELEFÓNICA,C0422,MOVISTAR,"PEGASO PCS, S.A. DE C.V.",19089800,1462706,0,0,0,20552506
101346,15/02/2014,2014,2,G003,TELEFÓNICA,C0422,MOVISTAR,"PEGASO PCS, S.A. DE C.V.",19088961,1452579,0,0,0,20541540
101346,15/03/2014,2014,3,G003,TELEFÓNICA,C0422,MOVISTAR,"PEGASO PCS, S.A. DE C.V.",17861953,1462816,0,0,0,19324769
101346,15/04/2014,2014,4,G003,TELEFÓNICA,C0422,MOVISTAR,"PEGASO PCS, S.A. DE C.V.",18067958,1467156,0,0,0,19535114
101346,15/05/2014,2014,5,G003,TELEFÓNICA,C0422,MOVISTAR,"PEGASO PCS, S.A. DE C.V.",18568822,1470425,0,0,0,20039247
101346,15/06/2014,2014,6,G003,TELEFÓNICA,C0422,MOVISTAR,"PEGASO PCS, S.A. DE C.V.",18777360,1466838,0,0,0,20244198
101346,15/07/2014,2014,7,G003,TELEFÓNICA,C0422,MOVISTAR,"PEGASO PCS, S.A. DE C.V.",18891586,1456193,0,0,0,20347779
101346,15/08/2014,2014,8,G003,TELEFÓNICA,C0422,MOVISTAR,"PEGASO PCS, S.A. DE C.V.",18881940,1445760,0,0,0,20327700
101346,15/09/2014,2014,9,G003,TELEFÓNICA,C0422,MOVISTAR,"PEGASO PCS, S.A. DE C.V.",19127565,1438045,0,0,0,20565610
101346,15/10/2014,2014,10,G003,TELEFÓNICA,C0422,MOVISTAR,"PEGASO PCS, S.A. DE C.V.",19272512,1434757,0,0,0,20707269
101346,15/11/2014,2014,11,G003,TELEFÓNICA,C0422,MOVISTAR,"PEGASO PCS, S.A. DE C.V.",19548004,1451771,0,0,0,20999775
101346,15/12/2014,2014,12,G003,TELEFÓNICA,C0422,MOVISTAR,"PEGASO PCS, S.A. DE C.V.",20207536,1465821,0,0,0,21673357
101346,15/01/2015,2015,1,G003,TELEFÓNICA,C0422,MOVISTAR,"PEGASO PCS, S.A. DE C.V.",20305852,1464861,0,0,0,21770713
101346,15/02/2015,2015,2,G003,TELEFÓNICA,C0422,MOVISTAR,"PEGASO PCS, S.A. DE C.V.",20776001,1474199,0,0,0,22250200
101346,15/03/2015,2015,3,G003,TELEFÓNICA,C0422,MOVISTAR,"PEGASO PCS, S.A. DE C.V.",21056642,1479979,0,0,0,22536621
101346,15/04/2015,2015,4,G003,TELEFÓNICA,C0422,MOVISTAR,"PEGASO PCS, S.A. DE C.V.",21170251,1491827,0,0,0,22662078
101346,15/05/2015,2015,5,G003,TELEFÓNICA,C0422,MOVISTAR,"PEGASO PCS, S.A. DE C.V.",21493038,1498545,0,0,0,22991583
101346,15/06/2015,2015,6,G003,TELEFÓNICA,C0422,MOVISTAR,"PEGASO PCS, S.A. DE C.V.",21553923,1508893,0,0,0,23062816
101346,15/07/2015,2015,7,G003,TELEFÓNICA,C0422,MOVISTAR,"PEGASO PCS, S.A. DE C.V.",21616296,1530529,0,0,0,23146825
101346,15/08/2015,2015,8,G003,TELEFÓNICA,C0422,MOVISTAR,"PEGASO PCS, S.A. DE C.V.",21731416,1560529,0,0,0,23291945
101346,15/09/2015,2015,9,G003,TELEFÓNICA,C0422,MOVISTAR,"PEGASO PCS, S.A. DE C.V.",21779774,1625216,0,0,0,23404990
101346,15/10/2015,2015,10,G003,TELEFÓNICA,C0422,MOVISTAR,"PEGASO PCS, S.A. DE C.V.",22097229,1691968,0,0,0,23789197
101346,15/11/2015,2015,11,G003,TELEFÓNICA,C0422,MOVISTAR,"PEGASO PCS, S.A. DE C.V.",22300872,1742886,0,0,0,24043758
101346,15/12/2015,2015,12,G003,TELEFÓNICA,C0422,MOVISTAR,"PEGASO PCS, S.A. DE C.V.",23101996,1792979,0,0,0,24894975
101346,15/01/2016,2016,1,G003,TELEFÓNICA,C0422,MOVISTAR,"PEGASO PCS, S.A. DE C.V.",23637386,850616,0,0,0,24488002
101346,15/02/2016,2016,2,G003,TELEFÓNICA,C0422,MOVISTAR,"PEGASO PCS, S.A. DE C.V.",23927676,857177,0,0,0,24784853
101346,15/03/2016,2016,3,G003,TELEFÓNICA,C0422,MOVISTAR,"PEGASO PCS, S.A. DE C.V.",23955710,1144408,0,0,0,25100118
101346,15/04/2016,2016,4,G003,TELEFÓNICA,C0422,MOVISTAR,"PEGASO PCS, S.A. DE C.V.",23937809,1133861,0,0,0,25071670
101346,15/05/2016,2016,5,G003,TELEFÓNICA,C0422,MOVISTAR,"PEGASO PCS, S.A. DE C.V.",24048301,1130716,0,0,0,25179017
101346,15/06/2016,2016,6,G003,TELEFÓNICA,C0422,MOVISTAR,"PEGASO PCS, S.A. DE C.V.",24223640,1126267,0,0,0,25349907
101346,15/07/2016,2016,7,G003,TELEFÓNICA,C0422,MOVISTAR,"PEGASO PCS, S.A. DE C.V.",24413524,1130123,0,0,0,25543647
101346,15/08/2016,2016,8,G003,TELEFÓNICA,C0422,MOVISTAR,"PEGASO PCS, S.A. DE C.V.",24266626,1153005,0,0,0,25419631
101346,15/09/2016,2016,9,G003,TELEFÓNICA,C0422,MOVISTAR,"PEGASO PCS, S.A. DE C.V.",24230564,1191210,0,0,0,25421774
101346,15/10/2016,2016,10,G003,TELEFÓNICA,C0422,MOVISTAR,"PEGASO PCS, S.A. DE C.V.",24312628,1236270,0,0,0,25548898
101346,15/11/2016,2016,11,G003,TELEFÓNICA,C0422,MOVISTAR,"PEGASO PCS, S.A. DE C.V.",24540524,1254096,0,0,0,25794620
101346,15/12/2016,2016,12,G003,TELEFÓNICA,C0422,MOVISTAR,"PEGASO PCS, S.A. DE C.V.",24778763,1276769,0,0,0,26055532
101346,15/01/2017,2017,1,G003,TELEFÓNICA,C0422,MOVISTAR,"PEGASO PCS, S.A. DE C.V.",25381241,1244197,0,0,0,26625438
101346,15/02/2017,2017,2,G003,TELEFÓNICA,C0422,MOVISTAR,"PEGASO PCS, S.A. DE C.V.",24982943,1296224,0,0,0,26279167
101346,15/03/2017,2017,3,G003,TELEFÓNICA,C0422,MOVISTAR,"PEGASO PCS, S.A. DE C.V.",24493702,1309730,0,0,0,25803432
101346,15/04/2017,2017,4,G003,TELEFÓNICA,C0422,MOVISTAR,"PEGASO PCS, S.A. DE C.V.",23760572,0,1244886,87120,0,25092578
101346,15/05/2017,2017,5,G003,TELEFÓNICA,C0422,MOVISTAR,"PEGASO PCS, S.A. DE C.V.",23747726,0,1262813,85978,0,25096517
101346,15/06/2017,2017,6,G003,TELEFÓNICA,C0422,MOVISTAR,"PEGASO PCS, S.A. DE C.V.",23374170,0,1277881,84740,0,24736791
101346,15/07/2017,2017,7,G003,TELEFÓNICA,C0422,MOVISTAR,"PEGASO PCS, S.A. DE C.V.",22904553,0,1311055,84393,0,24300001
101346,15/08/2017,2017,8,G003,TELEFÓNICA,C0422,MOVISTAR,"PEGASO PCS, S.A. DE C.V.",22661205,0,1337221,83298,0,24081724
101346,15/09/2017,2017,9,G003,TELEFÓNICA,C0422,MOVISTAR,"PEGASO PCS, S.A. DE C.V.",22533384,0,1374012,82691,0,23990087
101346,15/10/2017,2017,10,G003,TELEFÓNICA,C0422,MOVISTAR,"PEGASO PCS, S.A. DE C.V.",22487197,0,1412940,82052,0,23982189
101346,15/11/2017,2017,11,G003,TELEFÓNICA,C0422,MOVISTAR,"PEGASO PCS, S.A. DE C.V.",22624286,0,1450396,76540,0,24151222
101346,15/12/2017,2017,12,G003,TELEFÓNICA,C0422,MOVISTAR,"PEGASO PCS, S.A. DE C.V.",22947157,0,1495901,51773,0,24494831
101346,15/01/2018,2018,1,G003,TELEFÓNICA,C0422,MOVISTAR,"PEGASO PCS, S.A. DE C.V.",23105390,0,1280139,48042,0,24433571
101346,15/02/2018,2018,2,G003,TELEFÓNICA,C0422,MOVISTAR,"PEGASO PCS, S.A. DE C.V.",23259274,0,1284959,47495,0,24591728
101346,15/03/2018,2018,3,G003,TELEFÓNICA,C0422,MOVISTAR,"PEGASO PCS, S.A. DE C.V.",23067263,0,1301837,46500,0,24415600
101346,15/04/2018,2018,4,G003,TELEFÓNICA,C0422,MOVISTAR,"PEGASO PCS, S.A. DE C.V.",23127279,0,1323783,46331,0,24497393
101346,15/05/2018,2018,5,G003,TELEFÓNICA,C0422,MOVISTAR,"PEGASO PCS, S.A. DE C.V.",23160257,0,1503030,48900,0,24712187
101346,15/06/2018,2018,6,G003,TELEFÓNICA,C0422,MOVISTAR,"PEGASO PCS, S.A. DE C.V.",23253871,0,1320626,45748,0,24620245
101346,15/07/2018,2018,7,G003,TELEFÓNICA,C0422,MOVISTAR,"PEGASO PCS, S.A. DE C.V.",23542628,0,1300661,45826,0,24889115
101346,15/08/2018,2018,8,G003,TELEFÓNICA,C0422,MOVISTAR,"PEGASO PCS, S.A. DE C.V.",23881930,0,1280688,44572,0,25207190
101346,15/09/2018,2018,9,G003,TELEFÓNICA,C0422,MOVISTAR,"PEGASO PCS, S.A. DE C.V.",23334504,0,1265314,44666,0,24644484
101346,15/10/2018,2018,10,G003,TELEFÓNICA,C0422,MOVISTAR,"PEGASO PCS, S.A. DE C.V.",23481106,0,1250350,43667,0,24775123
101346,15/11/2018,2018,11,G003,TELEFÓNICA,C0422,MOVISTAR,"PEGASO PCS, S.A. DE C.V.",23863026,0,1262972,43033,0,25169031
101346,15/12/2018,2018,12,G003,TELEFÓNICA,C0422,MOVISTAR,"PEGASO PCS, S.A. DE C.V.",24165228,0,1294733,42124,0,25502085
101346,15/01/2019,2019,1,G003,TELEFÓNICA,C0422,MOVISTAR,"PEGASO PCS, S.A. DE C.V.",24059528,0,1293487,41467,0,25394482
101346,15/02/2019,2019,2,G003,TELEFÓNICA,C0422,MOVISTAR,"PEGASO PCS, S.A. DE C.V.",23890247,0,1289527,40932,0,25220706
101346,15/03/2019,2019,3,G003,TELEFÓNICA,C0422,MOVISTAR,"PEGASO PCS, S.A. DE C.V.",23342621,0,1293004,40548,0,24676173
101346,15/04/2019,2019,4,G003,TELEFÓNICA,C0422,MOVISTAR,"PEGASO PCS, S.A. DE C.V.",22534318,0,1294256,40162,0,23868736
101346,15/05/2019,2019,5,G003,TELEFÓNICA,C0422,MOVISTAR,"PEGASO PCS, S.A. DE C.V.",21557504,0,1337303,40134,0,22934941
101346,15/06/2019,2019,6,G003,TELEFÓNICA,C0422,MOVISTAR,"PEGASO PCS, S.A. DE C.V.",22087771,0,1349265,39468,0,23476504
101346,15/07/2019,2019,7,G003,TELEFÓNICA,C0422,MOVISTAR,"PEGASO PCS, S.A. DE C.V.",23502329,0,1358426,39566,0,24900321
101346,15/08/2019,2019,8,G003,TELEFÓNICA,C0422,MOVISTAR,"PEGASO PCS, S.A. DE C.V.",24134196,0,1370369,39281,0,25543846
101346,15/09/2019,2019,9,G003,TELEFÓNICA,C0422,MOVISTAR,"PEGASO PCS, S.A. DE C.V.",24539552,0,1384540,38823,0,25962915
101346,15/10/2019,2019,10,G003,TELEFÓNICA,C0422,MOVISTAR,"PEGASO PCS, S.A. DE C.V.",24197987,0,1397708,37782,0,25633477
101346,15/11/2019,2019,11,G003,TELEFÓNICA,C0422,MOVISTAR,"PEGASO PCS, S.A. DE C.V.",23898669,0,1427346,37565,0,25363580
101346,15/12/2019,2019,12,G003,TELEFÓNICA,C0422,MOVISTAR,"PEGASO PCS, S.A. DE C.V.",23678730,0,1459851,36805,0,25175386
101346,15/01/2020,2020,1,G003,TELEFÓNICA,C0422,MOVISTAR,"PEGASO PCS, S.A. DE C.V.",23486294,0,1472768,36173,0,24995235
101346,15/02/2020,2020,2,G003,TELEFÓNICA,C0422,MOVISTAR,"PEGASO PCS, S.A. DE C.V.",23388516,0,1482871,35088,0,24906475
101346,15/03/2020,2020,3,G003,TELEFÓNICA,C0422,MOVISTAR,"PEGASO PCS, S.A. DE C.V.",23224597,0,1487700,34230,0,24746527
101346,15/04/2020,2020,4,G003,TELEFÓNICA,C0422,MOVISTAR,"PEGASO PCS, S.A. DE C.V.",23258842,0,1474880,33285,0,24767007
101346,15/05/2020,2020,5,G003,TELEFÓNICA,C0422,MOVISTAR,"PEGASO PCS, S.A. DE C.V.",23269896,0,1463707,32609,0,24766212
101346,15/06/2020,2020,6,G003,TELEFÓNICA,C0422,MOVISTAR,"PEGASO PCS, S.A. DE C.V.",23091438,0,1459992,32075,0,24583505
101346,15/07/2020,2020,7,G003,TELEFÓNICA,C0422,MOVISTAR,"PEGASO PCS, S.A. DE C.V.",23029138,0,1445477,31530,0,24506145
101346,15/08/2020,2020,8,G003,TELEFÓNICA,C0422,MOVISTAR,"PEGASO PCS, S.A. DE C.V.",22885189,0,1450238,30928,0,24366355
101346,15/09/2020,2020,9,G003,TELEFÓNICA,C0422,MOVISTAR,"PEGASO PCS, S.A. DE C.V.",22834376,0,1457170,30419,0,24321965
101346,15/10/2020,2020,10,G003,TELEFÓNICA,C0422,MOVISTAR,"PEGASO PCS, S.A. DE C.V.",22764620,0,1466570,29987,0,24261177
101346,15/11/2020,2020,11,G003,TELEFÓNICA,C0422,MOVISTAR,"PEGASO PCS, S.A. DE C.V.",23000167,0,1476623,29841,0,24506631
101346,15/12/2020,2020,12,G003,TELEFÓNICA,C0422,MOVISTAR,"PEGASO PCS, S.A. DE C.V.",23440106,0,1494574,29368,0,24964048
101346,15/01/2021,2021,1,G003,TELEFÓNICA,C0422,MOVISTAR,"PEGASO PCS, S.A. DE C.V.",23593453,0,1496155,29134,0,25118742
101346,15/02/2021,2021,2,G003,TELEFÓNICA,C0422,MOVISTAR,"PEGASO PCS, S.A. DE C.V.",23618507,0,1500971,28733,0,25148211
101346,15/03/2021,2021,3,G003,TELEFÓNICA,C0422,MOVISTAR,"PEGASO PCS, S.A. DE C.V.",23225332,0,1515758,28190,0,24769280
101346,15/04/2021,2021,4,G003,TELEFÓNICA,C0422,MOVISTAR,"PEGASO PCS, S.A. DE C.V.",23242173,0,1530418,27765,0,24800356
101346,15/05/2021,2021,5,G003,TELEFÓNICA,C0422,MOVISTAR,"PEGASO PCS, S.A. DE C.V.",23067333,0,1545922,27427,0,24640682
101346,15/06/2021,2021,6,G003,TELEFÓNICA,C0422,MOVISTAR,"PEGASO PCS, S.A. DE C.V.",23080730,0,1566590,27034,0,24674354
101346,15/07/2021,2021,7,G003,TELEFÓNICA,C0422,MOVISTAR,"PEGASO PCS, S.A. DE C.V.",22452049,0,1594518,26814,0,24073381
101346,15/08/2021,2021,8,G003,TELEFÓNICA,C0422,MOVISTAR,"PEGASO PCS, S.A. DE C.V.",21870923,0,1616181,26479,0,23513583
101346,15/09/2021,2021,9,G003,TELEFÓNICA,C0422,MOVISTAR,"PEGASO PCS, S.A. DE C.V.",21384850,0,1627063,25892,0,23037805
101346,15/10/2021,2021,10,G003,TELEFÓNICA,C0422,MOVISTAR,"PEGASO PCS, S.A. DE C.V.",21412941,0,1659290,24977,0,23097208
101346,15/11/2021,2021,11,G003,TELEFÓNICA,C0422,MOVISTAR,"PEGASO PCS, S.A. DE C.V.",21416554,0,1696241,24783,0,23137578
101346,15/12/2021,2021,12,G003,TELEFÓNICA,C0422,MOVISTAR,"PEGASO PCS, S.A. DE C.V.",21210323,0,1718772,24606,0,22953701
101346,15/01/2022,2022,1,G003,TELEFÓNICA,C0422,MOVISTAR,"PEGASO PCS, S.A. DE C.V.",20901103,0,1748482,24439,0,22674024
101346,15/02/2022,2022,2,G003,TELEFÓNICA,C0422,MOVISTAR,"PEGASO PCS, S.A. DE C.V.",20739939,0,1776554,24364,0,22540857
101346,15/03/2022,2022,3,G003,TELEFÓNICA,C0422,MOVISTAR,"PEGASO PCS, S.A. DE C.V.",20428027,0,1805118,24364,0,22257509
101346,15/04/2022,2022,4,G003,TELEFÓNICA,C0422,MOVISTAR,"PEGASO PCS, S.A. DE C.V.",20398033,0,1813872,24234,0,22236139
101346,15/05/2022,2022,5,G003,TELEFÓNICA,C0422,MOVISTAR,"PEGASO PCS, S.A. DE C.V.",20390661,0,1834465,23833,0,22248959
101346,15/06/2022,2022,6,G003,TELEFÓNICA,C0422,MOVISTAR,"PEGASO PCS, S.A. DE C.V.",20354863,0,1850555,23802,0,22229220
101346,15/07/2022,2022,7,G003,TELEFÓNICA,C0422,MOVISTAR,"PEGASO PCS, S.A. DE C.V.",20191882,0,1874651,23442,0,22089975
101346,15/08/2022,2022,8,G003,TELEFÓNICA,C0422,MOVISTAR,"PEGASO PCS, S.A. DE C.V.",20081907,0,1898540,23102,0,22003549
101346,15/09/2022,2022,9,G003,TELEFÓNICA,C0422,MOVISTAR,"PEGASO PCS, S.A. DE C.V.",19974263,0,1911005,22736,0,21908004
101346,15/10/2022,2022,10,G003,TELEFÓNICA,C0422,MOVISTAR,"PEGASO PCS, S.A. DE C.V.",20112311,0,1929115,22614,0,22064040
101346,15/11/2022,2022,11,G003,TELEFÓNICA,C0422,MOVISTAR,"PEGASO PCS, S.A. DE C.V.",20161829,0,1967078,22284,0,22151191
101346,15/12/2022,2022,12,G003,TELEFÓNICA,C0422,MOVISTAR,"PEGASO PCS, S.A. DE C.V.",20276602,0,1997049,21944,0,22295595
101346,15/01/2023,2023,1,G003,TELEFÓNICA,C0422,MOVISTAR,"PEGASO PCS, S.A. DE C.V.",19993328,0,2023700,21769,0,22038797
101346,15/02/2023,2023,2,G003,TELEFÓNICA,C0422,MOVISTAR,"PEGASO PCS, S.A. DE C.V.",19895730,0,2034365,21640,0,21951735
101346,15/03/2023,2023,3,G003,TELEFÓNICA,C0422,MOVISTAR,"PEGASO PCS, S.A. DE C.V.",19877683,0,2070235,21505,0,21969423
101346,15/04/2023,2023,4,G003,TELEFÓNICA,C0422,MOVISTAR,"PEGASO PCS, S.A. DE C.V.",19922788,0,2096716,21460,0,22040964
101346,15/05/2023,2023,5,G003,TELEFÓNICA,C0422,MOVISTAR,"PEGASO PCS, S.A. DE C.V.",20069172,0,2132691,21377,0,22223240
101346,15/06/2023,2023,6,G003,TELEFÓNICA,C0422,MOVISTAR,"PEGASO PCS, S.A. DE C.V.",20251664,0,2178014,21374,0,22451052
101346,15/07/2023,2023,7,G003,TELEFÓNICA,C0422,MOVISTAR,"PEGASO PCS, S.A. DE C.V.",20363668,0,2220266,21215,0,22605149
101346,15/08/2023,2023,8,G003,TELEFÓNICA,C0422,MOVISTAR,"PEGASO PCS, S.A. DE C.V.",20171229,0,2271937,21250,0,22464416
101346,15/09/2023,2023,9,G003,TELEFÓNICA,C0422,MOVISTAR,"PEGASO PCS, S.A. DE C.V.",19946043,0,2308255,21032,0,22275330
101346,15/10/2023,2023,10,G003,TELEFÓNICA,C0422,MOVISTAR,"PEGASO PCS, S.A. DE C.V.",20170415,0,2350665,20862,0,22541942
101346,15/11/2023,2023,11,G003,TELEFÓNICA,C0422,MOVISTAR,"PEGASO PCS, S.A. DE C.V.",20021004,0,2360185,20789,0,22401978
101346,15/12/2023,2023,12,G003,TELEFÓNICA,C0422,MOVISTAR,"PEGASO PCS, S.A. DE C.V.",20109899,0,2397603,20581,0,22528083
101346,15/01/2024,2024,1,G003,TELEFÓNICA,C0422,MOVISTAR,"PEGASO PCS, S.A. DE C.V.",19784249,0,2474955,20482,0,22279686
101346,15/02/2024,2024,2,G003,TELEFÓNICA,C0422,MOVISTAR,"PEGASO PCS, S.A. DE C.V.",19390581,0,2486007,20342,0,21896930
101346,15/03/2024,2024,3,G003,TELEFÓNICA,C0422,MOVISTAR,"PEGASO PCS, S.A. DE C.V.",19419296,0,2519499,20160,0,21958955
101346,15/04/2024,2024,4,G003,TELEFÓNICA,C0422,MOVISTAR,"PEGASO PCS, S.A. DE C.V.",19842464,0,2551293,19967,0,22413724
101346,15/05/2024,2024,5,G003,TELEFÓNICA,C0422,MOVISTAR,"PEGASO PCS, S.A. DE C.V.",21135319,0,2584670,19953,0,23739942
101346,15/06/2024,2024,6,G003,TELEFÓNICA,C0422,MOVISTAR,"PEGASO PCS, S.A. DE C.V.",20347629,0,2613545,19752,0,22980926
101346,15/07/2024,2024,7,G003,TELEFÓNICA,C0422,MOVISTAR,"PEGASO PCS, S.A. DE C.V.",20337966,0,2542039,19432,0,22899437
101346,15/08/2024,2024,8,G003,TELEFÓNICA,C0422,MOVISTAR,"PEGASO PCS, S.A. DE C.V.",18549724,0,2509688,19333,0,21078745
101346,15/09/2024,2024,9,G003,TELEFÓNICA,C0422,MOVISTAR,"PEGASO PCS, S.A. DE C.V.",19086408,0,2506535,19307,0,21612250
101346,15/10/2024,2024,10,G003,TELEFÓNICA,C0422,MOVISTAR,"PEGASO PCS, S.A. DE C.V.",19123863,0,2520416,19252,0,21663531
101346,15/11/2024,2024,11,G003,TELEFÓNICA,C0422,MOVISTAR,"PEGASO PCS, S.A. DE C.V.",19198361,0,2527544,18964,0,21744869
101346,15/12/2024,2024,12,G003,TELEFÓNICA,C0422,MOVISTAR,"PEGASO PCS, S.A. DE C.V.",19062936,0,2546139,18817,0,21627892
102273,15/11/2016,2016,11,C584,GRUPO SALINAS,C0655,OUI,"TELECOMUNICACIONES 360, S.A. DE C.V.",2302,0,0,0,0,2302
102273,15/12/2016,2016,12,C584,GRUPO SALINAS,C0655,OUI,"TELECOMUNICACIONES 360, S.A. DE C.V.",4373,0,0,0,0,4373
102273,15/01/2017,2017,1,C584,GRUPO SALINAS,C0655,OUI,"TELECOMUNICACIONES 360, S.A. DE C.V.",13028,0,0,0,0,13028
102273,15/02/2017,2017,2,C584,GRUPO SALINAS,C0655,OUI,"TELECOMUNICACIONES 360, S.A. DE C.V.",21465,0,0,0,0,21465
102273,15/03/2017,2017,3,C584,GRUPO SALINAS,C0655,OUI,"TELECOMUNICACIONES 360, S.A. DE C.V.",30086,0,0,0,0,30086
102273,15/04/2017,2017,4,C584,GRUPO SALINAS,C0655,OUI,"TELECOMUNICACIONES 360, S.A. DE C.V.",37977,0,0,0,0,37977
102273,15/05/2017,2017,5,C584,GRUPO SALINAS,C0655,OUI,"TELECOMUNICACIONES 360, S.A. DE C.V.",46227,0,0,0,0,46227
102273,15/06/2017,2017,6,C584,GRUPO SALINAS,C0655,OUI,"TELECOMUNICACIONES 360, S.A. DE C.V.",55333,0,0,0,0,55333
102273,15/07/2017,2017,7,C584,GRUPO SALINAS,C0655,OUI,"TELECOMUNICACIONES 360, S.A. DE C.V.",80625,0,0,0,0,80625
102273,15/08/2017,2017,8,C584,GRUPO SALINAS,C0655,OUI,"TELECOMUNICACIONES 360, S.A. DE C.V.",95554,0,0,0,0,95554
102273,15/09/2017,2017,9,C584,GRUPO SALINAS,C0655,OUI,"TELECOMUNICACIONES 360, S.A. DE C.V.",108986,0,0,0,0,108986
102273,15/10/2017,2017,10,C584,GRUPO SALINAS,C0655,OUI,"TELECOMUNICACIONES 360, S.A. DE C.V.",123939,0,0,0,0,123939
102273,15/11/2017,2017,11,C584,GRUPO SALINAS,C0655,OUI,"TELECOMUNICACIONES 360, S.A. DE C.V.",138354,0,0,0,0,138354
102273,15/12/2017,2017,12,C584,GRUPO SALINAS,C0655,OUI,"TELECOMUNICACIONES 360, S.A. DE C.V.",156094,0,0,0,0,156094
102273,15/01/2018,2018,1,C584,GRUPO SALINAS,C0655,OUI,"TELECOMUNICACIONES 360, S.A. DE C.V.",170962,0,0,0,0,170962
102273,15/02/2018,2018,2,C584,GRUPO SALINAS,C0655,OUI,"TELECOMUNICACIONES 360, S.A. DE C.V.",184457,0,0,0,0,184457
102273,15/03/2018,2018,3,C584,GRUPO SALINAS,C0655,OUI,"TELECOMUNICACIONES 360, S.A. DE C.V.",201870,0,0,0,0,201870
102273,15/04/2018,2018,4,C584,GRUPO SALINAS,C0655,OUI,"TELECOMUNICACIONES 360, S.A. DE C.V.",220794,0,0,0,0,220794
102273,15/05/2018,2018,5,C584,GRUPO SALINAS,C0655,OUI,"TELECOMUNICACIONES 360, S.A. DE C.V.",239921,0,0,0,0,239921
102273,15/06/2018,2018,6,C584,GRUPO SALINAS,C0655,OUI,"TELECOMUNICACIONES 360, S.A. DE C.V.",258953,0,0,0,0,258953
102273,15/07/2018,2018,7,C584,GRUPO SALINAS,C0655,OUI,"TELECOMUNICACIONES 360, S.A. DE C.V.",280765,0,0,0,0,280765
102273,15/08/2018,2018,8,C584,GRUPO SALINAS,C0655,OUI,"TELECOMUNICACIONES 360, S.A. DE C.V.",300095,0,0,0,0,300095
102273,15/09/2018,2018,9,C584,GRUPO SALINAS,C0655,OUI,"TELECOMUNICACIONES 360, S.A. DE C.V.",320940,0,0,0,0,320940
102273,15/10/2018,2018,10,C584,GRUPO SALINAS,C0655,OUI,"TELECOMUNICACIONES 360, S.A. DE C.V.",283072,0,0,0,0,283072
102273,15/11/2018,2018,11,C584,GRUPO SALINAS,C0655,OUI,"TELECOMUNICACIONES 360, S.A. DE C.V.",304913,0,0,0,0,304913
102273,15/12/2018,2018,12,C584,GRUPO SALINAS,C0655,OUI,"TELECOMUNICACIONES 360, S.A. DE C.V.",328855,0,0,0,0,328855
102273,15/01/2019,2019,1,C584,GRUPO SALINAS,C0655,OUI,"TELECOMUNICACIONES 360, S.A. DE C.V.",349220,0,0,0,0,349220
102273,15/02/2019,2019,2,C584,GRUPO SALINAS,C0655,OUI,"TELECOMUNICACIONES 360, S.A. DE C.V.",368683,0,0,0,0,368683
102273,15/03/2019,2019,3,C584,GRUPO SALINAS,C0655,OUI,"TELECOMUNICACIONES 360, S.A. DE C.V.",388145,0,0,0,0,388145
102273,15/04/2019,2019,4,C584,GRUPO SALINAS,C0655,OUI,"TELECOMUNICACIONES 360, S.A. DE C.V.",404929,0,0,0,0,404929
102273,15/05/2019,2019,5,C584,GRUPO SALINAS,C0655,OUI,"TELECOMUNICACIONES 360, S.A. DE C.V.",420767,0,0,0,0,420767
102273,15/06/2019,2019,6,C584,GRUPO SALINAS,C0655,OUI,"TELECOMUNICACIONES 360, S.A. DE C.V.",421629,0,0,0,0,421629
102273,15/07/2019,2019,7,C584,GRUPO SALINAS,C0655,OUI,"TELECOMUNICACIONES 360, S.A. DE C.V.",436277,0,0,0,0,436277
102273,15/08/2019,2019,8,C584,GRUPO SALINAS,C0655,OUI,"TELECOMUNICACIONES 360, S.A. DE C.V.",455663,0,0,0,0,455663
102273,15/09/2019,2019,9,C584,GRUPO SALINAS,C0655,OUI,"TELECOMUNICACIONES 360, S.A. DE C.V.",480194,0,0,0,0,480194
102273,15/10/2019,2019,10,C584,GRUPO SALINAS,C0655,OUI,"TELECOMUNICACIONES 360, S.A. DE C.V.",499575,0,0,0,0,499575
102273,15/11/2019,2019,11,C584,GRUPO SALINAS,C0655,OUI,"TELECOMUNICACIONES 360, S.A. DE C.V.",541933,0,0,0,0,541933
102273,15/12/2019,2019,12,C584,GRUPO SALINAS,C0655,OUI,"TELECOMUNICACIONES 360, S.A. DE C.V.",581869,0,0,0,0,581869
102273,15/01/2020,2020,1,C584,GRUPO SALINAS,C0655,OUI,"TELECOMUNICACIONES 360, S.A. DE C.V.",607141,0,0,0,0,607141
102273,15/02/2020,2020,2,C584,GRUPO SALINAS,C0655,OUI,"TELECOMUNICACIONES 360, S.A. DE C.V.",629665,0,0,0,0,629665
102273,15/03/2020,2020,3,C584,GRUPO SALINAS,C0655,OUI,"TELECOMUNICACIONES 360, S.A. DE C.V.",651077,0,0,0,0,651077
102273,15/04/2020,2020,4,C584,GRUPO SALINAS,C0655,OUI,"TELECOMUNICACIONES 360, S.A. DE C.V.",638156,0,0,0,0,638156
102273,15/05/2020,2020,5,C584,GRUPO SALINAS,C0655,OUI,"TELECOMUNICACIONES 360, S.A. DE C.V.",661260,0,0,0,0,661260
102273,15/06/2020,2020,6,C584,GRUPO SALINAS,C0655,OUI,"TELECOMUNICACIONES 360, S.A. DE C.V.",662466,0,0,0,0,662466
102273,15/07/2020,2020,7,C584,GRUPO SALINAS,C0655,OUI,"TELECOMUNICACIONES 360, S.A. DE C.V.",689435,0,0,0,0,689435
102273,15/08/2020,2020,8,C584,GRUPO SALINAS,C0655,OUI,"TELECOMUNICACIONES 360, S.A. DE C.V.",720120,0,0,0,0,720120
102273,15/09/2020,2020,9,C584,GRUPO SALINAS,C0655,OUI,"TELECOMUNICACIONES 360, S.A. DE C.V.",747955,0,0,0,0,747955
102273,15/10/2020,2020,10,C584,GRUPO SALINAS,C0655,OUI,"TELECOMUNICACIONES 360, S.A. DE C.V.",775453,0,0,0,0,775453
102273,15/11/2020,2020,11,C584,GRUPO SALINAS,C0655,OUI,"TELECOMUNICACIONES 360, S.A. DE C.V.",834014,0,0,0,0,834014
102273,15/12/2020,2020,12,C584,GRUPO SALINAS,C0655,OUI,"TELECOMUNICACIONES 360, S.A. DE C.V.",704241,0,0,0,0,704241
102273,15/01/2021,2021,1,C584,GRUPO SALINAS,C0655,OUI,"TELECOMUNICACIONES 360, S.A. DE C.V.",590042,0,0,0,0,590042
102273,15/02/2021,2021,2,C584,GRUPO SALINAS,C0655,OUI,"TELECOMUNICACIONES 360, S.A. DE C.V.",594617,0,0,0,0,594617
102273,15/03/2021,2021,3,C584,GRUPO SALINAS,C0655,OUI,"TELECOMUNICACIONES 360, S.A. DE C.V.",593911,0,0,0,0,593911
102273,15/04/2021,2021,4,C584,GRUPO SALINAS,C0655,OUI,"TELECOMUNICACIONES 360, S.A. DE C.V.",592288,0,0,0,0,592288
102273,15/05/2021,2021,5,C584,GRUPO SALINAS,C0655,OUI,"TELECOMUNICACIONES 360, S.A. DE C.V.",591023,0,0,0,0,591023
102273,15/06/2021,2021,6,C584,GRUPO SALINAS,C0655,OUI,"TELECOMUNICACIONES 360, S.A. DE C.V.",587956,0,0,0,0,587956
102273,15/07/2021,2021,7,C584,GRUPO SALINAS,C0655,OUI,"TELECOMUNICACIONES 360, S.A. DE C.V.",627981,0,0,0,0,627981
102273,15/08/2021,2021,8,C584,GRUPO SALINAS,C0655,OUI,"TELECOMUNICACIONES 360, S.A. DE C.V.",625186,0,0,0,0,625186
102273,15/09/2021,2021,9,C584,GRUPO SALINAS,C0655,OUI,"TELECOMUNICACIONES 360, S.A. DE C.V.",622950,0,0,0,0,622950
102273,15/10/2021,2021,10,C584,GRUPO SALINAS,C0655,OUI,"TELECOMUNICACIONES 360, S.A. DE C.V.",619682,0,0,0,0,619682
102273,15/11/2021,2021,11,C584,GRUPO SALINAS,C0655,OUI,"TELECOMUNICACIONES 360, S.A. DE C.V.",618735,0,0,0,0,618735
102273,15/12/2021,2021,12,C584,GRUPO SALINAS,C0655,OUI,"TELECOMUNICACIONES 360, S.A. DE C.V.",617580,0,0,0,0,617580
102273,15/01/2022,2022,1,C584,GRUPO SALINAS,C0655,OUI,"TELECOMUNICACIONES 360, S.A. DE C.V.",628829,0,0,0,0,628829
102273,15/02/2022,2022,2,C584,GRUPO SALINAS,C0655,OUI,"TELECOMUNICACIONES 360, S.A. DE C.V.",649045,0,0,0,0,649045
102273,15/03/2022,2022,3,C584,GRUPO SALINAS,C0655,OUI,"TELECOMUNICACIONES 360, S.A. DE C.V.",675630,0,0,0,0,675630
102273,15/04/2022,2022,4,C584,GRUPO SALINAS,C0655,OUI,"TELECOMUNICACIONES 360, S.A. DE C.V.",698010,0,0,0,0,698010
102273,15/05/2022,2022,5,C584,GRUPO SALINAS,C0655,OUI,"TELECOMUNICACIONES 360, S.A. DE C.V.",720324,0,0,0,0,720324
102273,15/06/2022,2022,6,C584,GRUPO SALINAS,C0655,OUI,"TELECOMUNICACIONES 360, S.A. DE C.V.",738823,0,0,0,0,738823
102273,15/07/2022,2022,7,C584,GRUPO SALINAS,C0655,OUI,"TELECOMUNICACIONES 360, S.A. DE C.V.",747230,0,0,0,0,747230
102273,15/08/2022,2022,8,C584,GRUPO SALINAS,C0655,OUI,"TELECOMUNICACIONES 360, S.A. DE C.V.",764969,0,0,0,0,764969
102273,15/09/2022,2022,9,C584,GRUPO SALINAS,C0655,OUI,"TELECOMUNICACIONES 360, S.A. DE C.V.",788076,0,0,0,0,788076
102273,15/10/2022,2022,10,C584,GRUPO SALINAS,C0655,OUI,"TELECOMUNICACIONES 360, S.A. DE C.V.",808530,0,0,0,0,808530
102273,15/11/2022,2022,11,C584,GRUPO SALINAS,C0655,OUI,"TELECOMUNICACIONES 360, S.A. DE C.V.",822309,0,0,0,0,822309
102273,15/12/2022,2022,12,C584,GRUPO SALINAS,C0655,OUI,"TELECOMUNICACIONES 360, S.A. DE C.V.",773191,0,0,0,0,773191
102273,15/01/2023,2023,1,C584,GRUPO SALINAS,C0655,OUI,"TELECOMUNICACIONES 360, S.A. DE C.V.",771218,0,0,0,0,771218
102273,15/02/2023,2023,2,C584,GRUPO SALINAS,C0655,OUI,"TELECOMUNICACIONES 360, S.A. DE C.V.",757484,0,0,0,0,757484
102273,15/03/2023,2023,3,C584,GRUPO SALINAS,C0655,OUI,"TELECOMUNICACIONES 360, S.A. DE C.V.",764379,0,0,0,0,764379
102273,15/04/2023,2023,4,C584,GRUPO SALINAS,C0655,OUI,"TELECOMUNICACIONES 360, S.A. DE C.V.",764301,0,0,0,0,764301
102273,15/05/2023,2023,5,C584,GRUPO SALINAS,C0655,OUI,"TELECOMUNICACIONES 360, S.A. DE C.V.",771879,0,0,0,0,771879
102273,15/06/2023,2023,6,C584,GRUPO SALINAS,C0655,OUI,"TELECOMUNICACIONES 360, S.A. DE C.V.",774989,0,0,0,0,774989
102273,15/07/2023,2023,7,C584,GRUPO SALINAS,C0655,OUI,"TELECOMUNICACIONES 360, S.A. DE C.V.",782011,0,0,0,0,782011
102273,15/08/2023,2023,8,C584,GRUPO SALINAS,C0655,OUI,"TELECOMUNICACIONES 360, S.A. DE C.V.",789664,0,0,0,0,789664
102273,15/09/2023,2023,9,C584,GRUPO SALINAS,C0655,OUI,"TELECOMUNICACIONES 360, S.A. DE C.V.",798423,0,0,0,0,798423
102273,15/10/2023,2023,10,C584,GRUPO SALINAS,C0655,OUI,"TELECOMUNICACIONES 360, S.A. DE C.V.",807077,0,0,0,0,807077
102273,15/11/2023,2023,11,C584,GRUPO SALINAS,C0655,OUI,"TELECOMUNICACIONES 360, S.A. DE C.V.",819517,0,0,0,0,819517
102273,15/12/2023,2023,12,C584,GRUPO SALINAS,C0655,OUI,"TELECOMUNICACIONES 360, S.A. DE C.V.",824230,0,0,0,0,824230
102273,15/01/2024,2024,1,C584,GRUPO SALINAS,C0655,OUI,"TELECOMUNICACIONES 360, S.A. DE C.V.",828117,0,0,0,0,828117
102273,15/02/2024,2024,2,C584,GRUPO SALINAS,C0655,OUI,"TELECOMUNICACIONES 360, S.A. DE C.V.",832230,0,0,0,0,832230
102273,15/03/2024,2024,3,C584,GRUPO SALINAS,C0655,OUI,"TELECOMUNICACIONES 360, S.A. DE C.V.",835497,0,0,0,0,835497
102273,15/04/2024,2024,4,C584,GRUPO SALINAS,C0655,OUI,"TELECOMUNICACIONES 360, S.A. DE C.V.",839286,0,0,0,0,839286
102273,15/05/2024,2024,5,C584,GRUPO SALINAS,C0655,OUI,"TELECOMUNICACIONES 360, S.A. DE C.V.",845920,0,0,0,0,845920
102273,15/06/2024,2024,6,C584,GRUPO SALINAS,C0655,OUI,"TELECOMUNICACIONES 360, S.A. DE C.V.",852082,0,0,0,0,852082
102273,15/07/2024,2024,7,C584,GRUPO SALINAS,C0655,OUI,"TELECOMUNICACIONES 360, S.A. DE C.V.",857159,0,0,0,0,857159
102273,15/08/2024,2024,8,C584,GRUPO SALINAS,C0655,OUI,"TELECOMUNICACIONES 360, S.A. DE C.V.",865341,0,0,0,0,865341
102273,15/09/2024,2024,9,C584,GRUPO SALINAS,C0655,OUI,"TELECOMUNICACIONES 360, S.A. DE C.V.",873752,0,0,0,0,873752
102273,15/10/2024,2024,10,C584,GRUPO SALINAS,C0655,OUI,"TELECOMUNICACIONES 360, S.A. DE C.V.",795133,0,0,0,0,795133
102273,15/11/2024,2024,11,C584,GRUPO SALINAS,C0655,OUI,"TELECOMUNICACIONES 360, S.A. DE C.V.",814406,0,0,0,0,814406
102273,15/12/2024,2024,12,C584,GRUPO SALINAS,C0655,OUI,"TELECOMUNICACIONES 360, S.A. DE C.V.",830090,0,0,0,0,830090
102902,15/01/2021,2021,1,C410,OMETEL,C0410,OMETEL,"OME TEL, S.A. DE C.V.",0,0,0,0,5492,5492
102902,15/02/2021,2021,2,C410,OMETEL,C0410,OMETEL,"OME TEL, S.A. DE C.V.",0,0,0,0,5756,5756
102902,15/03/2021,2021,3,C410,OMETEL,C0410,OMETEL,"OME TEL, S.A. DE C.V.",0,0,0,0,6206,6206
102902,15/04/2021,2021,4,C410,OMETEL,C0410,OMETEL,"OME TEL, S.A. DE C.V.",0,0,0,0,6599,6599
102902,15/05/2021,2021,5,C410,OMETEL,C0410,OMETEL,"OME TEL, S.A. DE C.V.",0,0,0,0,7225,7225
102902,15/06/2021,2021,6,C410,OMETEL,C0410,OMETEL,"OME TEL, S.A. DE C.V.",0,0,0,0,7859,7859
102902,15/07/2021,2021,7,C410,OMETEL,C0410,OMETEL,"OME TEL, S.A. DE C.V.",0,0,0,0,8431,8431
102902,15/08/2021,2021,8,C410,OMETEL,C0410,OMETEL,"OME TEL, S.A. DE C.V.",0,0,0,0,9270,9270
102902,15/09/2021,2021,9,C410,OMETEL,C0410,OMETEL,"OME TEL, S.A. DE C.V.",0,0,0,0,8952,8952
102902,15/10/2021,2021,10,C410,OMETEL,C0410,OMETEL,"OME TEL, S.A. DE C.V.",0,0,0,0,9249,9249
102902,15/11/2021,2021,11,C410,OMETEL,C0410,OMETEL,"OME TEL, S.A. DE C.V.",0,0,0,0,9364,9364
102902,15/12/2021,2021,12,C410,OMETEL,C0410,OMETEL,"OME TEL, S.A. DE C.V.",0,0,0,0,9254,9254
103357,15/09/2014,2014,9,C106,CIERTO,C0106,TELIGENTIA,"TELIGENTIA, S.A. DE C.V.",3868,0,0,0,0,3868
103357,15/10/2014,2014,10,C106,CIERTO,C0106,TELIGENTIA,"TELIGENTIA, S.A. DE C.V.",6291,0,0,0,0,6291
103357,15/11/2014,2014,11,C106,CIERTO,C0106,TELIGENTIA,"TELIGENTIA, S.A. DE C.V.",7070,0,0,0,0,7070
103357,15/12/2014,2014,12,C106,CIERTO,C0106,TELIGENTIA,"TELIGENTIA, S.A. DE C.V.",11814,0,0,0,0,11814
103357,15/01/2015,2015,1,C106,CIERTO,C0106,TELIGENTIA,"TELIGENTIA, S.A. DE C.V.",22954,0,0,0,0,22954
103357,15/02/2015,2015,2,C106,CIERTO,C0106,TELIGENTIA,"TELIGENTIA, S.A. DE C.V.",16264,0,0,0,0,16264
103357,15/03/2015,2015,3,C106,CIERTO,C0106,TELIGENTIA,"TELIGENTIA, S.A. DE C.V.",14253,0,0,0,0,14253
103357,15/04/2015,2015,4,C106,CIERTO,C0106,TELIGENTIA,"TELIGENTIA, S.A. DE C.V.",16214,0,0,0,0,16214
103357,15/05/2015,2015,5,C106,CIERTO,C0106,TELIGENTIA,"TELIGENTIA, S.A. DE C.V.",16817,0,0,0,0,16817
103357,15/06/2015,2015,6,C106,CIERTO,C0106,TELIGENTIA,"TELIGENTIA, S.A. DE C.V.",20960,0,0,0,0,20960
103357,15/07/2015,2015,7,C106,CIERTO,C0106,TELIGENTIA,"TELIGENTIA, S.A. DE C.V.",22512,0,0,0,0,22512
103357,15/08/2015,2015,8,C106,CIERTO,C0106,TELIGENTIA,"TELIGENTIA, S.A. DE C.V.",27178,0,0,0,0,27178
103357,15/09/2015,2015,9,C106,CIERTO,C0106,TELIGENTIA,"TELIGENTIA, S.A. DE C.V.",27677,0,0,0,0,27677
103357,15/10/2015,2015,10,C106,CIERTO,C0106,TELIGENTIA,"TELIGENTIA, S.A. DE C.V.",19293,0,0,0,0,19293
103357,15/11/2015,2015,11,C106,CIERTO,C0106,TELIGENTIA,"TELIGENTIA, S.A. DE C.V.",17323,0,0,0,0,17323
103357,15/12/2015,2015,12,C106,CIERTO,C0106,TELIGENTIA,"TELIGENTIA, S.A. DE C.V.",16468,0,0,0,0,16468
103357,15/01/2016,2016,1,C106,CIERTO,C0106,TELIGENTIA,"TELIGENTIA, S.A. DE C.V.",14935,0,0,0,0,14935
103357,15/02/2016,2016,2,C106,CIERTO,C0106,TELIGENTIA,"TELIGENTIA, S.A. DE C.V.",13636,0,0,0,0,13636
103357,15/03/2016,2016,3,C106,CIERTO,C0106,TELIGENTIA,"TELIGENTIA, S.A. DE C.V.",13272,0,0,0,0,13272
103357,15/04/2016,2016,4,C106,CIERTO,C0106,TELIGENTIA,"TELIGENTIA, S.A. DE C.V.",11985,0,0,0,0,11985
103357,15/05/2016,2016,5,C106,CIERTO,C0106,TELIGENTIA,"TELIGENTIA, S.A. DE C.V.",10711,0,0,0,0,10711
103357,15/06/2016,2016,6,C106,CIERTO,C0106,TELIGENTIA,"TELIGENTIA, S.A. DE C.V.",10005,0,0,0,0,10005
103357,15/07/2016,2016,7,C106,CIERTO,C0106,TELIGENTIA,"TELIGENTIA, S.A. DE C.V.",10403,0,0,0,0,10403
103357,15/08/2016,2016,8,C106,CIERTO,C0106,TELIGENTIA,"TELIGENTIA, S.A. DE C.V.",8600,0,0,0,0,8600
103357,15/09/2016,2016,9,C106,CIERTO,C0106,TELIGENTIA,"TELIGENTIA, S.A. DE C.V.",11188,0,0,0,0,11188
103357,15/10/2016,2016,10,C106,CIERTO,C0106,TELIGENTIA,"TELIGENTIA, S.A. DE C.V.",7996,0,0,0,0,7996
103357,15/11/2016,2016,11,C106,CIERTO,C0106,TELIGENTIA,"TELIGENTIA, S.A. DE C.V.",8495,0,0,0,0,8495
103357,15/12/2016,2016,12,C106,CIERTO,C0106,TELIGENTIA,"TELIGENTIA, S.A. DE C.V.",8203,0,0,0,0,8203
103357,15/01/2017,2017,1,C106,CIERTO,C0106,TELIGENTIA,"TELIGENTIA, S.A. DE C.V.",8293,0,0,0,0,8293
103357,15/02/2017,2017,2,C106,CIERTO,C0106,TELIGENTIA,"TELIGENTIA, S.A. DE C.V.",8493,0,0,0,0,8493
103357,15/03/2017,2017,3,C106,CIERTO,C0106,TELIGENTIA,"TELIGENTIA, S.A. DE C.V.",15408,0,0,0,0,15408
103357,15/04/2017,2017,4,C106,CIERTO,C0106,TELIGENTIA,"TELIGENTIA, S.A. DE C.V.",16145,0,0,0,0,16145
103357,15/05/2017,2017,5,C106,CIERTO,C0106,TELIGENTIA,"TELIGENTIA, S.A. DE C.V.",15629,0,0,0,0,15629
103357,15/06/2017,2017,6,C106,CIERTO,C0106,TELIGENTIA,"TELIGENTIA, S.A. DE C.V.",14941,0,0,0,0,14941
103357,15/07/2017,2017,7,C106,CIERTO,C0106,TELIGENTIA,"TELIGENTIA, S.A. DE C.V.",14095,0,0,0,0,14095
103357,15/08/2017,2017,8,C106,CIERTO,C0106,TELIGENTIA,"TELIGENTIA, S.A. DE C.V.",14456,0,0,0,0,14456
103357,15/09/2017,2017,9,C106,CIERTO,C0106,TELIGENTIA,"TELIGENTIA, S.A. DE C.V.",14294,0,0,0,0,14294
103357,15/10/2017,2017,10,C106,CIERTO,C0106,TELIGENTIA,"TELIGENTIA, S.A. DE C.V.",14868,0,0,0,0,14868
103357,15/11/2017,2017,11,C106,CIERTO,C0106,TELIGENTIA,"TELIGENTIA, S.A. DE C.V.",15304,0,0,0,0,15304
103357,15/12/2017,2017,12,C106,CIERTO,C0106,TELIGENTIA,"TELIGENTIA, S.A. DE C.V.",15591,0,0,0,0,15591
103357,15/01/2018,2018,1,C106,CIERTO,C0106,TELIGENTIA,"TELIGENTIA, S.A. DE C.V.",16040,0,0,0,0,16040
103357,15/02/2018,2018,2,C106,CIERTO,C0106,TELIGENTIA,"TELIGENTIA, S.A. DE C.V.",16485,0,0,0,0,16485
103357,15/03/2018,2018,3,C106,CIERTO,C0106,TELIGENTIA,"TELIGENTIA, S.A. DE C.V.",16761,0,0,0,0,16761
103357,15/04/2018,2018,4,C106,CIERTO,C0106,TELIGENTIA,"TELIGENTIA, S.A. DE C.V.",16471,0,0,0,0,16471
103357,15/05/2018,2018,5,C106,CIERTO,C0106,TELIGENTIA,"TELIGENTIA, S.A. DE C.V.",15972,0,0,0,0,15972
103357,15/06/2018,2018,6,C106,CIERTO,C0106,TELIGENTIA,"TELIGENTIA, S.A. DE C.V.",15595,0,0,0,0,15595
103357,15/07/2018,2018,7,C106,CIERTO,C0106,TELIGENTIA,"TELIGENTIA, S.A. DE C.V.",17143,0,0,0,0,17143
103357,15/08/2018,2018,8,C106,CIERTO,C0106,TELIGENTIA,"TELIGENTIA, S.A. DE C.V.",17889,0,0,0,0,17889
103357,15/09/2018,2018,9,C106,CIERTO,C0106,TELIGENTIA,"TELIGENTIA, S.A. DE C.V.",18537,0,0,0,0,18537
103357,15/10/2018,2018,10,C106,CIERTO,C0106,TELIGENTIA,"TELIGENTIA, S.A. DE C.V.",18258,0,0,0,0,18258
103357,15/11/2018,2018,11,C106,CIERTO,C0106,TELIGENTIA,"TELIGENTIA, S.A. DE C.V.",17946,0,0,0,0,17946
103357,15/12/2018,2018,12,C106,CIERTO,C0106,TELIGENTIA,"TELIGENTIA, S.A. DE C.V.",17548,0,0,0,0,17548
103357,15/01/2019,2019,1,C106,CIERTO,C0106,TELIGENTIA,"TELIGENTIA, S.A. DE C.V.",14612,0,0,0,0,14612
103357,15/02/2019,2019,2,C106,CIERTO,C0106,TELIGENTIA,"TELIGENTIA, S.A. DE C.V.",12860,0,0,0,0,12860
103357,15/03/2019,2019,3,C106,CIERTO,C0106,TELIGENTIA,"TELIGENTIA, S.A. DE C.V.",8954,0,0,0,0,8954
103357,15/04/2019,2019,4,C106,CIERTO,C0106,TELIGENTIA,"TELIGENTIA, S.A. DE C.V.",7628,0,0,0,0,7628
103357,15/05/2019,2019,5,C106,CIERTO,C0106,TELIGENTIA,"TELIGENTIA, S.A. DE C.V.",7600,0,0,0,0,7600
103357,15/06/2019,2019,6,C106,CIERTO,C0106,TELIGENTIA,"TELIGENTIA, S.A. DE C.V.",7551,0,0,0,0,7551
103357,15/07/2019,2019,7,C106,CIERTO,C0106,TELIGENTIA,"TELIGENTIA, S.A. DE C.V.",7303,0,0,0,0,7303
103357,15/08/2019,2019,8,C106,CIERTO,C0106,TELIGENTIA,"TELIGENTIA, S.A. DE C.V.",7089,0,0,0,0,7089
103357,15/09/2019,2019,9,C106,CIERTO,C0106,TELIGENTIA,"TELIGENTIA, S.A. DE C.V.",6996,0,0,0,0,6996
103357,15/10/2019,2019,10,C106,CIERTO,C0106,TELIGENTIA,"TELIGENTIA, S.A. DE C.V.",8714,0,0,0,0,8714
103357,15/11/2019,2019,11,C106,CIERTO,C0106,TELIGENTIA,"TELIGENTIA, S.A. DE C.V.",8687,0,0,0,0,8687
103357,15/12/2019,2019,12,C106,CIERTO,C0106,TELIGENTIA,"TELIGENTIA, S.A. DE C.V.",9484,0,0,0,0,9484
103357,15/01/2020,2020,1,C106,CIERTO,C0106,TELIGENTIA,"TELIGENTIA, S.A. DE C.V.",10000,0,0,0,0,10000
103357,15/02/2020,2020,2,C106,CIERTO,C0106,TELIGENTIA,"TELIGENTIA, S.A. DE C.V.",11169,0,0,0,0,11169
103357,15/03/2020,2020,3,C106,CIERTO,C0106,TELIGENTIA,"TELIGENTIA, S.A. DE C.V.",11955,0,0,0,0,11955
103357,15/04/2020,2020,4,C106,CIERTO,C0106,TELIGENTIA,"TELIGENTIA, S.A. DE C.V.",10327,0,0,0,0,10327
103357,15/05/2020,2020,5,C106,CIERTO,C0106,TELIGENTIA,"TELIGENTIA, S.A. DE C.V.",9954,0,0,0,0,9954
103357,15/06/2020,2020,6,C106,CIERTO,C0106,TELIGENTIA,"TELIGENTIA, S.A. DE C.V.",10001,0,0,0,0,10001
103357,15/07/2020,2020,7,C106,CIERTO,C0106,TELIGENTIA,"TELIGENTIA, S.A. DE C.V.",6278,0,0,0,0,6278
103357,15/08/2020,2020,8,C106,CIERTO,C0106,TELIGENTIA,"TELIGENTIA, S.A. DE C.V.",6163,0,0,0,0,6163
103357,15/09/2020,2020,9,C106,CIERTO,C0106,TELIGENTIA,"TELIGENTIA, S.A. DE C.V.",6233,0,0,0,0,6233
104117,15/01/2013,2013,1,C400,NEXTEL,C0400,NEXTEL,"NII DIGITAL, S. DE R.L. DE C.V.",149264,3757509,0,0,0,3906773
104117,15/02/2013,2013,2,C400,NEXTEL,C0400,NEXTEL,"NII DIGITAL, S. DE R.L. DE C.V.",153554,3753522,0,0,0,3907076
104117,15/03/2013,2013,3,C400,NEXTEL,C0400,NEXTEL,"NII DIGITAL, S. DE R.L. DE C.V.",158183,3759253,0,0,0,3917436
104117,15/04/2013,2013,4,C400,NEXTEL,C0400,NEXTEL,"NII DIGITAL, S. DE R.L. DE C.V.",169266,3756270,0,0,0,3925536
104117,15/05/2013,2013,5,C400,NEXTEL,C0400,NEXTEL,"NII DIGITAL, S. DE R.L. DE C.V.",193745,3727733,0,0,0,3921478
104117,15/06/2013,2013,6,C400,NEXTEL,C0400,NEXTEL,"NII DIGITAL, S. DE R.L. DE C.V.",252311,3687796,0,0,0,3940107
104117,15/07/2013,2013,7,C400,NEXTEL,C0400,NEXTEL,"NII DIGITAL, S. DE R.L. DE C.V.",282314,3591558,0,0,0,3873872
104117,15/08/2013,2013,8,C400,NEXTEL,C0400,NEXTEL,"NII DIGITAL, S. DE R.L. DE C.V.",299604,3494500,0,0,0,3794104
104117,15/09/2013,2013,9,C400,NEXTEL,C0400,NEXTEL,"NII DIGITAL, S. DE R.L. DE C.V.",317467,3404236,0,0,0,3721703
104117,15/10/2013,2013,10,C400,NEXTEL,C0400,NEXTEL,"NII DIGITAL, S. DE R.L. DE C.V.",313924,3339662,0,0,0,3653586
104117,15/11/2013,2013,11,C400,NEXTEL,C0400,NEXTEL,"NII DIGITAL, S. DE R.L. DE C.V.",154692,3236745,0,0,0,3391437
104117,15/12/2013,2013,12,C400,NEXTEL,C0400,NEXTEL,"NII DIGITAL, S. DE R.L. DE C.V.",120209,3158672,0,0,0,3278881
104117,15/01/2014,2014,1,C400,NEXTEL,C0400,NEXTEL,"NII DIGITAL, S. DE R.L. DE C.V.",115810,3084158,0,0,0,3199968
104117,15/02/2014,2014,2,C400,NEXTEL,C0400,NEXTEL,"NII DIGITAL, S. DE R.L. DE C.V.",113282,3005768,0,0,0,3119050
104117,15/03/2014,2014,3,C400,NEXTEL,C0400,NEXTEL,"NII DIGITAL, S. DE R.L. DE C.V.",113833,2942477,0,0,0,3056310
104117,15/04/2014,2014,4,C400,NEXTEL,C0400,NEXTEL,"NII DIGITAL, S. DE R.L. DE C.V.",115603,2894942,0,0,0,3010545
104117,15/05/2014,2014,5,C400,NEXTEL,C0400,NEXTEL,"NII DIGITAL, S. DE R.L. DE C.V.",118704,2856663,0,0,0,2975367
104117,15/06/2014,2014,6,C400,NEXTEL,C0400,NEXTEL,"NII DIGITAL, S. DE R.L. DE C.V.",122582,2808926,0,0,0,2931508
104117,15/07/2014,2014,7,C400,NEXTEL,C0400,NEXTEL,"NII DIGITAL, S. DE R.L. DE C.V.",131636,2745956,0,0,0,2877592
104117,15/08/2014,2014,8,C400,NEXTEL,C0400,NEXTEL,"NII DIGITAL, S. DE R.L. DE C.V.",145828,2699321,0,0,0,2845149
104117,15/09/2014,2014,9,C400,NEXTEL,C0400,NEXTEL,"NII DIGITAL, S. DE R.L. DE C.V.",168550,2665983,0,0,0,2834533
104117,15/10/2014,2014,10,C400,NEXTEL,C0400,NEXTEL,"NII DIGITAL, S. DE R.L. DE C.V.",203859,2649691,0,0,0,2853550
104117,15/11/2014,2014,11,C400,NEXTEL,C0400,NEXTEL,"NII DIGITAL, S. DE R.L. DE C.V.",250812,2625371,0,0,0,2876183
104117,15/12/2014,2014,12,C400,NEXTEL,C0400,NEXTEL,"NII DIGITAL, S. DE R.L. DE C.V.",305371,2598260,0,0,0,2903631
104117,15/01/2015,2015,1,C400,NEXTEL,C0400,NEXTEL,"NII DIGITAL, S. DE R.L. DE C.V.",365747,2541336,0,0,0,2907083
104117,15/02/2015,2015,2,C400,NEXTEL,C0400,NEXTEL,"NII DIGITAL, S. DE R.L. DE C.V.",429105,2525112,0,0,0,2954217
104117,15/03/2015,2015,3,C400,NEXTEL,C0400,NEXTEL,"NII DIGITAL, S. DE R.L. DE C.V.",494640,2528802,0,0,0,3023442
104117,15/04/2015,2015,4,C400,NEXTEL,C0400,NEXTEL,"NII DIGITAL, S. DE R.L. DE C.V.",556739,2504704,0,0,0,3061443
104117,15/05/2015,2015,5,C400,NEXTEL,C0400,NEXTEL,"NII DIGITAL, S. DE R.L. DE C.V.",619712,2480718,0,0,0,3100430
104117,15/06/2015,2015,6,C400,NEXTEL,C0400,NEXTEL,"NII DIGITAL, S. DE R.L. DE C.V.",677106,2467250,0,0,0,3144356
104117,15/07/2015,2015,7,C400,NEXTEL,C0400,NEXTEL,"NII DIGITAL, S. DE R.L. DE C.V.",720862,2459911,0,0,0,3180773
104117,15/08/2015,2015,8,C400,NEXTEL,C0400,NEXTEL,"NII DIGITAL, S. DE R.L. DE C.V.",766152,2442781,0,0,0,3208933
104117,15/09/2015,2015,9,C400,NEXTEL,C0400,NEXTEL,"NII DIGITAL, S. DE R.L. DE C.V.",793831,2416082,0,0,0,3209913
105695,15/01/2021,2021,1,G008,MEGACABLE-MCM,C0378,MEGACABLE,"SERVICIO Y EQUIPO EN TELEFONIA INTERNET Y TV, S.A. DE C.V.",0,0,0,0,8483,8483
105695,15/02/2021,2021,2,G008,MEGACABLE-MCM,C0378,MEGACABLE,"SERVICIO Y EQUIPO EN TELEFONIA INTERNET Y TV, S.A. DE C.V.",0,0,0,0,9239,9239
105695,15/03/2021,2021,3,G008,MEGACABLE-MCM,C0378,MEGACABLE,"SERVICIO Y EQUIPO EN TELEFONIA INTERNET Y TV, S.A. DE C.V.",0,0,0,0,10038,10038
105695,15/04/2021,2021,4,G008,MEGACABLE-MCM,C0378,MEGACABLE,"SERVICIO Y EQUIPO EN TELEFONIA INTERNET Y TV, S.A. DE C.V.",0,0,0,0,10997,10997
105695,15/05/2021,2021,5,G008,MEGACABLE-MCM,C0378,MEGACABLE,"SERVICIO Y EQUIPO EN TELEFONIA INTERNET Y TV, S.A. DE C.V.",0,0,0,0,12163,12163
105695,15/06/2021,2021,6,G008,MEGACABLE-MCM,C0378,MEGACABLE,"SERVICIO Y EQUIPO EN TELEFONIA INTERNET Y TV, S.A. DE C.V.",0,0,0,0,15243,15243
105695,15/07/2021,2021,7,G008,MEGACABLE-MCM,C0378,MEGACABLE,"SERVICIO Y EQUIPO EN TELEFONIA INTERNET Y TV, S.A. DE C.V.",0,0,0,0,14586,14586
105695,15/08/2021,2021,8,G008,MEGACABLE-MCM,C0378,MEGACABLE,"SERVICIO Y EQUIPO EN TELEFONIA INTERNET Y TV, S.A. DE C.V.",0,0,0,0,17708,17708
105695,15/09/2021,2021,9,G008,MEGACABLE-MCM,C0378,MEGACABLE,"SERVICIO Y EQUIPO EN TELEFONIA INTERNET Y TV, S.A. DE C.V.",0,0,0,0,19855,19855
105695,15/10/2021,2021,10,G008,MEGACABLE-MCM,C0378,MEGACABLE,"SERVICIO Y EQUIPO EN TELEFONIA INTERNET Y TV, S.A. DE C.V.",0,0,0,0,19738,19738
105695,15/11/2021,2021,11,G008,MEGACABLE-MCM,C0378,MEGACABLE,"SERVICIO Y EQUIPO EN TELEFONIA INTERNET Y TV, S.A. DE C.V.",0,0,0,0,21968,21968
105695,15/12/2021,2021,12,G008,MEGACABLE-MCM,C0378,MEGACABLE,"SERVICIO Y EQUIPO EN TELEFONIA INTERNET Y TV, S.A. DE C.V.",0,0,0,0,24543,24543
105695,15/01/2022,2022,1,G008,MEGACABLE-MCM,C0378,MEGACABLE,"SERVICIO Y EQUIPO EN TELEFONIA INTERNET Y TV, S.A. DE C.V.",6919,16897,0,0,0,23816
105695,15/02/2022,2022,2,G008,MEGACABLE-MCM,C0378,MEGACABLE,"SERVICIO Y EQUIPO EN TELEFONIA INTERNET Y TV, S.A. DE C.V.",8657,19614,0,0,0,28271
105695,15/03/2022,2022,3,G008,MEGACABLE-MCM,C0378,MEGACABLE,"SERVICIO Y EQUIPO EN TELEFONIA INTERNET Y TV, S.A. DE C.V.",7660,19652,0,0,0,27312
105695,15/04/2022,2022,4,G008,MEGACABLE-MCM,C0378,MEGACABLE,"SERVICIO Y EQUIPO EN TELEFONIA INTERNET Y TV, S.A. DE C.V.",8407,0,18994,0,0,27401
105695,15/05/2022,2022,5,G008,MEGACABLE-MCM,C0378,MEGACABLE,"SERVICIO Y EQUIPO EN TELEFONIA INTERNET Y TV, S.A. DE C.V.",7992,0,19017,0,0,27009
105695,15/06/2022,2022,6,G008,MEGACABLE-MCM,C0378,MEGACABLE,"SERVICIO Y EQUIPO EN TELEFONIA INTERNET Y TV, S.A. DE C.V.",7497,0,19391,0,0,26888
105695,15/07/2022,2022,7,G008,MEGACABLE-MCM,C0378,MEGACABLE,"SERVICIO Y EQUIPO EN TELEFONIA INTERNET Y TV, S.A. DE C.V.",6971,0,19355,0,0,26326
105695,15/08/2022,2022,8,G008,MEGACABLE-MCM,C0378,MEGACABLE,"SERVICIO Y EQUIPO EN TELEFONIA INTERNET Y TV, S.A. DE C.V.",6388,0,19641,0,0,26029
105695,15/09/2022,2022,9,G008,MEGACABLE-MCM,C0378,MEGACABLE,"SERVICIO Y EQUIPO EN TELEFONIA INTERNET Y TV, S.A. DE C.V.",6430,0,19823,0,0,26253
105695,15/10/2022,2022,10,G008,MEGACABLE-MCM,C0378,MEGACABLE,"SERVICIO Y EQUIPO EN TELEFONIA INTERNET Y TV, S.A. DE C.V.",0,0,0,0,24141,24141
105695,15/11/2022,2022,11,G008,MEGACABLE-MCM,C0378,MEGACABLE,"SERVICIO Y EQUIPO EN TELEFONIA INTERNET Y TV, S.A. DE C.V.",0,0,0,0,22779,22779
105695,15/12/2022,2022,12,G008,MEGACABLE-MCM,C0378,MEGACABLE,"SERVICIO Y EQUIPO EN TELEFONIA INTERNET Y TV, S.A. DE C.V.",0,0,0,0,21619,21619
105695,15/01/2023,2023,1,G008,MEGACABLE-MCM,C0378,MEGACABLE,"SERVICIO Y EQUIPO EN TELEFONIA INTERNET Y TV, S.A. DE C.V.",206,0,20241,0,0,20447
105695,15/02/2023,2023,2,G008,MEGACABLE-MCM,C0378,MEGACABLE,"SERVICIO Y EQUIPO EN TELEFONIA INTERNET Y TV, S.A. DE C.V.",214,0,20578,0,0,20792
105695,15/03/2023,2023,3,G008,MEGACABLE-MCM,C0378,MEGACABLE,"SERVICIO Y EQUIPO EN TELEFONIA INTERNET Y TV, S.A. DE C.V.",222,0,20849,0,0,21071
105695,15/04/2023,2023,4,G008,MEGACABLE-MCM,C0378,MEGACABLE,"SERVICIO Y EQUIPO EN TELEFONIA INTERNET Y TV, S.A. DE C.V.",252,0,21080,0,0,21332
105695,15/05/2023,2023,5,G008,MEGACABLE-MCM,C0378,MEGACABLE,"SERVICIO Y EQUIPO EN TELEFONIA INTERNET Y TV, S.A. DE C.V.",284,0,21241,0,0,21525
105695,15/06/2023,2023,6,G008,MEGACABLE-MCM,C0378,MEGACABLE,"SERVICIO Y EQUIPO EN TELEFONIA INTERNET Y TV, S.A. DE C.V.",316,0,21260,0,0,21576
105695,15/07/2023,2023,7,G008,MEGACABLE-MCM,C0378,MEGACABLE,"SERVICIO Y EQUIPO EN TELEFONIA INTERNET Y TV, S.A. DE C.V.",333,0,21175,0,0,21508
105695,15/08/2023,2023,8,G008,MEGACABLE-MCM,C0378,MEGACABLE,"SERVICIO Y EQUIPO EN TELEFONIA INTERNET Y TV, S.A. DE C.V.",349,0,21856,0,0,22205
105695,15/09/2023,2023,9,G008,MEGACABLE-MCM,C0378,MEGACABLE,"SERVICIO Y EQUIPO EN TELEFONIA INTERNET Y TV, S.A. DE C.V.",476,0,22068,0,0,22544
105695,15/10/2023,2023,10,G008,MEGACABLE-MCM,C0378,MEGACABLE,"SERVICIO Y EQUIPO EN TELEFONIA INTERNET Y TV, S.A. DE C.V.",985,0,22093,0,0,23078
105695,15/11/2023,2023,11,G008,MEGACABLE-MCM,C0378,MEGACABLE,"SERVICIO Y EQUIPO EN TELEFONIA INTERNET Y TV, S.A. DE C.V.",1081,0,22106,0,0,23187
105695,15/12/2023,2023,12,G008,MEGACABLE-MCM,C0378,MEGACABLE,"SERVICIO Y EQUIPO EN TELEFONIA INTERNET Y TV, S.A. DE C.V.",1053,0,22109,0,0,23162
105695,15/01/2024,2024,1,G008,MEGACABLE-MCM,C0378,MEGACABLE,"SERVICIO Y EQUIPO EN TELEFONIA INTERNET Y TV, S.A. DE C.V.",784,0,21887,0,0,22671
105695,15/02/2024,2024,2,G008,MEGACABLE-MCM,C0378,MEGACABLE,"SERVICIO Y EQUIPO EN TELEFONIA INTERNET Y TV, S.A. DE C.V.",515,0,22211,0,0,22726
105695,15/03/2024,2024,3,G008,MEGACABLE-MCM,C0378,MEGACABLE,"SERVICIO Y EQUIPO EN TELEFONIA INTERNET Y TV, S.A. DE C.V.",436,0,22441,0,0,22877
105695,15/04/2024,2024,4,G008,MEGACABLE-MCM,C0378,MEGACABLE,"SERVICIO Y EQUIPO EN TELEFONIA INTERNET Y TV, S.A. DE C.V.",452,0,22064,0,0,22516
105695,15/05/2024,2024,5,G008,MEGACABLE-MCM,C0378,MEGACABLE,"SERVICIO Y EQUIPO EN TELEFONIA INTERNET Y TV, S.A. DE C.V.",396,0,22027,0,0,22423
105695,15/06/2024,2024,6,G008,MEGACABLE-MCM,C0378,MEGACABLE,"SERVICIO Y EQUIPO EN TELEFONIA INTERNET Y TV, S.A. DE C.V.",444,0,21972,0,0,22416
105695,15/07/2024,2024,7,G008,MEGACABLE-MCM,C0378,MEGACABLE,"SERVICIO Y EQUIPO EN TELEFONIA INTERNET Y TV, S.A. DE C.V.",676,0,22508,0,0,23184
105695,15/08/2024,2024,8,G008,MEGACABLE-MCM,C0378,MEGACABLE,"SERVICIO Y EQUIPO EN TELEFONIA INTERNET Y TV, S.A. DE C.V.",505,0,22847,0,0,23352
105695,15/09/2024,2024,9,G008,MEGACABLE-MCM,C0378,MEGACABLE,"SERVICIO Y EQUIPO EN TELEFONIA INTERNET Y TV, S.A. DE C.V.",513,0,23044,0,0,23557
105695,15/10/2024,2024,10,G008,MEGACABLE-MCM,C0378,MEGACABLE,"SERVICIO Y EQUIPO EN TELEFONIA INTERNET Y TV, S.A. DE C.V.",473,0,23520,0,0,23993
105695,15/11/2024,2024,11,G008,MEGACABLE-MCM,C0378,MEGACABLE,"SERVICIO Y EQUIPO EN TELEFONIA INTERNET Y TV, S.A. DE C.V.",536,0,23772,0,0,24308
105695,15/12/2024,2024,12,G008,MEGACABLE-MCM,C0378,MEGACABLE,"SERVICIO Y EQUIPO EN TELEFONIA INTERNET Y TV, S.A. DE C.V.",544,0,24058,0,0,24602
105790,15/01/2021,2021,1,C725,STARGROUP,C0725,TELEVERA RED,"TELEVERA RED, S.A.P.I. DE C.V.",0,0,0,0,1041,1041
105790,15/02/2021,2021,2,C725,STARGROUP,C0725,TELEVERA RED,"TELEVERA RED, S.A.P.I. DE C.V.",0,0,0,0,1091,1091
105790,15/03/2021,2021,3,C725,STARGROUP,C0725,TELEVERA RED,"TELEVERA RED, S.A.P.I. DE C.V.",0,0,0,0,1113,1113
105790,15/04/2021,2021,4,C725,STARGROUP,C0725,TELEVERA RED,"TELEVERA RED, S.A.P.I. DE C.V.",0,0,0,0,1041,1041
105790,15/05/2021,2021,5,C725,STARGROUP,C0725,TELEVERA RED,"TELEVERA RED, S.A.P.I. DE C.V.",0,0,0,0,1091,1091
105790,15/06/2021,2021,6,C725,STARGROUP,C0725,TELEVERA RED,"TELEVERA RED, S.A.P.I. DE C.V.",0,0,0,0,1113,1113
105790,15/07/2021,2021,7,C725,STARGROUP,C0725,TELEVERA RED,"TELEVERA RED, S.A.P.I. DE C.V.",0,0,0,0,1124,1124
105790,15/08/2021,2021,8,C725,STARGROUP,C0725,TELEVERA RED,"TELEVERA RED, S.A.P.I. DE C.V.",0,0,0,0,1124,1124
105790,15/09/2021,2021,9,C725,STARGROUP,C0725,TELEVERA RED,"TELEVERA RED, S.A.P.I. DE C.V.",0,0,0,0,1124,1124
105790,15/10/2021,2021,10,C725,STARGROUP,C0725,TELEVERA RED,"TELEVERA RED, S.A.P.I. DE C.V.",0,0,0,0,1124,1124
105790,15/11/2021,2021,11,C725,STARGROUP,C0725,TELEVERA RED,"TELEVERA RED, S.A.P.I. DE C.V.",0,0,0,0,1124,1124
105790,15/12/2021,2021,12,C725,STARGROUP,C0725,TELEVERA RED,"TELEVERA RED, S.A.P.I. DE C.V.",0,0,0,0,1124,1124
105790,15/01/2022,2022,1,C725,STARGROUP,C0725,TELEVERA RED,"TELEVERA RED, S.A.P.I. DE C.V.",0,0,0,0,1124,1124
105790,15/02/2022,2022,2,C725,STARGROUP,C0725,TELEVERA RED,"TELEVERA RED, S.A.P.I. DE C.V.",0,0,0,0,1124,1124
105790,15/03/2022,2022,3,C725,STARGROUP,C0725,TELEVERA RED,"TELEVERA RED, S.A.P.I. DE C.V.",0,0,0,0,1124,1124
105790,15/04/2022,2022,4,C725,STARGROUP,C0725,STARLINE,"TELEVERA RED, S.A.P.I. DE C.V.",0,0,0,0,965,965
105790,15/05/2022,2022,5,C725,STARGROUP,C0725,STARLINE,"TELEVERA RED, S.A.P.I. DE C.V.",0,0,0,0,964,964
105790,15/06/2022,2022,6,C725,STARGROUP,C0725,STARLINE,"TELEVERA RED, S.A.P.I. DE C.V.",0,0,0,0,964,964
105790,15/07/2022,2022,7,C725,STARGROUP,C0725,STARLINE,"TELEVERA RED, S.A.P.I. DE C.V.",0,0,0,0,964,964
105790,15/08/2022,2022,8,C725,STARGROUP,C0725,STARLINE,"TELEVERA RED, S.A.P.I. DE C.V.",0,0,0,0,964,964
105790,15/09/2022,2022,9,C725,STARGROUP,C0725,STARLINE,"TELEVERA RED, S.A.P.I. DE C.V.",0,0,0,0,964,964
105790,15/10/2022,2022,10,C725,STARGROUP,C0725,STARLINE,"TELEVERA RED, S.A.P.I. DE C.V.",0,0,0,0,965,965
105790,15/11/2022,2022,11,C725,STARGROUP,C0725,STARLINE,"TELEVERA RED, S.A.P.I. DE C.V.",0,0,0,0,964,964
105790,15/12/2022,2022,12,C725,STARGROUP,C0725,STARLINE,"TELEVERA RED, S.A.P.I. DE C.V.",0,0,0,0,964,964
105790,15/01/2023,2023,1,C725,STARGROUP,C0725,STARLINE,"TELEVERA RED, S.A.P.I. DE C.V.",0,0,0,0,956,956
105790,15/02/2023,2023,2,C725,STARGROUP,C0725,STARLINE,"TELEVERA RED, S.A.P.I. DE C.V.",0,0,0,0,959,959
105790,15/03/2023,2023,3,C725,STARGROUP,C0725,STARLINE,"TELEVERA RED, S.A.P.I. DE C.V.",0,0,0,0,953,953
105790,15/04/2023,2023,4,C725,STARGROUP,C0725,STARLINE,"TELEVERA RED, S.A.P.I. DE C.V.",0,0,0,0,506,506
105790,15/05/2023,2023,5,C725,STARGROUP,C0725,STARLINE,"TELEVERA RED, S.A.P.I. DE C.V.",0,0,0,0,490,490
105790,15/06/2023,2023,6,C725,STARGROUP,C0725,STARLINE,"TELEVERA RED, S.A.P.I. DE C.V.",0,0,0,0,460,460
105790,15/07/2023,2023,7,C725,STARGROUP,C0725,STARLINE,"TELEVERA RED, S.A.P.I. DE C.V.",0,0,0,0,452,452
105790,15/08/2023,2023,8,C725,STARGROUP,C0725,STARLINE,"TELEVERA RED, S.A.P.I. DE C.V.",0,0,0,0,450,450
105790,15/09/2023,2023,9,C725,STARGROUP,C0725,STARLINE,"TELEVERA RED, S.A.P.I. DE C.V.",0,0,0,0,450,450
105790,15/10/2023,2023,10,C725,STARGROUP,C0725,STARLINE,"TELEVERA RED, S.A.P.I. DE C.V.",0,0,0,0,450,450
105790,15/11/2023,2023,11,C725,STARGROUP,C0725,STARLINE,"TELEVERA RED, S.A.P.I. DE C.V.",0,0,0,0,449,449
105790,15/12/2023,2023,12,C725,STARGROUP,C0725,STARLINE,"TELEVERA RED, S.A.P.I. DE C.V.",0,0,0,0,449,449
105790,15/01/2024,2024,1,C725,STARGROUP,C0725,TELEVERA RED/ STARLINE,"TELEVERA RED, S.A.P.I. DE C.V.",0,0,0,0,449,449
105790,15/02/2024,2024,2,C725,STARGROUP,C0725,TELEVERA RED/ STARLINE,"TELEVERA RED, S.A.P.I. DE C.V.",0,0,0,0,447,447
105790,15/03/2024,2024,3,C725,STARGROUP,C0725,TELEVERA RED/ STARLINE,"TELEVERA RED, S.A.P.I. DE C.V.",0,0,0,0,444,444
105790,15/04/2024,2024,4,C725,STARGROUP,C0725,TELEVERA RED/ STARLINE,"TELEVERA RED, S.A.P.I. DE C.V.",0,0,0,0,444,444
105790,15/05/2024,2024,5,C725,STARGROUP,C0725,TELEVERA RED/ STARLINE,"TELEVERA RED, S.A.P.I. DE C.V.",0,0,0,0,444,444
105790,15/06/2024,2024,6,C725,STARGROUP,C0725,TELEVERA RED/ STARLINE,"TELEVERA RED, S.A.P.I. DE C.V.",0,0,0,0,444,444
105790,15/07/2024,2024,7,C725,STARGROUP,C0725,TELEVERA RED/ STARLINE,"TELEVERA RED, S.A.P.I. DE C.V.",0,0,0,0,6,6
105790,15/08/2024,2024,8,C725,STARGROUP,C0725,TELEVERA RED/ STARLINE,"TELEVERA RED, S.A.P.I. DE C.V.",0,0,0,0,6,6
105790,15/09/2024,2024,9,C725,STARGROUP,C0725,TELEVERA RED/ STARLINE,"TELEVERA RED, S.A.P.I. DE C.V.",0,0,0,0,6,6
105790,15/10/2024,2024,10,C725,STARGROUP,C0725,TELEVERA RED/ STARLINE,"TELEVERA RED, S.A.P.I. DE C.V.",0,0,0,0,5,5
105790,15/11/2024,2024,11,C725,STARGROUP,C0725,TELEVERA RED/ STARLINE,"TELEVERA RED, S.A.P.I. DE C.V.",0,0,0,0,6,6
105790,15/12/2024,2024,12,C725,STARGROUP,C0725,TELEVERA RED/ STARLINE,"TELEVERA RED, S.A.P.I. DE C.V.",0,0,0,0,6,6
105792,15/08/2014,2014,8,C376,MAZ TIEMPO,C0376,MAZ TIEMPO,"MAZ TIEMPO, S.A.P.I. DE C.V.",16538,0,0,0,0,16538
105792,15/09/2014,2014,9,C376,MAZ TIEMPO,C0376,MAZ TIEMPO,"MAZ TIEMPO, S.A.P.I. DE C.V.",18079,0,0,0,0,18079
105792,15/10/2014,2014,10,C376,MAZ TIEMPO,C0376,MAZ TIEMPO,"MAZ TIEMPO, S.A.P.I. DE C.V.",19780,0,0,0,0,19780
105792,15/11/2014,2014,11,C376,MAZ TIEMPO,C0376,MAZ TIEMPO,"MAZ TIEMPO, S.A.P.I. DE C.V.",22059,0,0,0,0,22059
105792,15/12/2014,2014,12,C376,MAZ TIEMPO,C0376,MAZ TIEMPO,"MAZ TIEMPO, S.A.P.I. DE C.V.",24204,0,0,0,0,24204
105792,15/01/2015,2015,1,C376,MAZ TIEMPO,C0376,MAZ TIEMPO,"MAZ TIEMPO, S.A.P.I. DE C.V.",13957,0,0,0,0,13957
105792,15/02/2015,2015,2,C376,MAZ TIEMPO,C0376,MAZ TIEMPO,"MAZ TIEMPO, S.A.P.I. DE C.V.",14949,0,0,0,0,14949
105792,15/03/2015,2015,3,C376,MAZ TIEMPO,C0376,MAZ TIEMPO,"MAZ TIEMPO, S.A.P.I. DE C.V.",14729,0,0,0,0,14729
105792,15/04/2015,2015,4,C376,MAZ TIEMPO,C0376,MAZ TIEMPO,"MAZ TIEMPO, S.A.P.I. DE C.V.",16523,0,0,0,0,16523
105792,15/05/2015,2015,5,C376,MAZ TIEMPO,C0376,MAZ TIEMPO,"MAZ TIEMPO, S.A.P.I. DE C.V.",19116,0,0,0,0,19116
105792,15/06/2015,2015,6,C376,MAZ TIEMPO,C0376,MAZ TIEMPO,"MAZ TIEMPO, S.A.P.I. DE C.V.",21734,0,0,0,0,21734
105792,15/07/2015,2015,7,C376,MAZ TIEMPO,C0376,MAZ TIEMPO,"MAZ TIEMPO, S.A.P.I. DE C.V.",23322,0,0,0,0,23322
105792,15/08/2015,2015,8,C376,MAZ TIEMPO,C0376,MAZ TIEMPO,"MAZ TIEMPO, S.A.P.I. DE C.V.",24439,0,0,0,0,24439
105792,15/09/2015,2015,9,C376,MAZ TIEMPO,C0376,MAZ TIEMPO,"MAZ TIEMPO, S.A.P.I. DE C.V.",28746,0,0,0,0,28746
105792,15/10/2015,2015,10,C376,MAZ TIEMPO,C0376,MAZ TIEMPO,"MAZ TIEMPO, S.A.P.I. DE C.V.",31235,0,0,0,0,31235
105792,15/11/2015,2015,11,C376,MAZ TIEMPO,C0376,MAZ TIEMPO,"MAZ TIEMPO, S.A.P.I. DE C.V.",32392,0,0,0,0,32392
105792,15/12/2015,2015,12,C376,MAZ TIEMPO,C0376,MAZ TIEMPO,"MAZ TIEMPO, S.A.P.I. DE C.V.",33105,0,0,0,0,33105
105792,15/01/2016,2016,1,C376,MAZ TIEMPO,C0376,MAZ TIEMPO,"MAZ TIEMPO, S.A.P.I. DE C.V.",36186,0,0,0,0,36186
105792,15/02/2016,2016,2,C376,MAZ TIEMPO,C0376,MAZ TIEMPO,"MAZ TIEMPO, S.A.P.I. DE C.V.",39582,0,0,0,0,39582
105792,15/03/2016,2016,3,C376,MAZ TIEMPO,C0376,MAZ TIEMPO,"MAZ TIEMPO, S.A.P.I. DE C.V.",41031,0,0,0,0,41031
105792,15/04/2016,2016,4,C376,MAZ TIEMPO,C0376,MAZ TIEMPO,"MAZ TIEMPO, S.A.P.I. DE C.V.",41798,0,0,0,0,41798
105792,15/05/2016,2016,5,C376,MAZ TIEMPO,C0376,MAZ TIEMPO,"MAZ TIEMPO, S.A.P.I. DE C.V.",43585,0,0,0,0,43585
105792,15/06/2016,2016,6,C376,MAZ TIEMPO,C0376,MAZ TIEMPO,"MAZ TIEMPO, S.A.P.I. DE C.V.",45622,0,0,0,0,45622
105792,15/07/2016,2016,7,C376,MAZ TIEMPO,C0376,MAZ TIEMPO,"MAZ TIEMPO, S.A.P.I. DE C.V.",46893,0,0,0,0,46893
105792,15/08/2016,2016,8,C376,MAZ TIEMPO,C0376,MAZ TIEMPO,"MAZ TIEMPO, S.A.P.I. DE C.V.",48745,0,0,0,0,48745
105792,15/09/2016,2016,9,C376,MAZ TIEMPO,C0376,MAZ TIEMPO,"MAZ TIEMPO, S.A.P.I. DE C.V.",49901,0,0,0,0,49901
105792,15/10/2016,2016,10,C376,MAZ TIEMPO,C0376,MAZ TIEMPO,"MAZ TIEMPO, S.A.P.I. DE C.V.",50858,0,0,0,0,50858
105792,15/11/2016,2016,11,C376,MAZ TIEMPO,C0376,MAZ TIEMPO,"MAZ TIEMPO, S.A.P.I. DE C.V.",51920,0,0,0,0,51920
105792,15/12/2016,2016,12,C376,MAZ TIEMPO,C0376,MAZ TIEMPO,"MAZ TIEMPO, S.A.P.I. DE C.V.",52720,0,0,0,0,52720
105792,15/01/2017,2017,1,C376,MAZ TIEMPO,C0376,MAZ TIEMPO,"MAZ TIEMPO, S.A.P.I. DE C.V.",46127,0,0,0,0,46127
105792,15/02/2017,2017,2,C376,MAZ TIEMPO,C0376,MAZ TIEMPO,"MAZ TIEMPO, S.A.P.I. DE C.V.",23178,0,0,0,0,23178
105792,15/03/2017,2017,3,C376,MAZ TIEMPO,C0376,MAZ TIEMPO,"MAZ TIEMPO, S.A.P.I. DE C.V.",9873,0,0,0,0,9873
105792,15/04/2017,2017,4,C376,MAZ TIEMPO,C0376,MAZ TIEMPO,"MAZ TIEMPO, S.A.P.I. DE C.V.",0,0,0,0,7865,7865
105792,15/05/2017,2017,5,C376,MAZ TIEMPO,C0376,MAZ TIEMPO,"MAZ TIEMPO, S.A.P.I. DE C.V.",0,0,0,0,6123,6123
105792,15/06/2017,2017,6,C376,MAZ TIEMPO,C0376,MAZ TIEMPO,"MAZ TIEMPO, S.A.P.I. DE C.V.",0,0,0,0,4987,4987
105792,15/07/2017,2017,7,C376,MAZ TIEMPO,C0376,MAZ TIEMPO,"MAZ TIEMPO, S.A.P.I. DE C.V.",0,0,0,0,4623,4623
105792,15/08/2017,2017,8,C376,MAZ TIEMPO,C0376,MAZ TIEMPO,"MAZ TIEMPO, S.A.P.I. DE C.V.",0,0,0,0,4875,4875
105792,15/09/2017,2017,9,C376,MAZ TIEMPO,C0376,MAZ TIEMPO,"MAZ TIEMPO, S.A.P.I. DE C.V.",0,0,0,0,4749,4749
105792,15/10/2017,2017,10,C376,MAZ TIEMPO,C0376,MAZ TIEMPO,"MAZ TIEMPO, S.A.P.I. DE C.V.",0,0,0,0,4578,4578
105792,15/11/2017,2017,11,C376,MAZ TIEMPO,C0376,MAZ TIEMPO,"MAZ TIEMPO, S.A.P.I. DE C.V.",0,0,0,0,4781,4781
105792,15/12/2017,2017,12,C376,MAZ TIEMPO,C0376,MAZ TIEMPO,"MAZ TIEMPO, S.A.P.I. DE C.V.",0,0,0,0,4987,4987
105792,15/01/2018,2018,1,C376,MAZ TIEMPO,C0376,MAZ TIEMPO,"MAZ TIEMPO, S.A.P.I. DE C.V.",0,0,0,0,4090,4090
105792,15/02/2018,2018,2,C376,MAZ TIEMPO,C0376,MAZ TIEMPO,"MAZ TIEMPO, S.A.P.I. DE C.V.",0,0,0,0,4121,4121
105792,15/03/2018,2018,3,C376,MAZ TIEMPO,C0376,MAZ TIEMPO,"MAZ TIEMPO, S.A.P.I. DE C.V.",0,0,0,0,4655,4655
105792,15/04/2018,2018,4,C376,MAZ TIEMPO,C0376,MAZ TIEMPO,"MAZ TIEMPO, S.A.P.I. DE C.V.",0,0,0,0,5100,5100
105792,15/05/2018,2018,5,C376,MAZ TIEMPO,C0376,MAZ TIEMPO,"MAZ TIEMPO, S.A.P.I. DE C.V.",0,0,0,0,4900,4900
105792,15/06/2018,2018,6,C376,MAZ TIEMPO,C0376,MAZ TIEMPO,"MAZ TIEMPO, S.A.P.I. DE C.V.",0,0,0,0,4132,4132
105792,15/07/2018,2018,7,C376,MAZ TIEMPO,C0376,MAZ TIEMPO,"MAZ TIEMPO, S.A.P.I. DE C.V.",0,0,0,0,5231,5231
105792,15/08/2018,2018,8,C376,MAZ TIEMPO,C0376,MAZ TIEMPO,"MAZ TIEMPO, S.A.P.I. DE C.V.",0,0,0,0,5437,5437
105792,15/09/2018,2018,9,C376,MAZ TIEMPO,C0376,MAZ TIEMPO,"MAZ TIEMPO, S.A.P.I. DE C.V.",0,0,0,0,5537,5537
105792,15/10/2018,2018,10,C376,MAZ TIEMPO,C0376,MAZ TIEMPO,"MAZ TIEMPO, S.A.P.I. DE C.V.",0,0,0,0,5580,5580
105792,15/11/2018,2018,11,C376,MAZ TIEMPO,C0376,MAZ TIEMPO,"MAZ TIEMPO, S.A.P.I. DE C.V.",0,0,0,0,5620,5620
105792,15/12/2018,2018,12,C376,MAZ TIEMPO,C0376,MAZ TIEMPO,"MAZ TIEMPO, S.A.P.I. DE C.V.",0,0,0,0,5750,5750
105792,15/01/2019,2019,1,C376,MAZ TIEMPO,C0376,MAZ TIEMPO,"MAZ TIEMPO, S.A.P.I. DE C.V.",0,0,0,0,5850,5850
105792,15/02/2019,2019,2,C376,MAZ TIEMPO,C0376,MAZ TIEMPO,"MAZ TIEMPO, S.A.P.I. DE C.V.",0,0,0,0,5890,5890
105792,15/03/2019,2019,3,C376,MAZ TIEMPO,C0376,MAZ TIEMPO,"MAZ TIEMPO, S.A.P.I. DE C.V.",0,0,0,0,5940,5940
105792,15/04/2019,2019,4,C376,MAZ TIEMPO,C0376,MAZ TIEMPO,"MAZ TIEMPO, S.A.P.I. DE C.V.",0,0,0,0,6000,6000
105792,15/05/2019,2019,5,C376,MAZ TIEMPO,C0376,MAZ TIEMPO,"MAZ TIEMPO, S.A.P.I. DE C.V.",0,0,0,0,6150,6150
105792,15/06/2019,2019,6,C376,MAZ TIEMPO,C0376,MAZ TIEMPO,"MAZ TIEMPO, S.A.P.I. DE C.V.",0,0,0,0,6300,6300
105792,15/07/2019,2019,7,C376,MAZ TIEMPO,C0376,MAZ TIEMPO,"MAZ TIEMPO, S.A.P.I. DE C.V.",0,0,0,0,5000,5000
105792,15/08/2019,2019,8,C376,MAZ TIEMPO,C0376,MAZ TIEMPO,"MAZ TIEMPO, S.A.P.I. DE C.V.",0,0,0,0,4500,4500
105792,15/09/2019,2019,9,C376,MAZ TIEMPO,C0376,MAZ TIEMPO,"MAZ TIEMPO, S.A.P.I. DE C.V.",0,0,0,0,4000,4000
105792,15/10/2019,2019,10,C376,MAZ TIEMPO,C0376,MAZ TIEMPO,"MAZ TIEMPO, S.A.P.I. DE C.V.",0,0,0,0,2345,2345
105792,15/11/2019,2019,11,C376,MAZ TIEMPO,C0376,MAZ TIEMPO,"MAZ TIEMPO, S.A.P.I. DE C.V.",0,0,0,0,2567,2567
105792,15/12/2019,2019,12,C376,MAZ TIEMPO,C0376,MAZ TIEMPO,"MAZ TIEMPO, S.A.P.I. DE C.V.",0,0,0,0,2123,2123
105875,15/10/2016,2016,10,C659,MEGATEL,C0659,MEGATEL,"QUICKLY PHONE, S.A. DE C.V.",78,0,0,0,0,78
105875,15/11/2016,2016,11,C659,MEGATEL,C0659,MEGATEL,"QUICKLY PHONE, S.A. DE C.V.",287,0,0,0,0,287
105875,15/12/2016,2016,12,C659,MEGATEL,C0659,MEGATEL,"QUICKLY PHONE, S.A. DE C.V.",7787,0,0,0,0,7787
105875,15/01/2017,2017,1,C659,MEGATEL,C0659,MEGATEL,"QUICKLY PHONE, S.A. DE C.V.",0,0,0,0,835,835
105875,15/02/2017,2017,2,C659,MEGATEL,C0659,MEGATEL,"QUICKLY PHONE, S.A. DE C.V.",0,0,0,0,162,162
105875,15/03/2017,2017,3,C659,MEGATEL,C0659,MEGATEL,"QUICKLY PHONE, S.A. DE C.V.",0,0,0,0,446,446
105875,15/04/2017,2017,4,C659,MEGATEL,C0659,MEGATEL,"QUICKLY PHONE, S.A. DE C.V.",0,0,0,0,134,134
105875,15/05/2017,2017,5,C659,MEGATEL,C0659,MEGATEL,"QUICKLY PHONE, S.A. DE C.V.",0,0,0,0,198,198
105875,15/06/2017,2017,6,C659,MEGATEL,C0659,MEGATEL,"QUICKLY PHONE, S.A. DE C.V.",0,0,0,0,65,65
105875,15/07/2017,2017,7,C659,MEGATEL,C0659,MEGATEL,"QUICKLY PHONE, S.A. DE C.V.",0,0,0,0,25,25
105875,15/08/2017,2017,8,C659,MEGATEL,C0659,MEGATEL,"QUICKLY PHONE, S.A. DE C.V.",0,0,0,0,16,16
105875,15/09/2017,2017,9,C659,MEGATEL,C0659,MEGATEL,"QUICKLY PHONE, S.A. DE C.V.",0,0,0,0,12,12
105875,15/10/2017,2017,10,C659,MEGATEL,C0659,MEGATEL,"QUICKLY PHONE, S.A. DE C.V.",0,0,0,0,10,10
105875,15/11/2017,2017,11,C659,MEGATEL,C0659,MEGATEL,"QUICKLY PHONE, S.A. DE C.V.",0,0,0,0,8,8
105875,15/12/2017,2017,12,C659,MEGATEL,C0659,MEGATEL,"QUICKLY PHONE, S.A. DE C.V.",0,0,0,0,2,2
105899,15/01/2024,2024,1,G253,COPPEL,C1253,REDICOPPEL,"ORIONIDAS, S.A. DE C.V.",0,0,0,7022,0,7022
105899,15/02/2024,2024,2,G253,COPPEL,C1253,REDICOPPEL,"ORIONIDAS, S.A. DE C.V.",0,0,7531,0,0,7531
105899,15/03/2024,2024,3,G253,COPPEL,C1253,REDICOPPEL,"ORIONIDAS, S.A. DE C.V.",0,0,0,0,8176,8176
105899,15/04/2024,2024,4,G253,COPPEL,C1253,REDICOPPEL,"ORIONIDAS, S.A. DE C.V.",85,0,0,0,0,85
105899,15/05/2024,2024,5,G253,COPPEL,C1253,REDICOPPEL,"ORIONIDAS, S.A. DE C.V.",308,0,0,0,0,308
105899,15/06/2024,2024,6,G253,COPPEL,C1253,REDICOPPEL,"ORIONIDAS, S.A. DE C.V.",310,0,0,0,0,310
105899,15/07/2024,2024,7,G253,COPPEL,C1253,REDICOPPEL,"ORIONIDAS, S.A. DE C.V.",434,0,0,0,0,434
105899,15/08/2024,2024,8,G253,COPPEL,C1253,REDICOPPEL,"ORIONIDAS, S.A. DE C.V.",1474,0,0,0,0,1474
105899,15/09/2024,2024,9,G253,COPPEL,C1253,REDICOPPEL,"ORIONIDAS, S.A. DE C.V.",2781,0,0,0,0,2781
105899,15/10/2024,2024,10,G253,COPPEL,C1253,REDICOPPEL,"ORIONIDAS, S.A. DE C.V.",4442,0,0,0,0,4442
105899,15/11/2024,2024,11,G253,COPPEL,C1253,REDICOPPEL,"ORIONIDAS, S.A. DE C.V.",7604,0,0,0,0,7604
105899,15/12/2024,2024,12,G253,COPPEL,C1253,REDICOPPEL,"ORIONIDAS, S.A. DE C.V.",12834,0,0,0,0,12834
106223,15/07/2016,2016,7,C373,MAXCOM,C0373,MAXCOM,"MAXCOM TELECOMUNICACIONES, S.A.B. DE C.V.",0,6468,0,0,0,6468
106223,15/08/2016,2016,8,C373,MAXCOM,C0373,MAXCOM,"MAXCOM TELECOMUNICACIONES, S.A.B. DE C.V.",0,5786,0,0,0,5786
106223,15/09/2016,2016,9,C373,MAXCOM,C0373,MAXCOM,"MAXCOM TELECOMUNICACIONES, S.A.B. DE C.V.",0,5364,0,0,0,5364
106223,15/10/2016,2016,10,C373,MAXCOM,C0373,MAXCOM,"MAXCOM TELECOMUNICACIONES, S.A.B. DE C.V.",0,4715,0,0,0,4715
106223,15/11/2016,2016,11,C373,MAXCOM,C0373,MAXCOM,"MAXCOM TELECOMUNICACIONES, S.A.B. DE C.V.",0,3342,0,0,0,3342
106223,15/12/2016,2016,12,C373,MAXCOM,C0373,MAXCOM,"MAXCOM TELECOMUNICACIONES, S.A.B. DE C.V.",0,3156,0,0,0,3156
106223,15/01/2017,2017,1,C373,MAXCOM,C0373,MAXCOM,"MAXCOM TELECOMUNICACIONES, S.A.B. DE C.V.",0,0,0,0,1886,1886
106223,15/02/2017,2017,2,C373,MAXCOM,C0373,MAXCOM,"MAXCOM TELECOMUNICACIONES, S.A.B. DE C.V.",0,0,0,0,1724,1724
106223,15/03/2017,2017,3,C373,MAXCOM,C0373,MAXCOM,"MAXCOM TELECOMUNICACIONES, S.A.B. DE C.V.",0,0,0,0,1583,1583
106223,15/04/2017,2017,4,C373,MAXCOM,C0373,MAXCOM,"MAXCOM TELECOMUNICACIONES, S.A.B. DE C.V.",0,0,0,0,1449,1449
106223,15/05/2017,2017,5,C373,MAXCOM,C0373,MAXCOM,"MAXCOM TELECOMUNICACIONES, S.A.B. DE C.V.",0,0,0,0,17,17
106223,15/06/2017,2017,6,C373,MAXCOM,C0373,MAXCOM,"MAXCOM TELECOMUNICACIONES, S.A.B. DE C.V.",0,0,0,0,219,219
106223,15/07/2017,2017,7,C373,MAXCOM,C0373,MAXCOM,"MAXCOM TELECOMUNICACIONES, S.A.B. DE C.V.",0,0,0,0,863,863
106223,15/08/2017,2017,8,C373,MAXCOM,C0373,MAXCOM,"MAXCOM TELECOMUNICACIONES, S.A.B. DE C.V.",0,0,0,0,1544,1544
106223,15/09/2017,2017,9,C373,MAXCOM,C0373,MAXCOM,"MAXCOM TELECOMUNICACIONES, S.A.B. DE C.V.",0,0,0,0,2463,2463
106223,15/10/2017,2017,10,C373,MAXCOM,C0373,MAXCOM,"MAXCOM TELECOMUNICACIONES, S.A.B. DE C.V.",0,0,0,0,2149,2149
106223,15/11/2017,2017,11,C373,MAXCOM,C0373,MAXCOM,"MAXCOM TELECOMUNICACIONES, S.A.B. DE C.V.",0,0,0,0,3019,3019
106223,15/12/2017,2017,12,C373,MAXCOM,C0373,MAXCOM,"MAXCOM TELECOMUNICACIONES, S.A.B. DE C.V.",0,0,0,0,6096,6096
106223,15/01/2018,2018,1,C373,MAXCOM,C0373,MAXCOM,"MAXCOM TELECOMUNICACIONES, S.A.B. DE C.V.",8098,0,0,0,0,8098
106223,15/02/2018,2018,2,C373,MAXCOM,C0373,MAXCOM,"MAXCOM TELECOMUNICACIONES, S.A.B. DE C.V.",9125,0,0,0,0,9125
106223,15/03/2018,2018,3,C373,MAXCOM,C0373,MAXCOM,"MAXCOM TELECOMUNICACIONES, S.A.B. DE C.V.",12766,0,0,0,0,12766
106223,15/04/2018,2018,4,C373,MAXCOM,C0373,MAXCOM,"MAXCOM TELECOMUNICACIONES, S.A.B. DE C.V.",16525,0,0,0,0,16525
106223,15/05/2018,2018,5,C373,MAXCOM,C0373,MAXCOM,"MAXCOM TELECOMUNICACIONES, S.A.B. DE C.V.",18270,0,0,0,0,18270
106223,15/06/2018,2018,6,C373,MAXCOM,C0373,MAXCOM,"MAXCOM TELECOMUNICACIONES, S.A.B. DE C.V.",17838,0,0,0,0,17838
106223,15/07/2018,2018,7,C373,MAXCOM,C0373,MAXCOM,"MAXCOM TELECOMUNICACIONES, S.A.B. DE C.V.",20360,0,0,0,0,20360
106223,15/08/2018,2018,8,C373,MAXCOM,C0373,MAXCOM,"MAXCOM TELECOMUNICACIONES, S.A.B. DE C.V.",23120,0,0,0,0,23120
106223,15/09/2018,2018,9,C373,MAXCOM,C0373,MAXCOM,"MAXCOM TELECOMUNICACIONES, S.A.B. DE C.V.",27397,0,0,0,0,27397
106223,15/10/2018,2018,10,C373,MAXCOM,C0373,MAXCOM,"MAXCOM TELECOMUNICACIONES, S.A.B. DE C.V.",40868,0,0,0,0,40868
106223,15/11/2018,2018,11,C373,MAXCOM,C0373,MAXCOM,"MAXCOM TELECOMUNICACIONES, S.A.B. DE C.V.",50979,0,0,0,0,50979
106223,15/12/2018,2018,12,C373,MAXCOM,C0373,MAXCOM,"MAXCOM TELECOMUNICACIONES, S.A.B. DE C.V.",47895,0,0,0,0,47895
106223,15/01/2019,2019,1,C373,MAXCOM,C0373,MAXCOM,"MAXCOM TELECOMUNICACIONES, S.A.B. DE C.V.",45507,0,0,0,0,45507
106223,15/02/2019,2019,2,C373,MAXCOM,C0373,MAXCOM,"MAXCOM TELECOMUNICACIONES, S.A.B. DE C.V.",42258,0,0,0,0,42258
106223,15/03/2019,2019,3,C373,MAXCOM,C0373,MAXCOM,"MAXCOM TELECOMUNICACIONES, S.A.B. DE C.V.",39963,0,0,0,0,39963
106223,15/04/2019,2019,4,C373,MAXCOM,C0373,MAXCOM,"MAXCOM TELECOMUNICACIONES, S.A.B. DE C.V.",37325,0,0,0,0,37325
106223,15/05/2019,2019,5,C373,MAXCOM,C0373,MAXCOM,"MAXCOM TELECOMUNICACIONES, S.A.B. DE C.V.",34157,0,0,0,0,34157
106223,15/06/2019,2019,6,C373,MAXCOM,C0373,MAXCOM,"MAXCOM TELECOMUNICACIONES, S.A.B. DE C.V.",29589,0,0,0,0,29589
106223,15/07/2019,2019,7,C373,MAXCOM,C0373,MAXCOM,"MAXCOM TELECOMUNICACIONES, S.A.B. DE C.V.",24175,0,0,0,0,24175
106223,15/08/2019,2019,8,C373,MAXCOM,C0373,MAXCOM,"MAXCOM TELECOMUNICACIONES, S.A.B. DE C.V.",22655,0,0,0,0,22655
106223,15/09/2019,2019,9,C373,MAXCOM,C0373,MAXCOM,"MAXCOM TELECOMUNICACIONES, S.A.B. DE C.V.",20930,0,0,0,0,20930
106223,15/10/2019,2019,10,C373,MAXCOM,C0373,MAXCOM,"MAXCOM TELECOMUNICACIONES, S.A.B. DE C.V.",17826,0,0,0,0,17826
106223,15/11/2019,2019,11,C373,MAXCOM,C0373,MAXCOM,"MAXCOM TELECOMUNICACIONES, S.A.B. DE C.V.",15959,0,0,0,0,15959
106223,15/12/2019,2019,12,C373,MAXCOM,C0373,MAXCOM,"MAXCOM TELECOMUNICACIONES, S.A.B. DE C.V.",13364,0,0,0,0,13364
106633,15/10/2017,2017,10,C705,TOKA MOVIL,C0705,TOKA MOVIL,"OPENIP COMUNICACIONES, S.A. DE C.V.",0,0,0,0,767,767
106633,15/11/2017,2017,11,C705,TOKA MOVIL,C0705,TOKA MOVIL,"OPENIP COMUNICACIONES, S.A. DE C.V.",0,0,0,0,147,147
106633,15/12/2017,2017,12,C705,TOKA MOVIL,C0705,TOKA MOVIL,"OPENIP COMUNICACIONES, S.A. DE C.V.",0,0,0,0,77,77
106633,15/01/2018,2018,1,C705,TOKA MOVIL,C0705,TOKA MOVIL,"OPENIP COMUNICACIONES, S.A. DE C.V.",0,0,0,0,163,163
106633,15/02/2018,2018,2,C705,TOKA MOVIL,C0705,TOKA MOVIL,"OPENIP COMUNICACIONES, S.A. DE C.V.",0,0,0,0,489,489
106633,15/03/2018,2018,3,C705,TOKA MOVIL,C0705,TOKA MOVIL,"OPENIP COMUNICACIONES, S.A. DE C.V.",0,0,0,0,1441,1441
106633,15/04/2018,2018,4,C705,TOKA MOVIL,C0705,TOKA MOVIL,"OPENIP COMUNICACIONES, S.A. DE C.V.",0,0,0,0,1912,1912
106633,15/05/2018,2018,5,C705,TOKA MOVIL,C0705,TOKA MOVIL,"OPENIP COMUNICACIONES, S.A. DE C.V.",0,0,0,0,3101,3101
106633,15/06/2018,2018,6,C705,TOKA MOVIL,C0705,TOKA MOVIL,"OPENIP COMUNICACIONES, S.A. DE C.V.",0,0,0,0,1767,1767
106633,15/07/2018,2018,7,C705,TOKA MOVIL,C0705,TOKA MOVIL,"OPENIP COMUNICACIONES, S.A. DE C.V.",0,0,0,0,1689,1689
106633,15/08/2018,2018,8,C705,TOKA MOVIL,C0705,TOKA MOVIL,"OPENIP COMUNICACIONES, S.A. DE C.V.",0,0,0,0,1326,1326
106633,15/09/2018,2018,9,C705,TOKA MOVIL,C0705,TOKA MOVIL,"OPENIP COMUNICACIONES, S.A. DE C.V.",0,0,0,0,1204,1204
106633,15/10/2018,2018,10,C705,TOKA MOVIL,C0705,TOKA MOVIL,"OPENIP COMUNICACIONES, S.A. DE C.V.",0,0,0,0,1029,1029
106633,15/11/2018,2018,11,C705,TOKA MOVIL,C0705,TOKA MOVIL,"OPENIP COMUNICACIONES, S.A. DE C.V.",0,0,0,0,955,955
106633,15/12/2018,2018,12,C705,TOKA MOVIL,C0705,TOKA MOVIL,"OPENIP COMUNICACIONES, S.A. DE C.V.",0,0,0,0,895,895
106633,15/01/2019,2019,1,C705,TOKA MOVIL,C0705,TOKA MOVIL,"OPENIP COMUNICACIONES, S.A. DE C.V.",0,0,0,0,876,876
106633,15/02/2019,2019,2,C705,TOKA MOVIL,C0705,TOKA MOVIL,"OPENIP COMUNICACIONES, S.A. DE C.V.",0,0,0,0,831,831
106633,15/03/2019,2019,3,C705,TOKA MOVIL,C0705,TOKA MOVIL,"OPENIP COMUNICACIONES, S.A. DE C.V.",0,0,0,0,877,877
106633,15/04/2019,2019,4,C705,TOKA MOVIL,C0705,TOKA MOVIL,"OPENIP COMUNICACIONES, S.A. DE C.V.",0,0,0,0,829,829
106633,15/05/2019,2019,5,C705,TOKA MOVIL,C0705,TOKA MOVIL,"OPENIP COMUNICACIONES, S.A. DE C.V.",0,0,0,0,837,837
106633,15/06/2019,2019,6,C705,TOKA MOVIL,C0705,TOKA MOVIL,"OPENIP COMUNICACIONES, S.A. DE C.V.",0,0,0,0,835,835
106633,15/07/2019,2019,7,C705,TOKA MOVIL,C0705,TOKA MOVIL,"OPENIP COMUNICACIONES, S.A. DE C.V.",0,0,0,0,874,874
106633,15/08/2019,2019,8,C705,TOKA MOVIL,C0705,TOKA MOVIL,"OPENIP COMUNICACIONES, S.A. DE C.V.",0,0,0,0,993,993
106633,15/09/2019,2019,9,C705,TOKA MOVIL,C0705,TOKA MOVIL,"OPENIP COMUNICACIONES, S.A. DE C.V.",0,0,0,0,988,988
106633,15/10/2019,2019,10,C705,TOKA MOVIL,C0705,TOKA MOVIL,"OPENIP COMUNICACIONES, S.A. DE C.V.",0,0,0,0,899,899
106633,15/11/2019,2019,11,C705,TOKA MOVIL,C0705,TOKA MOVIL,"OPENIP COMUNICACIONES, S.A. DE C.V.",0,0,0,0,899,899
106633,15/12/2019,2019,12,C705,TOKA MOVIL,C0705,TOKA MOVIL,"OPENIP COMUNICACIONES, S.A. DE C.V.",0,0,0,0,932,932
106633,15/01/2020,2020,1,C705,TOKA MOVIL,C0705,TOKA MOVIL,"OPENIP COMUNICACIONES, S.A. DE C.V.",0,0,0,0,1023,1023
106633,15/02/2020,2020,2,C705,TOKA MOVIL,C0705,TOKA MOVIL,"OPENIP COMUNICACIONES, S.A. DE C.V.",0,0,0,0,1119,1119
106633,15/03/2020,2020,3,C705,TOKA MOVIL,C0705,TOKA MOVIL,"OPENIP COMUNICACIONES, S.A. DE C.V.",0,0,0,0,1110,1110
106633,15/04/2020,2020,4,C705,TOKA MOVIL,C0705,TOKA MOVIL,"OPENIP COMUNICACIONES, S.A. DE C.V.",0,0,0,0,984,984
106633,15/05/2020,2020,5,C705,TOKA MOVIL,C0705,TOKA MOVIL,"OPENIP COMUNICACIONES, S.A. DE C.V.",0,0,0,0,909,909
106633,15/06/2020,2020,6,C705,TOKA MOVIL,C0705,TOKA MOVIL,"OPENIP COMUNICACIONES, S.A. DE C.V.",0,0,0,0,859,859
106633,15/07/2020,2020,7,C705,TOKA MOVIL,C0705,TOKA MOVIL,"OPENIP COMUNICACIONES, S.A. DE C.V.",0,0,0,0,802,802
106633,15/08/2020,2020,8,C705,TOKA MOVIL,C0705,TOKA MOVIL,"OPENIP COMUNICACIONES, S.A. DE C.V.",0,0,0,0,812,812
106633,15/09/2020,2020,9,C705,TOKA MOVIL,C0705,TOKA MOVIL,"OPENIP COMUNICACIONES, S.A. DE C.V.",0,0,0,0,832,832
106633,15/10/2020,2020,10,C705,TOKA MOVIL,C0705,TOKA MOVIL,"OPENIP COMUNICACIONES, S.A. DE C.V.",0,0,0,0,796,796
106633,15/11/2020,2020,11,C705,TOKA MOVIL,C0705,TOKA MOVIL,"OPENIP COMUNICACIONES, S.A. DE C.V.",0,0,0,0,769,769
106633,15/12/2020,2020,12,C705,TOKA MOVIL,C0705,TOKA MOVIL,"OPENIP COMUNICACIONES, S.A. DE C.V.",0,0,0,0,759,759
106633,15/01/2021,2021,1,C705,TOKA MOVIL,C0705,TOKA MOVIL,"OPENIP COMUNICACIONES, S.A. DE C.V.",0,0,0,0,709,709
106633,15/02/2021,2021,2,C705,TOKA MOVIL,C0705,TOKA MOVIL,"OPENIP COMUNICACIONES, S.A. DE C.V.",0,0,0,0,709,709
106633,15/03/2021,2021,3,C705,TOKA MOVIL,C0705,TOKA MOVIL,"OPENIP COMUNICACIONES, S.A. DE C.V.",0,0,0,0,695,695
106633,15/04/2021,2021,4,C705,TOKA MOVIL,C0705,TOKA MOVIL,"OPENIP COMUNICACIONES, S.A. DE C.V.",0,0,0,0,685,685
106633,15/05/2021,2021,5,C705,TOKA MOVIL,C0705,TOKA MOVIL,"OPENIP COMUNICACIONES, S.A. DE C.V.",0,0,0,0,705,705
106633,15/06/2021,2021,6,C705,TOKA MOVIL,C0705,TOKA MOVIL,"OPENIP COMUNICACIONES, S.A. DE C.V.",0,0,0,0,732,732
106633,15/07/2021,2021,7,C705,TOKA MOVIL,C0705,TOKA MOVIL,"OPENIP COMUNICACIONES, S.A. DE C.V.",0,0,0,0,732,732
106633,15/08/2021,2021,8,C705,TOKA MOVIL,C0705,TOKA MOVIL,"OPENIP COMUNICACIONES, S.A. DE C.V.",0,0,0,0,812,812
106633,15/09/2021,2021,9,C705,TOKA MOVIL,C0705,TOKA MOVIL,"OPENIP COMUNICACIONES, S.A. DE C.V.",0,0,0,0,808,808
106633,15/10/2021,2021,10,C705,TOKA MOVIL,C0705,TOKA MOVIL,"OPENIP COMUNICACIONES, S.A. DE C.V.",0,0,0,0,770,770
106633,15/11/2021,2021,11,C705,TOKA MOVIL,C0705,TOKA MOVIL,"OPENIP COMUNICACIONES, S.A. DE C.V.",0,0,0,0,835,835
106633,15/12/2021,2021,12,C705,TOKA MOVIL,C0705,TOKA MOVIL,"OPENIP COMUNICACIONES, S.A. DE C.V.",0,0,0,0,930,930
106749,15/03/2021,2021,3,C516,AFCAZA,C0516,AFCAZA,"AFCAZA, S.A.P.I. DE C.V.",0,0,0,0,29,29
106749,15/06/2021,2021,6,C516,AFCAZA,C0516,AFCAZA,"AFCAZA, S.A.P.I. DE C.V.",0,0,0,0,10,10
106749,15/07/2021,2021,7,C516,AFCAZA,C0516,AFCAZA,"AFCAZA, S.A.P.I. DE C.V.",0,0,0,0,2,2
106749,15/08/2021,2021,8,C516,AFCAZA,C0516,AFCAZA,"AFCAZA, S.A.P.I. DE C.V.",0,0,0,0,15,15
106749,15/09/2021,2021,9,C516,AFCAZA,C0516,AFCAZA,"AFCAZA, S.A.P.I. DE C.V.",0,0,0,0,24,24
106749,15/10/2021,2021,10,C516,AFCAZA,C0516,AFCAZA,"AFCAZA, S.A.P.I. DE C.V.",0,0,0,0,12,12
106749,15/11/2021,2021,11,C516,AFCAZA,C0516,AFCAZA,"AFCAZA, S.A.P.I. DE C.V.",0,0,0,0,21,21
106749,15/12/2021,2021,12,C516,AFCAZA,C0516,AFCAZA,"AFCAZA, S.A.P.I. DE C.V.",0,0,0,0,5,5
106749,15/01/2022,2022,1,C516,AFCAZA,C0516,AFCAZA,"AFCAZA, S.A.P.I. DE C.V.",0,0,0,0,1,1
106749,15/02/2022,2022,2,C516,AFCAZA,C0516,AFCAZA,"AFCAZA, S.A.P.I. DE C.V.",0,0,0,0,5,5
106749,15/03/2022,2022,3,C516,AFCAZA,C0516,AFCAZA,"AFCAZA, S.A.P.I. DE C.V.",0,0,0,0,9,9
106749,15/04/2022,2022,4,C516,AFCAZA,C0516,AFCAZA,"AFCAZA, S.A.P.I. DE C.V.",0,0,0,0,9,9
106749,15/05/2022,2022,5,C516,AFCAZA,C0516,AFCAZA,"AFCAZA, S.A.P.I. DE C.V.",0,0,0,0,14,14
106749,15/06/2022,2022,6,C516,AFCAZA,C0516,AFCAZA,"AFCAZA, S.A.P.I. DE C.V.",0,0,0,0,34,34
106749,15/07/2022,2022,7,C516,AFCAZA,C0516,AFCAZA,"AFCAZA, S.A.P.I. DE C.V.",0,0,0,0,36,36
106749,15/08/2022,2022,8,C516,AFCAZA,C0516,AFCAZA,"AFCAZA, S.A.P.I. DE C.V.",0,0,0,0,36,36
106749,15/09/2022,2022,9,C516,AFCAZA,C0516,AFCAZA,"AFCAZA, S.A.P.I. DE C.V.",0,0,0,0,40,40
106749,15/10/2022,2022,10,C516,AFCAZA,C0516,AFCAZA,"AFCAZA, S.A.P.I. DE C.V.",0,0,0,0,76,76
106749,15/11/2022,2022,11,C516,AFCAZA,C0516,AFCAZA,"AFCAZA, S.A.P.I. DE C.V.",0,0,0,0,94,94
106749,15/12/2022,2022,12,C516,AFCAZA,C0516,AFCAZA,"AFCAZA, S.A.P.I. DE C.V.",0,0,0,0,107,107
106830,15/06/2014,2014,6,C629,VIRGIN MOBILE,C0629,VIRGIN MOBILE,"VIRGIN MOBILE MEXICO, S. DE R.L. DE C.V.",2643,0,0,0,0,2643
106830,15/07/2014,2014,7,C629,VIRGIN MOBILE,C0629,VIRGIN MOBILE,"VIRGIN MOBILE MEXICO, S. DE R.L. DE C.V.",18420,0,0,0,0,18420
106830,15/08/2014,2014,8,C629,VIRGIN MOBILE,C0629,VIRGIN MOBILE,"VIRGIN MOBILE MEXICO, S. DE R.L. DE C.V.",42696,0,0,0,0,42696
106830,15/09/2014,2014,9,C629,VIRGIN MOBILE,C0629,VIRGIN MOBILE,"VIRGIN MOBILE MEXICO, S. DE R.L. DE C.V.",60899,0,0,0,0,60899
106830,15/10/2014,2014,10,C629,VIRGIN MOBILE,C0629,VIRGIN MOBILE,"VIRGIN MOBILE MEXICO, S. DE R.L. DE C.V.",73929,0,0,0,0,73929
106830,15/11/2014,2014,11,C629,VIRGIN MOBILE,C0629,VIRGIN MOBILE,"VIRGIN MOBILE MEXICO, S. DE R.L. DE C.V.",101126,0,0,0,0,101126
106830,15/12/2014,2014,12,C629,VIRGIN MOBILE,C0629,VIRGIN MOBILE,"VIRGIN MOBILE MEXICO, S. DE R.L. DE C.V.",114025,0,0,0,0,114025
106830,15/01/2015,2015,1,C629,VIRGIN MOBILE,C0629,VIRGIN MOBILE,"VIRGIN MOBILE MEXICO, S. DE R.L. DE C.V.",126192,0,0,0,0,126192
106830,15/02/2015,2015,2,C629,VIRGIN MOBILE,C0629,VIRGIN MOBILE,"VIRGIN MOBILE MEXICO, S. DE R.L. DE C.V.",140398,0,0,0,0,140398
106830,15/03/2015,2015,3,C629,VIRGIN MOBILE,C0629,VIRGIN MOBILE,"VIRGIN MOBILE MEXICO, S. DE R.L. DE C.V.",183407,0,0,0,0,183407
106830,15/04/2015,2015,4,C629,VIRGIN MOBILE,C0629,VIRGIN MOBILE,"VIRGIN MOBILE MEXICO, S. DE R.L. DE C.V.",220136,0,0,0,0,220136
106830,15/05/2015,2015,5,C629,VIRGIN MOBILE,C0629,VIRGIN MOBILE,"VIRGIN MOBILE MEXICO, S. DE R.L. DE C.V.",283659,0,0,0,0,283659
106830,15/06/2015,2015,6,C629,VIRGIN MOBILE,C0629,VIRGIN MOBILE,"VIRGIN MOBILE MEXICO, S. DE R.L. DE C.V.",333193,0,0,0,0,333193
106830,15/07/2015,2015,7,C629,VIRGIN MOBILE,C0629,VIRGIN MOBILE,"VIRGIN MOBILE MEXICO, S. DE R.L. DE C.V.",409954,0,0,0,0,409954
106830,15/08/2015,2015,8,C629,VIRGIN MOBILE,C0629,VIRGIN MOBILE,"VIRGIN MOBILE MEXICO, S. DE R.L. DE C.V.",478237,0,0,0,0,478237
106830,15/09/2015,2015,9,C629,VIRGIN MOBILE,C0629,VIRGIN MOBILE,"VIRGIN MOBILE MEXICO, S. DE R.L. DE C.V.",544515,0,0,0,0,544515
106830,15/10/2015,2015,10,C629,VIRGIN MOBILE,C0629,VIRGIN MOBILE,"VIRGIN MOBILE MEXICO, S. DE R.L. DE C.V.",596503,0,0,0,0,596503
106830,15/11/2015,2015,11,C629,VIRGIN MOBILE,C0629,VIRGIN MOBILE,"VIRGIN MOBILE MEXICO, S. DE R.L. DE C.V.",657585,0,0,0,0,657585
106830,15/12/2015,2015,12,C629,VIRGIN MOBILE,C0629,VIRGIN MOBILE,"VIRGIN MOBILE MEXICO, S. DE R.L. DE C.V.",701429,0,0,0,0,701429
106830,15/01/2016,2016,1,C629,VIRGIN MOBILE,C0629,VIRGIN MOBILE,"VIRGIN MOBILE MEXICO, S. DE R.L. DE C.V.",661000,0,0,0,0,661000
106830,15/02/2016,2016,2,C629,VIRGIN MOBILE,C0629,VIRGIN MOBILE,"VIRGIN MOBILE MEXICO, S. DE R.L. DE C.V.",631973,0,0,0,0,631973
106830,15/03/2016,2016,3,C629,VIRGIN MOBILE,C0629,VIRGIN MOBILE,"VIRGIN MOBILE MEXICO, S. DE R.L. DE C.V.",695638,0,0,0,0,695638
106830,15/04/2016,2016,4,C629,VIRGIN MOBILE,C0629,VIRGIN MOBILE,"VIRGIN MOBILE MEXICO, S. DE R.L. DE C.V.",701471,0,0,0,0,701471
106830,15/05/2016,2016,5,C629,VIRGIN MOBILE,C0629,VIRGIN MOBILE,"VIRGIN MOBILE MEXICO, S. DE R.L. DE C.V.",702093,0,0,0,0,702093
106830,15/06/2016,2016,6,C629,VIRGIN MOBILE,C0629,VIRGIN MOBILE,"VIRGIN MOBILE MEXICO, S. DE R.L. DE C.V.",705989,0,0,0,0,705989
106830,15/07/2016,2016,7,C629,VIRGIN MOBILE,C0629,VIRGIN MOBILE,"VIRGIN MOBILE MEXICO, S. DE R.L. DE C.V.",729029,0,0,0,0,729029
106830,15/08/2016,2016,8,C629,VIRGIN MOBILE,C0629,VIRGIN MOBILE,"VIRGIN MOBILE MEXICO, S. DE R.L. DE C.V.",749050,0,0,0,0,749050
106830,15/09/2016,2016,9,C629,VIRGIN MOBILE,C0629,VIRGIN MOBILE,"VIRGIN MOBILE MEXICO, S. DE R.L. DE C.V.",763251,0,0,0,0,763251
106830,15/10/2016,2016,10,C629,VIRGIN MOBILE,C0629,VIRGIN MOBILE,"VIRGIN MOBILE MEXICO, S. DE R.L. DE C.V.",770752,0,0,0,0,770752
106830,15/11/2016,2016,11,C629,VIRGIN MOBILE,C0629,VIRGIN MOBILE,"VIRGIN MOBILE MEXICO, S. DE R.L. DE C.V.",807974,0,0,0,0,807974
106830,15/12/2016,2016,12,C629,VIRGIN MOBILE,C0629,VIRGIN MOBILE,"VIRGIN MOBILE MEXICO, S. DE R.L. DE C.V.",842350,0,0,0,0,842350
106830,15/01/2017,2017,1,C629,VIRGIN MOBILE,C0629,VIRGIN MOBILE,"VIRGIN MOBILE MEXICO, S. DE R.L. DE C.V.",855539,0,0,0,0,855539
106830,15/02/2017,2017,2,C629,VIRGIN MOBILE,C0629,VIRGIN MOBILE,"VIRGIN MOBILE MEXICO, S. DE R.L. DE C.V.",837741,0,0,0,0,837741
106830,15/03/2017,2017,3,C629,VIRGIN MOBILE,C0629,VIRGIN MOBILE,"VIRGIN MOBILE MEXICO, S. DE R.L. DE C.V.",801810,0,0,0,0,801810
106830,15/04/2017,2017,4,C629,VIRGIN MOBILE,C0629,VIRGIN MOBILE,"VIRGIN MOBILE MEXICO, S. DE R.L. DE C.V.",780196,0,0,0,0,780196
106830,15/05/2017,2017,5,C629,VIRGIN MOBILE,C0629,VIRGIN MOBILE,"VIRGIN MOBILE MEXICO, S. DE R.L. DE C.V.",765513,0,0,0,0,765513
106830,15/06/2017,2017,6,C629,VIRGIN MOBILE,C0629,VIRGIN MOBILE,"VIRGIN MOBILE MEXICO, S. DE R.L. DE C.V.",757502,0,0,0,0,757502
106830,15/07/2017,2017,7,C629,VIRGIN MOBILE,C0629,VIRGIN MOBILE,"VIRGIN MOBILE MEXICO, S. DE R.L. DE C.V.",744990,0,0,0,0,744990
106830,15/08/2017,2017,8,C629,VIRGIN MOBILE,C0629,VIRGIN MOBILE,"VIRGIN MOBILE MEXICO, S. DE R.L. DE C.V.",725388,0,0,0,0,725388
106830,15/09/2017,2017,9,C629,VIRGIN MOBILE,C0629,VIRGIN MOBILE,"VIRGIN MOBILE MEXICO, S. DE R.L. DE C.V.",702819,0,0,0,0,702819
106830,15/10/2017,2017,10,C629,VIRGIN MOBILE,C0629,VIRGIN MOBILE,"VIRGIN MOBILE MEXICO, S. DE R.L. DE C.V.",674528,0,0,0,0,674528
106830,15/11/2017,2017,11,C629,VIRGIN MOBILE,C0629,VIRGIN MOBILE,"VIRGIN MOBILE MEXICO, S. DE R.L. DE C.V.",654245,0,0,0,0,654245
106830,15/12/2017,2017,12,C629,VIRGIN MOBILE,C0629,VIRGIN MOBILE,"VIRGIN MOBILE MEXICO, S. DE R.L. DE C.V.",635168,0,0,0,0,635168
106830,15/01/2018,2018,1,C629,VIRGIN MOBILE,C0629,VIRGIN MOBILE,"VIRGIN MOBILE MEXICO, S. DE R.L. DE C.V.",618165,0,0,0,0,618165
106830,15/02/2018,2018,2,C629,VIRGIN MOBILE,C0629,VIRGIN MOBILE,"VIRGIN MOBILE MEXICO, S. DE R.L. DE C.V.",604920,0,0,0,0,604920
106830,15/03/2018,2018,3,C629,VIRGIN MOBILE,C0629,VIRGIN MOBILE,"VIRGIN MOBILE MEXICO, S. DE R.L. DE C.V.",589819,0,0,0,0,589819
106830,15/04/2018,2018,4,C629,VIRGIN MOBILE,C0629,VIRGIN MOBILE,"VIRGIN MOBILE MEXICO, S. DE R.L. DE C.V.",587010,0,0,0,0,587010
106830,15/05/2018,2018,5,C629,VIRGIN MOBILE,C0629,VIRGIN MOBILE,"VIRGIN MOBILE MEXICO, S. DE R.L. DE C.V.",586174,0,0,0,0,586174
106830,15/06/2018,2018,6,C629,VIRGIN MOBILE,C0629,VIRGIN MOBILE,"VIRGIN MOBILE MEXICO, S. DE R.L. DE C.V.",607675,0,0,0,0,607675
106830,15/07/2018,2018,7,C629,VIRGIN MOBILE,C0629,VIRGIN MOBILE,"VIRGIN MOBILE MEXICO, S. DE R.L. DE C.V.",619640,0,0,0,0,619640
106830,15/08/2018,2018,8,C629,VIRGIN MOBILE,C0629,VIRGIN MOBILE,"VIRGIN MOBILE MEXICO, S. DE R.L. DE C.V.",470329,0,0,0,0,470329
106830,15/09/2018,2018,9,C629,VIRGIN MOBILE,C0629,VIRGIN MOBILE,"VIRGIN MOBILE MEXICO, S. DE R.L. DE C.V.",302314,0,0,0,0,302314
106830,15/10/2018,2018,10,C629,VIRGIN MOBILE,C0629,VIRGIN MOBILE,"VIRGIN MOBILE MEXICO, S. DE R.L. DE C.V.",323203,0,0,0,0,323203
106830,15/11/2018,2018,11,C629,VIRGIN MOBILE,C0629,VIRGIN MOBILE,"VIRGIN MOBILE MEXICO, S. DE R.L. DE C.V.",284822,0,0,0,0,284822
106830,15/12/2018,2018,12,C629,VIRGIN MOBILE,C0629,VIRGIN MOBILE,"VIRGIN MOBILE MEXICO, S. DE R.L. DE C.V.",281660,0,0,0,0,281660
106830,15/01/2019,2019,1,C629,VIRGIN MOBILE,C0629,VIRGIN MOBILE,"VIRGIN MOBILE MEXICO, S. DE R.L. DE C.V.",266656,0,0,0,0,266656
106830,15/02/2019,2019,2,C629,VIRGIN MOBILE,C0629,VIRGIN MOBILE,"VIRGIN MOBILE MEXICO, S. DE R.L. DE C.V.",247715,0,0,0,0,247715
106830,15/03/2019,2019,3,C629,VIRGIN MOBILE,C0629,VIRGIN MOBILE,"VIRGIN MOBILE MEXICO, S. DE R.L. DE C.V.",237936,0,0,0,0,237936
106830,15/04/2019,2019,4,C629,VIRGIN MOBILE,C0629,VIRGIN MOBILE,"VIRGIN MOBILE MEXICO, S. DE R.L. DE C.V.",245326,0,0,0,0,245326
106830,15/05/2019,2019,5,C629,VIRGIN MOBILE,C0629,VIRGIN MOBILE,"VIRGIN MOBILE MEXICO, S. DE R.L. DE C.V.",246092,0,0,0,0,246092
106830,15/06/2019,2019,6,C629,VIRGIN MOBILE,C0629,VIRGIN MOBILE,"VIRGIN MOBILE MEXICO, S. DE R.L. DE C.V.",239524,0,0,0,0,239524
106830,15/07/2019,2019,7,C629,VIRGIN MOBILE,C0629,VIRGIN MOBILE,"VIRGIN MOBILE MEXICO, S. DE R.L. DE C.V.",240129,0,0,0,0,240129
106830,15/08/2019,2019,8,C629,VIRGIN MOBILE,C0629,VIRGIN MOBILE,"VIRGIN MOBILE MEXICO, S. DE R.L. DE C.V.",241138,0,0,0,0,241138
106830,15/09/2019,2019,9,C629,VIRGIN MOBILE,C0629,VIRGIN MOBILE,"VIRGIN MOBILE MEXICO, S. DE R.L. DE C.V.",247578,0,0,0,0,247578
106830,15/10/2019,2019,10,C629,VIRGIN MOBILE,C0629,VIRGIN MOBILE,"VIRGIN MOBILE MEXICO, S. DE R.L. DE C.V.",245682,0,0,0,0,245682
106830,15/11/2019,2019,11,C629,VIRGIN MOBILE,C0629,VIRGIN MOBILE,"VIRGIN MOBILE MEXICO, S. DE R.L. DE C.V.",242809,0,0,0,0,242809
106830,15/12/2019,2019,12,C629,VIRGIN MOBILE,C0629,VIRGIN MOBILE,"VIRGIN MOBILE MEXICO, S. DE R.L. DE C.V.",221190,0,0,0,0,221190
106830,15/01/2020,2020,1,C629,VIRGIN MOBILE,C0629,VIRGIN MOBILE,"VIRGIN MOBILE MEXICO, S. DE R.L. DE C.V.",227362,0,0,0,0,227362
106830,15/02/2020,2020,2,C629,VIRGIN MOBILE,C0629,VIRGIN MOBILE,"VIRGIN MOBILE MEXICO, S. DE R.L. DE C.V.",226790,0,0,0,0,226790
106830,15/03/2020,2020,3,C629,VIRGIN MOBILE,C0629,VIRGIN MOBILE,"VIRGIN MOBILE MEXICO, S. DE R.L. DE C.V.",223311,0,0,0,0,223311
106830,15/04/2020,2020,4,C629,VIRGIN MOBILE,C0629,VIRGIN MOBILE,"VIRGIN MOBILE MEXICO, S. DE R.L. DE C.V.",217220,0,0,0,0,217220
106830,15/05/2020,2020,5,C629,VIRGIN MOBILE,C0629,VIRGIN MOBILE,"VIRGIN MOBILE MEXICO, S. DE R.L. DE C.V.",211080,0,0,0,0,211080
106830,15/06/2020,2020,6,C629,VIRGIN MOBILE,C0629,VIRGIN MOBILE,"VIRGIN MOBILE MEXICO, S. DE R.L. DE C.V.",207142,0,0,0,0,207142
106830,15/07/2020,2020,7,C629,VIRGIN MOBILE,C0629,VIRGIN MOBILE,"VIRGIN MOBILE MEXICO, S. DE R.L. DE C.V.",212675,0,0,0,0,212675
106830,15/08/2020,2020,8,C629,VIRGIN MOBILE,C0629,VIRGIN MOBILE,"VIRGIN MOBILE MEXICO, S. DE R.L. DE C.V.",219530,0,0,0,0,219530
106830,15/09/2020,2020,9,C629,VIRGIN MOBILE,C0629,VIRGIN MOBILE,"VIRGIN MOBILE MEXICO, S. DE R.L. DE C.V.",224187,0,0,0,0,224187
106830,15/10/2020,2020,10,C629,VIRGIN MOBILE,C0629,VIRGIN MOBILE,"VIRGIN MOBILE MEXICO, S. DE R.L. DE C.V.",225834,0,0,0,0,225834
106830,15/11/2020,2020,11,C629,VIRGIN MOBILE,C0629,VIRGIN MOBILE,"VIRGIN MOBILE MEXICO, S. DE R.L. DE C.V.",226878,0,0,0,0,226878
106830,15/12/2020,2020,12,C629,VIRGIN MOBILE,C0629,VIRGIN MOBILE,"VIRGIN MOBILE MEXICO, S. DE R.L. DE C.V.",234993,0,0,0,0,234993
106830,15/01/2021,2021,1,C629,VIRGIN MOBILE,C0629,VIRGIN MOBILE,"VIRGIN MOBILE MEXICO, S. DE R.L. DE C.V.",267559,0,0,0,0,267559
106830,15/02/2021,2021,2,C629,VIRGIN MOBILE,C0629,VIRGIN MOBILE,"VIRGIN MOBILE MEXICO, S. DE R.L. DE C.V.",296028,0,0,0,0,296028
106830,15/03/2021,2021,3,C629,VIRGIN MOBILE,C0629,VIRGIN MOBILE,"VIRGIN MOBILE MEXICO, S. DE R.L. DE C.V.",328716,0,0,0,0,328716
106830,15/04/2021,2021,4,C629,VIRGIN MOBILE,C0629,VIRGIN MOBILE,"VIRGIN MOBILE MEXICO, S. DE R.L. DE C.V.",350313,0,0,0,0,350313
106830,15/05/2021,2021,5,C629,VIRGIN MOBILE,C0629,VIRGIN MOBILE,"VIRGIN MOBILE MEXICO, S. DE R.L. DE C.V.",374514,0,0,0,0,374514
106830,15/06/2021,2021,6,C629,VIRGIN MOBILE,C0629,VIRGIN MOBILE,"VIRGIN MOBILE MEXICO, S. DE R.L. DE C.V.",400246,0,0,0,0,400246
106830,15/07/2021,2021,7,C629,VIRGIN MOBILE,C0629,VIRGIN MOBILE,"VIRGIN MOBILE MEXICO, S. DE R.L. DE C.V.",424336,0,0,0,0,424336
106830,15/08/2021,2021,8,C629,VIRGIN MOBILE,C0629,VIRGIN MOBILE,"VIRGIN MOBILE MEXICO, S. DE R.L. DE C.V.",456218,0,0,0,0,456218
106830,15/09/2021,2021,9,C629,VIRGIN MOBILE,C0629,VIRGIN MOBILE,"VIRGIN MOBILE MEXICO, S. DE R.L. DE C.V.",484776,0,0,0,0,484776
106830,15/10/2021,2021,10,C629,VIRGIN MOBILE,C0629,VIRGIN MOBILE,"VIRGIN MOBILE MEXICO, S. DE R.L. DE C.V.",507856,0,0,0,0,507856
106830,15/11/2021,2021,11,C629,VIRGIN MOBILE,C0629,VIRGIN MOBILE,"VIRGIN MOBILE MEXICO, S. DE R.L. DE C.V.",557108,0,0,0,0,557108
106830,15/12/2021,2021,12,C629,VIRGIN MOBILE,C0629,VIRGIN MOBILE,"VIRGIN MOBILE MEXICO, S. DE R.L. DE C.V.",584622,0,0,0,0,584622
106830,15/01/2022,2022,1,C629,VIRGIN MOBILE,C0629,VIRGIN MOBILE,"VIRGIN MOBILE MEXICO, S. DE R.L. DE C.V.",602023,0,0,0,0,602023
106830,15/02/2022,2022,2,C629,VIRGIN MOBILE,C0629,VIRGIN MOBILE,"VIRGIN MOBILE MEXICO, S. DE R.L. DE C.V.",617208,0,0,0,0,617208
106830,15/03/2022,2022,3,C629,VIRGIN MOBILE,C0629,VIRGIN MOBILE,"VIRGIN MOBILE MEXICO, S. DE R.L. DE C.V.",635305,0,0,0,0,635305
106830,15/04/2022,2022,4,C629,VIRGIN MOBILE,C0629,VIRGIN MOBILE,"VIRGIN MOBILE MEXICO, S. DE R.L. DE C.V.",653287,0,0,0,0,653287
106830,15/05/2022,2022,5,C629,VIRGIN MOBILE,C0629,VIRGIN MOBILE,"VIRGIN MOBILE MEXICO, S. DE R.L. DE C.V.",672728,0,0,0,0,672728
106830,15/06/2022,2022,6,C629,VIRGIN MOBILE,C0629,VIRGIN MOBILE,"VIRGIN MOBILE MEXICO, S. DE R.L. DE C.V.",690306,0,0,0,0,690306
106830,15/07/2022,2022,7,C629,VIRGIN MOBILE,C0629,VIRGIN MOBILE,"VIRGIN MOBILE MEXICO, S. DE R.L. DE C.V.",708937,0,0,0,0,708937
106830,15/08/2022,2022,8,C629,VIRGIN MOBILE,C0629,VIRGIN MOBILE,"VIRGIN MOBILE MEXICO, S. DE R.L. DE C.V.",731457,0,0,0,0,731457
106830,15/09/2022,2022,9,C629,VIRGIN MOBILE,C0629,VIRGIN MOBILE,"VIRGIN MOBILE MEXICO, S. DE R.L. DE C.V.",752375,0,0,0,0,752375
106830,15/10/2022,2022,10,C629,VIRGIN MOBILE,C0629,VIRGIN MOBILE,"VIRGIN MOBILE MEXICO, S. DE R.L. DE C.V.",772806,0,0,0,0,772806
106830,15/11/2022,2022,11,C629,VIRGIN MOBILE,C0629,VIRGIN MOBILE,"VIRGIN MOBILE MEXICO, S. DE R.L. DE C.V.",796184,0,0,0,0,796184
106830,15/12/2022,2022,12,C629,VIRGIN MOBILE,C0629,VIRGIN MOBILE,"VIRGIN MOBILE MEXICO, S. DE R.L. DE C.V.",819200,0,0,0,0,819200
106830,15/01/2023,2023,1,C629,VIRGIN MOBILE,C0629,VIRGIN MOBILE,"VIRGIN MOBILE MEXICO, S. DE R.L. DE C.V.",855587,0,0,0,0,855587
106830,15/02/2023,2023,2,C629,VIRGIN MOBILE,C0629,VIRGIN MOBILE,"VIRGIN MOBILE MEXICO, S. DE R.L. DE C.V.",882397,0,0,0,0,882397
106830,15/03/2023,2023,3,C629,VIRGIN MOBILE,C0629,VIRGIN MOBILE,"VIRGIN MOBILE MEXICO, S. DE R.L. DE C.V.",904835,0,0,0,0,904835
106830,15/04/2023,2023,4,C629,VIRGIN MOBILE,C0629,VIRGIN MOBILE,"VIRGIN MOBILE MEXICO, S. DE R.L. DE C.V.",881630,0,0,0,0,881630
106830,15/05/2023,2023,5,C629,VIRGIN MOBILE,C0629,VIRGIN MOBILE,"VIRGIN MOBILE MEXICO, S. DE R.L. DE C.V.",928664,0,0,0,0,928664
106830,15/06/2023,2023,6,C629,VIRGIN MOBILE,C0629,VIRGIN MOBILE,"VIRGIN MOBILE MEXICO, S. DE R.L. DE C.V.",965283,0,0,0,0,965283
106830,15/07/2023,2023,7,C629,VIRGIN MOBILE,C0629,VIRGIN MOBILE,"VIRGIN MOBILE MEXICO, S. DE R.L. DE C.V.",964376,0,0,0,0,964376
106830,15/08/2023,2023,8,C629,VIRGIN MOBILE,C0629,VIRGIN MOBILE,"VIRGIN MOBILE MEXICO, S. DE R.L. DE C.V.",945909,0,0,0,0,945909
106830,15/09/2023,2023,9,C629,VIRGIN MOBILE,C0629,VIRGIN MOBILE,"VIRGIN MOBILE MEXICO, S. DE R.L. DE C.V.",881948,0,0,0,0,881948
106830,15/10/2023,2023,10,C629,VIRGIN MOBILE,C0629,VIRGIN MOBILE,"VIRGIN MOBILE MEXICO, S. DE R.L. DE C.V.",909159,0,0,0,0,909159
106830,15/11/2023,2023,11,C629,VIRGIN MOBILE,C0629,VIRGIN MOBILE,"VIRGIN MOBILE MEXICO, S. DE R.L. DE C.V.",914303,0,0,0,0,914303
106830,15/12/2023,2023,12,C629,VIRGIN MOBILE,C0629,VIRGIN MOBILE,"VIRGIN MOBILE MEXICO, S. DE R.L. DE C.V.",951567,0,0,0,0,951567
106830,15/01/2024,2024,1,C629,VIRGIN MOBILE,C0629,VIRGIN MOBILE,"VIRGIN MOBILE MEXICO, S. DE R.L. DE C.V.",954953,0,0,0,0,954953
106830,15/02/2024,2024,2,C629,VIRGIN MOBILE,C0629,VIRGIN MOBILE,"VIRGIN MOBILE MEXICO, S. DE R.L. DE C.V.",962850,0,0,0,0,962850
106830,15/03/2024,2024,3,C629,VIRGIN MOBILE,C0629,VIRGIN MOBILE,"VIRGIN MOBILE MEXICO, S. DE R.L. DE C.V.",1023220,0,0,0,0,1023220
106830,15/04/2024,2024,4,C629,VIRGIN MOBILE,C0629,VIRGIN MOBILE,"VIRGIN MOBILE MEXICO, S. DE R.L. DE C.V.",1110802,0,0,0,0,1110802
106830,15/05/2024,2024,5,C629,VIRGIN MOBILE,C0629,VIRGIN MOBILE,"VIRGIN MOBILE MEXICO, S. DE R.L. DE C.V.",1313178,0,0,0,0,1313178
106830,15/06/2024,2024,6,C629,VIRGIN MOBILE,C0629,VIRGIN MOBILE,"VIRGIN MOBILE MEXICO, S. DE R.L. DE C.V.",1286966,0,0,0,0,1286966
106830,15/07/2024,2024,7,C629,VIRGIN MOBILE,C0629,VIRGIN MOBILE,"VIRGIN MOBILE MEXICO, S. DE R.L. DE C.V.",1242475,0,0,0,0,1242475
106830,15/08/2024,2024,8,C629,VIRGIN MOBILE,C0629,VIRGIN MOBILE,"VIRGIN MOBILE MEXICO, S. DE R.L. DE C.V.",938811,0,0,0,0,938811
106830,15/09/2024,2024,9,C629,VIRGIN MOBILE,C0629,VIRGIN MOBILE,"VIRGIN MOBILE MEXICO, S. DE R.L. DE C.V.",925882,0,0,0,0,925882
106830,15/10/2024,2024,10,C629,VIRGIN MOBILE,C0629,VIRGIN MOBILE,"VIRGIN MOBILE MEXICO, S. DE R.L. DE C.V.",910564,0,0,0,0,910564
106830,15/11/2024,2024,11,C629,VIRGIN MOBILE,C0629,VIRGIN MOBILE,"VIRGIN MOBILE MEXICO, S. DE R.L. DE C.V.",931328,0,0,0,0,931328
106830,15/12/2024,2024,12,C629,VIRGIN MOBILE,C0629,VIRGIN MOBILE,"VIRGIN MOBILE MEXICO, S. DE R.L. DE C.V.",951567,0,0,0,0,951567
106835,15/01/2017,2017,1,C644,BUENO CELL,C0644,BUENO CELL,"IBO CELL, S.A.P.I. DE C.V.",0,0,0,0,407,407
106835,15/02/2017,2017,2,C644,BUENO CELL,C0644,BUENO CELL,"IBO CELL, S.A.P.I. DE C.V.",0,0,0,0,721,721
106835,15/03/2017,2017,3,C644,BUENO CELL,C0644,BUENO CELL,"IBO CELL, S.A.P.I. DE C.V.",0,0,0,0,771,771
106835,15/04/2017,2017,4,C644,BUENO CELL,C0644,BUENO CELL,"IBO CELL, S.A.P.I. DE C.V.",0,0,0,0,892,892
106835,15/05/2017,2017,5,C644,BUENO CELL,C0644,BUENO CELL,"IBO CELL, S.A.P.I. DE C.V.",0,0,0,0,983,983
106835,15/06/2017,2017,6,C644,BUENO CELL,C0644,BUENO CELL,"IBO CELL, S.A.P.I. DE C.V.",0,0,0,0,1179,1179
106835,15/07/2017,2017,7,C644,BUENO CELL,C0644,BUENO CELL,"IBO CELL, S.A.P.I. DE C.V.",0,0,0,0,1378,1378
106835,15/08/2017,2017,8,C644,BUENO CELL,C0644,BUENO CELL,"IBO CELL, S.A.P.I. DE C.V.",0,0,0,0,1748,1748
106835,15/09/2017,2017,9,C644,BUENO CELL,C0644,BUENO CELL,"IBO CELL, S.A.P.I. DE C.V.",0,0,0,0,2028,2028
106835,15/10/2017,2017,10,C644,BUENO CELL,C0644,BUENO CELL,"IBO CELL, S.A.P.I. DE C.V.",0,0,0,0,2461,2461
106835,15/11/2017,2017,11,C644,BUENO CELL,C0644,BUENO CELL,"IBO CELL, S.A.P.I. DE C.V.",0,0,0,0,2908,2908
106835,15/12/2017,2017,12,C644,BUENO CELL,C0644,BUENO CELL,"IBO CELL, S.A.P.I. DE C.V.",0,0,0,0,3341,3341
106835,15/01/2018,2018,1,C644,BUENO CELL,C0644,BUENO CELL,"IBO CELL, S.A.P.I. DE C.V.",0,0,0,0,3788,3788
106835,15/02/2018,2018,2,C644,BUENO CELL,C0644,BUENO CELL,"IBO CELL, S.A.P.I. DE C.V.",0,0,0,0,4490,4490
106835,15/03/2018,2018,3,C644,BUENO CELL,C0644,BUENO CELL,"IBO CELL, S.A.P.I. DE C.V.",0,0,0,0,5169,5169
106835,15/04/2018,2018,4,C644,BUENO CELL,C0644,BUENO CELL,"IBO CELL, S.A.P.I. DE C.V.",0,0,0,0,6129,6129
106835,15/05/2018,2018,5,C644,BUENO CELL,C0644,BUENO CELL,"IBO CELL, S.A.P.I. DE C.V.",0,0,0,0,6461,6461
106835,15/06/2018,2018,6,C644,BUENO CELL,C0644,BUENO CELL,"IBO CELL, S.A.P.I. DE C.V.",0,0,0,0,7197,7197
106835,15/07/2018,2018,7,C644,BUENO CELL,C0644,BUENO CELL,"IBO CELL, S.A.P.I. DE C.V.",0,0,0,0,8223,8223
106835,15/08/2018,2018,8,C644,BUENO CELL,C0644,BUENO CELL,"IBO CELL, S.A.P.I. DE C.V.",0,0,0,0,8734,8734
106835,15/09/2018,2018,9,C644,BUENO CELL,C0644,BUENO CELL,"IBO CELL, S.A.P.I. DE C.V.",0,0,0,0,9786,9786
106835,15/10/2018,2018,10,C644,BUENO CELL,C0644,BUENO CELL,"IBO CELL, S.A.P.I. DE C.V.",10834,0,0,0,0,10834
106835,15/11/2018,2018,11,C644,BUENO CELL,C0644,BUENO CELL,"IBO CELL, S.A.P.I. DE C.V.",11461,0,0,0,0,11461
106835,15/12/2018,2018,12,C644,BUENO CELL,C0644,BUENO CELL,"IBO CELL, S.A.P.I. DE C.V.",11672,0,0,0,0,11672
106835,15/01/2019,2019,1,C644,BUENO CELL,C0644,BUENO CELL,"IBO CELL, S.A.P.I. DE C.V.",11376,0,0,0,0,11376
106835,15/02/2019,2019,2,C644,BUENO CELL,C0644,BUENO CELL,"IBO CELL, S.A.P.I. DE C.V.",11974,0,0,0,0,11974
106835,15/03/2019,2019,3,C644,BUENO CELL,C0644,BUENO CELL,"IBO CELL, S.A.P.I. DE C.V.",12141,0,0,0,0,12141
106835,15/04/2019,2019,4,C644,BUENO CELL,C0644,BUENO CELL,"IBO CELL, S.A.P.I. DE C.V.",15307,0,0,0,0,15307
106835,15/05/2019,2019,5,C644,BUENO CELL,C0644,BUENO CELL,"IBO CELL, S.A.P.I. DE C.V.",16050,0,0,0,0,16050
106835,15/06/2019,2019,6,C644,BUENO CELL,C0644,BUENO CELL,"IBO CELL, S.A.P.I. DE C.V.",17046,0,0,0,0,17046
106835,15/07/2019,2019,7,C644,BUENO CELL,C0644,BUENO CELL,"IBO CELL, S.A.P.I. DE C.V.",17114,0,0,0,0,17114
106835,15/08/2019,2019,8,C644,BUENO CELL,C0644,BUENO CELL,"IBO CELL, S.A.P.I. DE C.V.",16506,0,0,0,0,16506
106835,15/09/2019,2019,9,C644,BUENO CELL,C0644,BUENO CELL,"IBO CELL, S.A.P.I. DE C.V.",17125,0,0,0,0,17125
106835,15/10/2019,2019,10,C644,BUENO CELL,C0644,BUENO CELL,"IBO CELL, S.A.P.I. DE C.V.",18426,0,0,0,0,18426
106835,15/11/2019,2019,11,C644,BUENO CELL,C0644,BUENO CELL,"IBO CELL, S.A.P.I. DE C.V.",18848,0,0,0,0,18848
106835,15/12/2019,2019,12,C644,BUENO CELL,C0644,BUENO CELL,"IBO CELL, S.A.P.I. DE C.V.",19142,0,0,0,0,19142
106835,15/01/2020,2020,1,C644,BUENO CELL,C0644,BUENO CELL,"IBO CELL, S.A.P.I. DE C.V.",19475,0,0,0,0,19475
106835,15/02/2020,2020,2,C644,BUENO CELL,C0644,BUENO CELL,"IBO CELL, S.A.P.I. DE C.V.",19493,0,0,0,0,19493
106835,15/03/2020,2020,3,C644,BUENO CELL,C0644,BUENO CELL,"IBO CELL, S.A.P.I. DE C.V.",18285,0,0,0,0,18285
106835,15/04/2020,2020,4,C644,BUENO CELL,C0644,BUENO CELL,"IBO CELL, S.A.P.I. DE C.V.",18210,0,0,0,0,18210
106835,15/05/2020,2020,5,C644,BUENO CELL,C0644,BUENO CELL,"IBO CELL, S.A.P.I. DE C.V.",18000,0,0,0,0,18000
106835,15/06/2020,2020,6,C644,BUENO CELL,C0644,BUENO CELL,"IBO CELL, S.A.P.I. DE C.V.",18610,0,0,0,0,18610
106835,15/07/2020,2020,7,C644,BUENO CELL,C0644,BUENO CELL,"IBO CELL, S.A.P.I. DE C.V.",18744,0,0,0,0,18744
106835,15/08/2020,2020,8,C644,BUENO CELL,C0644,BUENO CELL,"IBO CELL, S.A.P.I. DE C.V.",18595,0,0,0,0,18595
106835,15/09/2020,2020,9,C644,BUENO CELL,C0644,BUENO CELL,"IBO CELL, S.A.P.I. DE C.V.",18037,0,0,0,0,18037
106835,15/10/2020,2020,10,C644,BUENO CELL,C0644,BUENO CELL,"IBO CELL, S.A.P.I. DE C.V.",18598,0,0,0,0,18598
106835,15/11/2020,2020,11,C644,BUENO CELL,C0644,BUENO CELL,"IBO CELL, S.A.P.I. DE C.V.",18721,0,0,0,0,18721
106835,15/12/2020,2020,12,C644,BUENO CELL,C0644,BUENO CELL,"IBO CELL, S.A.P.I. DE C.V.",19725,0,0,0,0,19725
106835,15/01/2021,2021,1,C644,BUENO CELL,C0644,BUENO CELL,"IBO CELL, S.A.P.I. DE C.V.",19936,0,0,0,0,19936
106835,15/02/2021,2021,2,C644,BUENO CELL,C0644,BUENO CELL,"IBO CELL, S.A.P.I. DE C.V.",20320,0,0,0,0,20320
106835,15/03/2021,2021,3,C644,BUENO CELL,C0644,BUENO CELL,"IBO CELL, S.A.P.I. DE C.V.",20381,0,0,0,0,20381
106835,15/04/2021,2021,4,C644,BUENO CELL,C0644,BUENO CELL,"IBO CELL, S.A.P.I. DE C.V.",20741,0,0,0,0,20741
106835,15/05/2021,2021,5,C644,BUENO CELL,C0644,BUENO CELL,"IBO CELL, S.A.P.I. DE C.V.",20970,0,0,0,0,20970
106835,15/06/2021,2021,6,C644,BUENO CELL,C0644,BUENO CELL,"IBO CELL, S.A.P.I. DE C.V.",20957,0,0,0,0,20957
106835,15/07/2021,2021,7,C644,BUENO CELL,C0644,BUENO CELL,"IBO CELL, S.A.P.I. DE C.V.",19737,0,0,0,0,19737
106835,15/08/2021,2021,8,C644,BUENO CELL,C0644,BUENO CELL,"IBO CELL, S.A.P.I. DE C.V.",20143,0,0,0,0,20143
106835,15/09/2021,2021,9,C644,BUENO CELL,C0644,BUENO CELL,"IBO CELL, S.A.P.I. DE C.V.",20116,0,0,0,0,20116
106835,15/10/2021,2021,10,C644,BUENO CELL,C0644,BUENO CELL,"IBO CELL, S.A.P.I. DE C.V.",20022,0,0,0,0,20022
106835,15/11/2021,2021,11,C644,BUENO CELL,C0644,BUENO CELL,"IBO CELL, S.A.P.I. DE C.V.",20633,0,0,0,0,20633
106835,15/12/2021,2021,12,C644,BUENO CELL,C0644,BUENO CELL,"IBO CELL, S.A.P.I. DE C.V.",20790,0,0,0,0,20790
106835,15/01/2022,2022,1,C644,BUENO CELL,C0644,BUENO CELL,"IBO CELL, S.A.P.I. DE C.V.",481,0,0,0,0,481
106835,15/02/2022,2022,2,C644,BUENO CELL,C0644,BUENO CELL,"IBO CELL, S.A.P.I. DE C.V.",491,0,0,0,0,491
106835,15/03/2022,2022,3,C644,BUENO CELL,C0644,BUENO CELL,"IBO CELL, S.A.P.I. DE C.V.",518,0,0,0,0,518
106835,15/04/2022,2022,4,C644,BUENO CELL,C0644,BUENO CELL,"IBO CELL, S.A.P.I. DE C.V.",21119,0,0,0,0,21119
106835,15/05/2022,2022,5,C644,BUENO CELL,C0644,BUENO CELL,"IBO CELL, S.A.P.I. DE C.V.",21156,0,0,0,0,21156
106835,15/06/2022,2022,6,C644,BUENO CELL,C0644,BUENO CELL,"IBO CELL, S.A.P.I. DE C.V.",21211,0,0,0,0,21211
106835,15/07/2022,2022,7,C644,BUENO CELL,C0644,BUENO CELL,"IBO CELL, S.A.P.I. DE C.V.",21252,0,0,0,0,21252
106835,15/08/2022,2022,8,C644,BUENO CELL,C0644,BUENO CELL,"IBO CELL, S.A.P.I. DE C.V.",21503,0,0,0,0,21503
106835,15/09/2022,2022,9,C644,BUENO CELL,C0644,BUENO CELL,"IBO CELL, S.A.P.I. DE C.V.",21388,0,0,0,0,21388
106835,15/10/2022,2022,10,C644,BUENO CELL,C0644,BUENO CELL,"IBO CELL, S.A.P.I. DE C.V.",21610,0,0,0,0,21610
106835,15/11/2022,2022,11,C644,BUENO CELL,C0644,BUENO CELL,"IBO CELL, S.A.P.I. DE C.V.",21642,0,0,0,0,21642
106835,15/12/2022,2022,12,C644,BUENO CELL,C0644,BUENO CELL,"IBO CELL, S.A.P.I. DE C.V.",21669,0,0,0,0,21669
106835,15/01/2023,2023,1,C644,BUENO CELL,C0644,BUENO CELL,"IBO CELL, S.A.P.I. DE C.V.",21293,0,0,0,0,21293
106835,15/02/2023,2023,2,C644,BUENO CELL,C0644,BUENO CELL,"IBO CELL, S.A.P.I. DE C.V.",20720,0,0,0,0,20720
106835,15/03/2023,2023,3,C644,BUENO CELL,C0644,BUENO CELL,"IBO CELL, S.A.P.I. DE C.V.",20332,0,0,0,0,20332
106835,15/04/2023,2023,4,C644,BUENO CELL,C0644,BUENO CELL,"IBO CELL, S.A.P.I. DE C.V.",20438,0,0,0,0,20438
106835,15/05/2023,2023,5,C644,BUENO CELL,C0644,BUENO CELL,"IBO CELL, S.A.P.I. DE C.V.",20310,0,0,0,0,20310
106835,15/06/2023,2023,6,C644,BUENO CELL,C0644,BUENO CELL,"IBO CELL, S.A.P.I. DE C.V.",20392,0,0,0,0,20392
106835,15/07/2023,2023,7,C644,BUENO CELL,C0644,BUENO CELL,"IBO CELL, S.A.P.I. DE C.V.",20613,0,0,0,0,20613
106835,15/08/2023,2023,8,C644,BUENO CELL,C0644,BUENO CELL,"IBO CELL, S.A.P.I. DE C.V.",20671,0,0,0,0,20671
106835,15/09/2023,2023,9,C644,BUENO CELL,C0644,BUENO CELL,"IBO CELL, S.A.P.I. DE C.V.",20900,0,0,0,0,20900
106835,15/10/2023,2023,10,C644,BUENO CELL,C0644,BUENO CELL,"IBO CELL, S.A.P.I. DE C.V.",20885,0,0,0,0,20885
106835,15/11/2023,2023,11,C644,BUENO CELL,C0644,BUENO CELL,"IBO CELL, S.A.P.I. DE C.V.",21072,0,0,0,0,21072
106835,15/12/2023,2023,12,C644,BUENO CELL,C0644,BUENO CELL,"IBO CELL, S.A.P.I. DE C.V.",21026,0,0,0,0,21026
106835,15/01/2024,2024,1,C644,BUENO CELL,C0644,BUENO CELL,"IBO CELL, S.A.P.I. DE C.V.",21055,0,0,0,0,21055
106835,15/02/2024,2024,2,C644,BUENO CELL,C0644,BUENO CELL,"IBO CELL, S.A.P.I. DE C.V.",21237,0,0,0,0,21237
106835,15/03/2024,2024,3,C644,BUENO CELL,C0644,BUENO CELL,"IBO CELL, S.A.P.I. DE C.V.",21368,0,0,0,0,21368
106835,15/04/2024,2024,4,C644,BUENO CELL,C0644,BUENO CELL,"IBO CELL, S.A.P.I. DE C.V.",21581,0,0,0,0,21581
106835,15/05/2024,2024,5,C644,BUENO CELL,C0644,BUENO CELL,"IBO CELL, S.A.P.I. DE C.V.",21514,0,0,0,0,21514
106835,15/06/2024,2024,6,C644,BUENO CELL,C0644,BUENO CELL,"IBO CELL, S.A.P.I. DE C.V.",21373,0,0,0,0,21373
106835,15/07/2024,2024,7,C644,BUENO CELL,C0644,BUENO CELL,"IBO CELL, S.A.P.I. DE C.V.",21497,0,0,0,0,21497
106835,15/08/2024,2024,8,C644,BUENO CELL,C0644,BUENO CELL,"IBO CELL, S.A.P.I. DE C.V.",21523,0,0,0,0,21523
106835,15/09/2024,2024,9,C644,BUENO CELL,C0644,BUENO CELL,"IBO CELL, S.A.P.I. DE C.V.",21421,0,0,0,0,21421
106835,15/10/2024,2024,10,C644,BUENO CELL,C0644,BUENO CELL,"IBO CELL, S.A.P.I. DE C.V.",21186,0,0,0,0,21186
106835,15/11/2024,2024,11,C644,BUENO CELL,C0644,BUENO CELL,"IBO CELL, S.A.P.I. DE C.V.",20637,0,0,0,0,20637
106835,15/12/2024,2024,12,C644,BUENO CELL,C0644,BUENO CELL,"IBO CELL, S.A.P.I. DE C.V.",19994,0,0,0,0,19994
106870,15/11/2019,2019,11,C717,IENTC,C0717,IENTC TELECOMUNICACIONES,"IENTC, S. DE R.L. DE C.V.",0,0,0,0,57,57
106870,15/12/2019,2019,12,C717,IENTC,C0717,IENTC TELECOMUNICACIONES,"IENTC, S. DE R.L. DE C.V.",0,0,0,0,75,75
106870,15/01/2020,2020,1,C717,IENTC,C0717,IENTC TELECOMUNICACIONES,"IENTC, S. DE R.L. DE C.V.",0,0,0,0,1017,1017
106870,15/02/2020,2020,2,C717,IENTC,C0717,IENTC TELECOMUNICACIONES,"IENTC, S. DE R.L. DE C.V.",0,0,0,0,1689,1689
106870,15/03/2020,2020,3,C717,IENTC,C0717,IENTC TELECOMUNICACIONES,"IENTC, S. DE R.L. DE C.V.",0,0,0,0,1973,1973
106870,15/04/2020,2020,4,C717,IENTC,C0717,IENTC TELECOMUNICACIONES,"IENTC, S. DE R.L. DE C.V.",0,0,0,0,2121,2121
106870,15/05/2020,2020,5,C717,IENTC,C0717,IENTC TELECOMUNICACIONES,"IENTC, S. DE R.L. DE C.V.",0,0,0,0,2338,2338
106870,15/06/2020,2020,6,C717,IENTC,C0717,IENTC TELECOMUNICACIONES,"IENTC, S. DE R.L. DE C.V.",0,0,0,0,2504,2504
106870,15/07/2020,2020,7,C717,IENTC,C0717,IENTC TELECOMUNICACIONES,"IENTC, S. DE R.L. DE C.V.",0,0,0,0,2688,2688
106870,15/08/2020,2020,8,C717,IENTC,C0717,IENTC TELECOMUNICACIONES,"IENTC, S. DE R.L. DE C.V.",0,0,0,0,2814,2814
106870,15/09/2020,2020,9,C717,IENTC,C0717,IENTC TELECOMUNICACIONES,"IENTC, S. DE R.L. DE C.V.",0,0,0,0,3220,3220
106870,15/10/2020,2020,10,C717,IENTC,C0717,IENTC TELECOMUNICACIONES,"IENTC, S. DE R.L. DE C.V.",0,0,0,0,3818,3818
106870,15/11/2020,2020,11,C717,IENTC,C0717,IENTC TELECOMUNICACIONES,"IENTC, S. DE R.L. DE C.V.",0,0,0,0,4059,4059
106870,15/12/2020,2020,12,C717,IENTC,C0717,IENTC TELECOMUNICACIONES,"IENTC, S. DE R.L. DE C.V.",0,0,0,0,4261,4261
106870,15/01/2021,2021,1,C717,IENTC,C0717,IENTC,"IENTC, S. DE R.L. DE C.V.",0,0,0,0,4233,4233
106870,15/02/2021,2021,2,C717,IENTC,C0717,IENTC,"IENTC, S. DE R.L. DE C.V.",0,0,0,0,4599,4599
106870,15/03/2021,2021,3,C717,IENTC,C0717,IENTC,"IENTC, S. DE R.L. DE C.V.",0,0,0,0,4947,4947
106870,15/04/2021,2021,4,C717,IENTC,C0717,IENTC,"IENTC, S. DE R.L. DE C.V.",0,0,0,0,4960,4960
106870,15/05/2021,2021,5,C717,IENTC,C0717,IENTC,"IENTC, S. DE R.L. DE C.V.",0,0,0,0,5194,5194
106870,15/06/2021,2021,6,C717,IENTC,C0717,IENTC,"IENTC, S. DE R.L. DE C.V.",0,0,0,0,5430,5430
106870,15/07/2021,2021,7,C717,IENTC,C0717,IENTC,"IENTC, S. DE R.L. DE C.V.",0,0,0,0,4911,4911
106870,15/08/2021,2021,8,C717,IENTC,C0717,IENTC,"IENTC, S. DE R.L. DE C.V.",0,0,0,0,5083,5083
106870,15/09/2021,2021,9,C717,IENTC,C0717,IENTC,"IENTC, S. DE R.L. DE C.V.",0,0,0,0,5787,5787
106870,15/10/2021,2021,10,C717,IENTC,C0717,IENTC,"IENTC, S. DE R.L. DE C.V.",0,0,0,0,5765,5765
106870,15/11/2021,2021,11,C717,IENTC,C0717,IENTC,"IENTC, S. DE R.L. DE C.V.",0,0,0,0,6172,6172
106870,15/12/2021,2021,12,C717,IENTC,C0717,IENTC,"IENTC, S. DE R.L. DE C.V.",0,0,0,0,6522,6522
106870,15/01/2022,2022,1,C717,IENTC,C0717,IENTC,"IENTC, S. DE R.L. DE C.V.",0,0,0,0,2066,2066
106870,15/02/2022,2022,2,C717,IENTC,C0717,IENTC,"IENTC, S. DE R.L. DE C.V.",0,0,0,0,2186,2186
106870,15/03/2022,2022,3,C717,IENTC,C0717,IENTC,"IENTC, S. DE R.L. DE C.V.",0,0,0,0,2269,2269
106870,15/04/2022,2022,4,C717,IENTC,C0717,IENTC,"IENTC, S. DE R.L. DE C.V.",0,0,0,0,2420,2420
106870,15/05/2022,2022,5,C717,IENTC,C0717,IENTC,"IENTC, S. DE R.L. DE C.V.",0,0,0,0,2670,2670
106870,15/06/2022,2022,6,C717,IENTC,C0717,IENTC,"IENTC, S. DE R.L. DE C.V.",0,0,0,0,2965,2965
106870,15/07/2022,2022,7,C717,IENTC,C0717,IENTC,"IENTC, S. DE R.L. DE C.V.",0,0,0,0,3144,3144
106870,15/08/2022,2022,8,C717,IENTC,C0717,IENTC,"IENTC, S. DE R.L. DE C.V.",0,0,0,0,3438,3438
106870,15/09/2022,2022,9,C717,IENTC,C0717,IENTC,"IENTC, S. DE R.L. DE C.V.",0,0,0,0,3749,3749
106870,15/10/2022,2022,10,C717,IENTC,C0717,IENTC,"IENTC, S. DE R.L. DE C.V.",0,0,0,0,4010,4010
106870,15/11/2022,2022,11,C717,IENTC,C0717,IENTC,"IENTC, S. DE R.L. DE C.V.",0,0,0,0,4265,4265
106870,15/12/2022,2022,12,C717,IENTC,C0717,IENTC,"IENTC, S. DE R.L. DE C.V.",0,0,0,0,4522,4522
106870,15/10/2023,2023,10,C717,IENTC,C0717,IENTC,"IENTC, S. DE R.L. DE C.V.",0,0,0,0,14330,14330
106870,15/11/2023,2023,11,C717,IENTC,C0717,IENTC,"IENTC, S. DE R.L. DE C.V.",0,0,0,0,14966,14966
106870,15/12/2023,2023,12,C717,IENTC,C0717,IENTC,"IENTC, S. DE R.L. DE C.V.",0,0,0,0,15765,15765
106870,15/01/2024,2024,1,C717,IENTC,C0717,IENTC,"IENTC, S. DE R.L. DE C.V.",0,0,0,0,7743,7743
106870,15/02/2024,2024,2,C717,IENTC,C0717,IENTC,"IENTC, S. DE R.L. DE C.V.",0,0,0,0,8065,8065
106870,15/03/2024,2024,3,C717,IENTC,C0717,IENTC,"IENTC, S. DE R.L. DE C.V.",0,0,0,0,8302,8302
106870,15/04/2024,2024,4,C717,IENTC,C0717,IENTC,"IENTC, S. DE R.L. DE C.V.",0,0,0,0,8524,8524
106870,15/05/2024,2024,5,C717,IENTC,C0717,IENTC,"IENTC, S. DE R.L. DE C.V.",0,0,0,0,8784,8784
106870,15/06/2024,2024,6,C717,IENTC,C0717,IENTC,"IENTC, S. DE R.L. DE C.V.",0,0,0,0,9094,9094
106870,15/07/2024,2024,7,C717,IENTC,C0717,IENTC,"IENTC, S. DE R.L. DE C.V.",0,0,0,0,9227,9227
106870,15/08/2024,2024,8,C717,IENTC,C0717,IENTC,"IENTC, S. DE R.L. DE C.V.",0,0,0,0,9392,9392
106870,15/09/2024,2024,9,C717,IENTC,C0717,IENTC,"IENTC, S. DE R.L. DE C.V.",0,0,0,0,9530,9530
106870,15/10/2024,2024,10,C717,IENTC,C0717,IENTC TELECOMUNICACIONES,"IENTC, S. DE R.L. DE C.V.",0,0,0,0,9778,9778
106870,15/11/2024,2024,11,C717,IENTC,C0717,IENTC TELECOMUNICACIONES,"IENTC, S. DE R.L. DE C.V.",0,0,0,0,9985,9985
106870,15/12/2024,2024,12,C717,IENTC,C0717,IENTC TELECOMUNICACIONES,"IENTC, S. DE R.L. DE C.V.",0,0,0,0,10117,10117
107206,15/02/2015,2015,2,C323,QBO CEL,C0323,QBO CEL,"KUBO CEL, S.A.P.I. DE C.V.",47347,0,0,0,0,47347
107206,15/03/2015,2015,3,C323,QBO CEL,C0323,QBO CEL,"KUBO CEL, S.A.P.I. DE C.V.",50829,0,0,0,0,50829
107206,15/04/2015,2015,4,C323,QBO CEL,C0323,QBO CEL,"KUBO CEL, S.A.P.I. DE C.V.",57040,0,0,0,0,57040
107206,15/05/2015,2015,5,C323,QBO CEL,C0323,QBO CEL,"KUBO CEL, S.A.P.I. DE C.V.",80802,0,0,0,0,80802
107206,15/06/2015,2015,6,C323,QBO CEL,C0323,QBO CEL,"KUBO CEL, S.A.P.I. DE C.V.",87453,0,0,0,0,87453
107206,15/07/2015,2015,7,C323,QBO CEL,C0323,QBO CEL,"KUBO CEL, S.A.P.I. DE C.V.",93994,0,0,0,0,93994
107206,15/08/2015,2015,8,C323,QBO CEL,C0323,QBO CEL,"KUBO CEL, S.A.P.I. DE C.V.",94435,0,0,0,0,94435
107206,15/09/2015,2015,9,C323,QBO CEL,C0323,QBO CEL,"KUBO CEL, S.A.P.I. DE C.V.",94590,0,0,0,0,94590
107206,15/10/2015,2015,10,C323,QBO CEL,C0323,QBO CEL,"KUBO CEL, S.A.P.I. DE C.V.",95690,0,0,0,0,95690
107206,15/11/2015,2015,11,C323,QBO CEL,C0323,QBO CEL,"KUBO CEL, S.A.P.I. DE C.V.",96285,0,0,0,0,96285
107206,15/12/2015,2015,12,C323,QBO CEL,C0323,QBO CEL,"KUBO CEL, S.A.P.I. DE C.V.",96643,0,0,0,0,96643
107206,15/01/2016,2016,1,C323,QBO CEL,C0323,QBO CEL,"KUBO CEL, S.A.P.I. DE C.V.",96697,0,0,0,0,96697
107206,15/02/2016,2016,2,C323,QBO CEL,C0323,QBO CEL,"KUBO CEL, S.A.P.I. DE C.V.",96731,0,0,0,0,96731
107206,15/03/2016,2016,3,C323,QBO CEL,C0323,QBO CEL,"KUBO CEL, S.A.P.I. DE C.V.",96745,0,0,0,0,96745
107206,15/04/2016,2016,4,C323,QBO CEL,C0323,QBO CEL,"KUBO CEL, S.A.P.I. DE C.V.",96764,0,0,0,0,96764
107206,15/05/2016,2016,5,C323,QBO CEL,C0323,QBO CEL,"KUBO CEL, S.A.P.I. DE C.V.",96777,0,0,0,0,96777
107206,15/06/2016,2016,6,C323,QBO CEL,C0323,QBO CEL,"KUBO CEL, S.A.P.I. DE C.V.",96777,0,0,0,0,96777
107206,15/07/2016,2016,7,C323,QBO CEL,C0323,QBO CEL,"KUBO CEL, S.A.P.I. DE C.V.",105714,0,0,0,0,105714
107206,15/08/2016,2016,8,C323,QBO CEL,C0323,QBO CEL,"KUBO CEL, S.A.P.I. DE C.V.",109273,0,0,0,0,109273
107206,15/09/2016,2016,9,C323,QBO CEL,C0323,QBO CEL,"KUBO CEL, S.A.P.I. DE C.V.",112889,0,0,0,0,112889
107206,15/10/2016,2016,10,C323,QBO CEL,C0323,QBO CEL,"KUBO CEL, S.A.P.I. DE C.V.",117224,0,0,0,0,117224
107206,15/11/2016,2016,11,C323,QBO CEL,C0323,QBO CEL,"KUBO CEL, S.A.P.I. DE C.V.",121319,0,0,0,0,121319
107206,15/12/2016,2016,12,C323,QBO CEL,C0323,QBO CEL,"KUBO CEL, S.A.P.I. DE C.V.",124258,0,0,0,0,124258
107206,15/01/2017,2017,1,C323,QBO CEL,C0323,QBO CEL,"KUBO CEL, S.A.P.I. DE C.V.",126797,0,0,0,0,126797
107206,15/02/2017,2017,2,C323,QBO CEL,C0323,QBO CEL,"KUBO CEL, S.A.P.I. DE C.V.",129685,0,0,0,0,129685
107206,15/03/2017,2017,3,C323,QBO CEL,C0323,QBO CEL,"KUBO CEL, S.A.P.I. DE C.V.",132001,0,0,0,0,132001
107206,15/04/2017,2017,4,C323,QBO CEL,C0323,QBO CEL,"KUBO CEL, S.A.P.I. DE C.V.",136873,0,0,0,0,136873
107206,15/05/2017,2017,5,C323,QBO CEL,C0323,QBO CEL,"KUBO CEL, S.A.P.I. DE C.V.",150185,0,0,0,0,150185
107206,15/06/2017,2017,6,C323,QBO CEL,C0323,QBO CEL,"KUBO CEL, S.A.P.I. DE C.V.",161636,0,0,0,0,161636
107206,15/07/2017,2017,7,C323,QBO CEL,C0323,QBO CEL,"KUBO CEL, S.A.P.I. DE C.V.",164985,0,0,0,0,164985
107206,15/08/2017,2017,8,C323,QBO CEL,C0323,QBO CEL,"KUBO CEL, S.A.P.I. DE C.V.",167178,0,0,0,0,167178
107206,15/09/2017,2017,9,C323,QBO CEL,C0323,QBO CEL,"KUBO CEL, S.A.P.I. DE C.V.",168845,0,0,0,0,168845
107206,15/10/2017,2017,10,C323,QBO CEL,C0323,QBO CEL,"KUBO CEL, S.A.P.I. DE C.V.",170204,0,0,0,0,170204
107206,15/11/2017,2017,11,C323,QBO CEL,C0323,QBO CEL,"KUBO CEL, S.A.P.I. DE C.V.",171366,0,0,0,0,171366
107206,15/12/2017,2017,12,C323,QBO CEL,C0323,QBO CEL,"KUBO CEL, S.A.P.I. DE C.V.",171822,0,0,0,0,171822
107206,15/01/2018,2018,1,C323,QBO CEL,C0323,QBO CEL,"KUBO CEL, S.A.P.I. DE C.V.",172370,0,0,0,0,172370
107206,15/02/2018,2018,2,C323,QBO CEL,C0323,QBO CEL,"KUBO CEL, S.A.P.I. DE C.V.",172946,0,0,0,0,172946
107206,15/03/2018,2018,3,C323,QBO CEL,C0323,QBO CEL,"KUBO CEL, S.A.P.I. DE C.V.",173522,0,0,0,0,173522
107206,15/04/2018,2018,4,C323,QBO CEL,C0323,QBO CEL,"KUBO CEL, S.A.P.I. DE C.V.",176957,0,0,0,0,176957
107206,15/05/2018,2018,5,C323,QBO CEL,C0323,QBO CEL,"KUBO CEL, S.A.P.I. DE C.V.",178554,0,0,0,0,178554
107206,15/06/2018,2018,6,C323,QBO CEL,C0323,QBO CEL,"KUBO CEL, S.A.P.I. DE C.V.",179572,0,0,0,0,179572
107206,15/07/2018,2018,7,C323,QBO CEL,C0323,QBO CEL,"KUBO CEL, S.A.P.I. DE C.V.",180651,0,0,0,0,180651
107206,15/08/2018,2018,8,C323,QBO CEL,C0323,QBO CEL,"KUBO CEL, S.A.P.I. DE C.V.",181520,0,0,0,0,181520
107206,15/09/2018,2018,9,C323,QBO CEL,C0323,QBO CEL,"KUBO CEL, S.A.P.I. DE C.V.",182212,0,0,0,0,182212
107206,15/10/2018,2018,10,C323,QBO CEL,C0323,QBO CEL,"KUBO CEL, S.A.P.I. DE C.V.",182751,0,0,0,0,182751
107206,15/11/2018,2018,11,C323,QBO CEL,C0323,QBO CEL,"KUBO CEL, S.A.P.I. DE C.V.",183132,0,0,0,0,183132
107206,15/12/2018,2018,12,C323,QBO CEL,C0323,QBO CEL,"KUBO CEL, S.A.P.I. DE C.V.",183424,0,0,0,0,183424
107206,15/01/2019,2019,1,C323,QBO CEL,C0323,QBO CEL,"KUBO CEL, S.A.P.I. DE C.V.",183536,0,0,0,0,183536
107206,15/02/2019,2019,2,C323,QBO CEL,C0323,QBO CEL,"KUBO CEL, S.A.P.I. DE C.V.",183715,0,0,0,0,183715
107206,15/03/2019,2019,3,C323,QBO CEL,C0323,QBO CEL,"KUBO CEL, S.A.P.I. DE C.V.",183852,0,0,0,0,183852
107206,15/04/2019,2019,4,C323,QBO CEL,C0323,QBO CEL,"KUBO CEL, S.A.P.I. DE C.V.",183826,0,0,0,0,183826
107206,15/05/2019,2019,5,C323,QBO CEL,C0323,QBO CEL,"KUBO CEL, S.A.P.I. DE C.V.",183767,0,0,0,0,183767
107206,15/06/2019,2019,6,C323,QBO CEL,C0323,QBO CEL,"KUBO CEL, S.A.P.I. DE C.V.",183723,0,0,0,0,183723
107206,15/07/2019,2019,7,C323,QBO CEL,C0323,QBO CEL,"KUBO CEL, S.A.P.I. DE C.V.",183668,0,0,0,0,183668
107206,15/08/2019,2019,8,C323,QBO CEL,C0323,QBO CEL,"KUBO CEL, S.A.P.I. DE C.V.",183646,0,0,0,0,183646
107206,15/09/2019,2019,9,C323,QBO CEL,C0323,QBO CEL,"KUBO CEL, S.A.P.I. DE C.V.",183769,0,0,0,0,183769
107206,15/10/2019,2019,10,C323,QBO CEL,C0323,QBO CEL,"KUBO CEL, S.A.P.I. DE C.V.",183879,0,0,0,0,183879
107206,15/11/2019,2019,11,C323,QBO CEL,C0323,QBO CEL,"KUBO CEL, S.A.P.I. DE C.V.",183991,0,0,0,0,183991
107206,15/12/2019,2019,12,C323,QBO CEL,C0323,QBO CEL,"KUBO CEL, S.A.P.I. DE C.V.",184123,0,0,0,0,184123
107206,15/01/2020,2020,1,C323,QBO CEL,C0323,QBO CEL,"KUBO CEL, S.A.P.I. DE C.V.",184439,0,0,0,0,184439
107206,15/02/2020,2020,2,C323,QBO CEL,C0323,QBO CEL,"KUBO CEL, S.A.P.I. DE C.V.",184923,0,0,0,0,184923
107206,15/03/2020,2020,3,C323,QBO CEL,C0323,QBO CEL,"KUBO CEL, S.A.P.I. DE C.V.",185411,0,0,0,0,185411
107206,15/04/2020,2020,4,C323,QBO CEL,C0323,QBO CEL,"KUBO CEL, S.A.P.I. DE C.V.",185653,0,0,0,0,185653
107206,15/05/2020,2020,5,C323,QBO CEL,C0323,QBO CEL,"KUBO CEL, S.A.P.I. DE C.V.",185826,0,0,0,0,185826
107206,15/06/2020,2020,6,C323,QBO CEL,C0323,QBO CEL,"KUBO CEL, S.A.P.I. DE C.V.",186048,0,0,0,0,186048
107206,15/07/2020,2020,7,C323,QBO CEL,C0323,QBO CEL,"KUBO CEL, S.A.P.I. DE C.V.",11562,0,0,0,0,11562
107206,15/08/2020,2020,8,C323,QBO CEL,C0323,QBO CEL,"KUBO CEL, S.A.P.I. DE C.V.",13325,0,0,0,0,13325
107206,15/09/2020,2020,9,C323,QBO CEL,C0323,QBO CEL,"KUBO CEL, S.A.P.I. DE C.V.",14124,0,0,0,0,14124
107206,15/10/2020,2020,10,C323,QBO CEL,C0323,QBO CEL,"KUBO CEL, S.A.P.I. DE C.V.",14128,0,0,0,0,14128
107206,15/11/2020,2020,11,C323,QBO CEL,C0323,QBO CEL,"KUBO CEL, S.A.P.I. DE C.V.",14128,0,0,0,0,14128
107206,15/12/2020,2020,12,C323,QBO CEL,C0323,QBO CEL,"KUBO CEL, S.A.P.I. DE C.V.",14128,0,0,0,0,14128
107206,15/01/2021,2021,1,C323,QBO CEL,C0323,QBO CEL,"KUBO CEL, S.A.P.I. DE C.V.",14127,0,0,0,0,14127
107206,15/02/2021,2021,2,C323,QBO CEL,C0323,QBO CEL,"KUBO CEL, S.A.P.I. DE C.V.",14127,0,0,0,0,14127
107206,15/03/2021,2021,3,C323,QBO CEL,C0323,QBO CEL,"KUBO CEL, S.A.P.I. DE C.V.",14127,0,0,0,0,14127
107206,15/07/2021,2021,7,C323,QBO CEL,C0323,QBO CEL,"KUBO CEL, S.A.P.I. DE C.V.",11672,0,0,0,0,11672
107206,15/08/2021,2021,8,C323,QBO CEL,C0323,QBO CEL,"KUBO CEL, S.A.P.I. DE C.V.",10916,0,0,0,0,10916
107206,15/09/2021,2021,9,C323,QBO CEL,C0323,QBO CEL,"KUBO CEL, S.A.P.I. DE C.V.",10551,0,0,0,0,10551
107206,15/10/2021,2021,10,C323,QBO CEL,C0323,QBO CEL,"KUBO CEL, S.A.P.I. DE C.V.",10053,0,0,0,0,10053
107206,15/11/2021,2021,11,C323,QBO CEL,C0323,QBO CEL,"KUBO CEL, S.A.P.I. DE C.V.",10112,0,0,0,0,10112
107206,15/12/2021,2021,12,C323,QBO CEL,C0323,QBO CEL,"KUBO CEL, S.A.P.I. DE C.V.",10081,0,0,0,0,10081
107206,15/10/2022,2022,10,C323,QBO CEL,C0323,QBO CEL,"KUBO CEL, S.A.P.I. DE C.V.",0,0,0,0,5928,5928
107206,15/11/2022,2022,11,C323,QBO CEL,C0323,QBO CEL,"KUBO CEL, S.A.P.I. DE C.V.",0,0,0,0,5137,5137
107206,15/12/2022,2022,12,C323,QBO CEL,C0323,QBO CEL,"KUBO CEL, S.A.P.I. DE C.V.",0,0,0,0,4311,4311
107239,15/10/2015,2015,10,C656,WEEX,C0656,WEEX,"TRUU INNOVATION, S.A.P.I. DE C.V.",3696,0,0,0,0,3696
107239,15/11/2015,2015,11,C656,WEEX,C0656,WEEX,"TRUU INNOVATION, S.A.P.I. DE C.V.",6844,0,0,0,0,6844
107239,15/12/2015,2015,12,C656,WEEX,C0656,WEEX,"TRUU INNOVATION, S.A.P.I. DE C.V.",9148,0,0,0,0,9148
107239,15/01/2016,2016,1,C656,WEEX,C0656,WEEX,"TRUU INNOVATION, S.A.P.I. DE C.V.",12802,0,0,0,0,12802
107239,15/02/2016,2016,2,C656,WEEX,C0656,WEEX,"TRUU INNOVATION, S.A.P.I. DE C.V.",15674,0,0,0,0,15674
107239,15/03/2016,2016,3,C656,WEEX,C0656,WEEX,"TRUU INNOVATION, S.A.P.I. DE C.V.",23628,0,0,0,0,23628
107239,15/04/2016,2016,4,C656,WEEX,C0656,WEEX,"TRUU INNOVATION, S.A.P.I. DE C.V.",28255,0,0,0,0,28255
107239,15/05/2016,2016,5,C656,WEEX,C0656,WEEX,"TRUU INNOVATION, S.A.P.I. DE C.V.",32380,0,0,0,0,32380
107239,15/06/2016,2016,6,C656,WEEX,C0656,WEEX,"TRUU INNOVATION, S.A.P.I. DE C.V.",36292,0,0,0,0,36292
107239,15/07/2016,2016,7,C656,WEEX,C0656,WEEX,"TRUU INNOVATION, S.A.P.I. DE C.V.",45844,0,0,0,0,45844
107239,15/08/2016,2016,8,C656,WEEX,C0656,WEEX,"TRUU INNOVATION, S.A.P.I. DE C.V.",70676,0,0,0,0,70676
107239,15/09/2016,2016,9,C656,WEEX,C0656,WEEX,"TRUU INNOVATION, S.A.P.I. DE C.V.",84441,0,0,0,0,84441
107239,15/10/2016,2016,10,C656,WEEX,C0656,WEEX,"TRUU INNOVATION, S.A.P.I. DE C.V.",101517,0,0,0,0,101517
107239,15/11/2016,2016,11,C656,WEEX,C0656,WEEX,"TRUU INNOVATION, S.A.P.I. DE C.V.",118185,0,0,0,0,118185
107239,15/12/2016,2016,12,C656,WEEX,C0656,WEEX,"TRUU INNOVATION, S.A.P.I. DE C.V.",129631,0,0,0,0,129631
107239,15/01/2017,2017,1,C656,WEEX,C0656,WEEX,"TRUU INNOVATION, S.A.P.I. DE C.V.",146129,0,0,0,0,146129
107239,15/02/2017,2017,2,C656,WEEX,C0656,WEEX,"TRUU INNOVATION, S.A.P.I. DE C.V.",148499,0,0,0,0,148499
107239,15/03/2017,2017,3,C656,WEEX,C0656,WEEX,"TRUU INNOVATION, S.A.P.I. DE C.V.",150122,0,0,0,0,150122
107239,15/04/2017,2017,4,C656,WEEX,C0656,WEEX,"TRUU INNOVATION, S.A.P.I. DE C.V.",150807,0,0,0,0,150807
107239,15/05/2017,2017,5,C656,WEEX,C0656,WEEX,"TRUU INNOVATION, S.A.P.I. DE C.V.",155962,0,0,0,0,155962
107239,15/06/2017,2017,6,C656,WEEX,C0656,WEEX,"TRUU INNOVATION, S.A.P.I. DE C.V.",159572,0,0,0,0,159572
107239,15/07/2017,2017,7,C656,WEEX,C0656,WEEX,"TRUU INNOVATION, S.A.P.I. DE C.V.",154136,0,0,0,0,154136
107239,15/08/2017,2017,8,C656,WEEX,C0656,WEEX,"TRUU INNOVATION, S.A.P.I. DE C.V.",152604,0,0,0,0,152604
107239,15/09/2017,2017,9,C656,WEEX,C0656,WEEX,"TRUU INNOVATION, S.A.P.I. DE C.V.",148747,0,0,0,0,148747
107239,15/10/2017,2017,10,C656,WEEX,C0656,WEEX,"TRUU INNOVATION, S.A.P.I. DE C.V.",143267,0,0,0,0,143267
107239,15/11/2017,2017,11,C656,WEEX,C0656,WEEX,"TRUU INNOVATION, S.A.P.I. DE C.V.",139736,0,0,0,0,139736
107239,15/12/2017,2017,12,C656,WEEX,C0656,WEEX,"TRUU INNOVATION, S.A.P.I. DE C.V.",136738,0,0,0,0,136738
107239,15/01/2018,2018,1,C656,WEEX,C0656,WEEX,"TRUU INNOVATION, S.A.P.I. DE C.V.",136691,0,0,0,0,136691
107239,15/02/2018,2018,2,C656,WEEX,C0656,WEEX,"TRUU INNOVATION, S.A.P.I. DE C.V.",139882,0,0,0,0,139882
107239,15/03/2018,2018,3,C656,WEEX,C0656,WEEX,"TRUU INNOVATION, S.A.P.I. DE C.V.",143957,0,0,0,0,143957
107239,15/04/2018,2018,4,C656,WEEX,C0656,WEEX,"TRUU INNOVATION, S.A.P.I. DE C.V.",153250,0,0,0,0,153250
107239,15/05/2018,2018,5,C656,WEEX,C0656,WEEX,"TRUU INNOVATION, S.A.P.I. DE C.V.",158479,0,0,0,0,158479
107239,15/06/2018,2018,6,C656,WEEX,C0656,WEEX,"TRUU INNOVATION, S.A.P.I. DE C.V.",160416,0,0,0,0,160416
107239,15/07/2018,2018,7,C656,WEEX,C0656,WEEX,"TRUU INNOVATION, S.A.P.I. DE C.V.",150337,0,0,0,0,150337
107239,15/08/2018,2018,8,C656,WEEX,C0656,WEEX,"TRUU INNOVATION, S.A.P.I. DE C.V.",149888,0,0,0,0,149888
107239,15/09/2018,2018,9,C656,WEEX,C0656,WEEX,"TRUU INNOVATION, S.A.P.I. DE C.V.",150978,0,0,0,0,150978
107239,15/10/2018,2018,10,C656,WEEX,C0656,WEEX,"TRUU INNOVATION, S.A.P.I. DE C.V.",150877,0,0,0,0,150877
107239,15/11/2018,2018,11,C656,WEEX,C0656,WEEX,"TRUU INNOVATION, S.A.P.I. DE C.V.",150462,0,0,0,0,150462
107239,15/12/2018,2018,12,C656,WEEX,C0656,WEEX,"TRUU INNOVATION, S.A.P.I. DE C.V.",147115,0,0,0,0,147115
107239,15/01/2019,2019,1,C656,WEEX,C0656,WEEX,"TRUU INNOVATION, S.A.P.I. DE C.V.",144473,0,0,0,0,144473
107239,15/02/2019,2019,2,C656,WEEX,C0656,WEEX,"TRUU INNOVATION, S.A.P.I. DE C.V.",141633,0,0,0,0,141633
107239,15/03/2019,2019,3,C656,WEEX,C0656,WEEX,"TRUU INNOVATION, S.A.P.I. DE C.V.",138201,0,0,0,0,138201
107239,15/04/2019,2019,4,C656,WEEX,C0656,WEEX,"TRUU INNOVATION, S.A.P.I. DE C.V.",136237,0,0,0,0,136237
107239,15/05/2019,2019,5,C656,WEEX,C0656,WEEX,"TRUU INNOVATION, S.A.P.I. DE C.V.",134579,0,0,0,0,134579
107239,15/06/2019,2019,6,C656,WEEX,C0656,WEEX,"TRUU INNOVATION, S.A.P.I. DE C.V.",134035,0,0,0,0,134035
107239,15/07/2019,2019,7,C656,WEEX,C0656,WEEX,"TRUU INNOVATION, S.A.P.I. DE C.V.",132389,0,0,0,0,132389
107239,15/08/2019,2019,8,C656,WEEX,C0656,WEEX,"TRUU INNOVATION, S.A.P.I. DE C.V.",131720,0,0,0,0,131720
107239,15/09/2019,2019,9,C656,WEEX,C0656,WEEX,"TRUU INNOVATION, S.A.P.I. DE C.V.",129899,0,0,0,0,129899
107239,15/10/2019,2019,10,C656,WEEX,C0656,WEEX,"TRUU INNOVATION, S.A.P.I. DE C.V.",126464,0,0,0,0,126464
107239,15/11/2019,2019,11,C656,WEEX,C0656,WEEX,"TRUU INNOVATION, S.A.P.I. DE C.V.",124004,0,0,0,0,124004
107239,15/12/2019,2019,12,C656,WEEX,C0656,WEEX,"TRUU INNOVATION, S.A.P.I. DE C.V.",121509,0,0,0,0,121509
107239,15/01/2020,2020,1,C656,WEEX,C0656,WEEX,"TRUU INNOVATION, S.A.P.I. DE C.V.",119626,0,0,0,0,119626
107239,15/02/2020,2020,2,C656,WEEX,C0656,WEEX,"TRUU INNOVATION, S.A.P.I. DE C.V.",122982,0,0,0,0,122982
107239,15/03/2020,2020,3,C656,WEEX,C0656,WEEX,"TRUU INNOVATION, S.A.P.I. DE C.V.",125798,0,0,0,0,125798
107239,15/04/2020,2020,4,C656,WEEX,C0656,WEEX,"TRUU INNOVATION, S.A.P.I. DE C.V.",121516,0,0,0,0,121516
107239,15/05/2020,2020,5,C656,WEEX,C0656,WEEX,"TRUU INNOVATION, S.A.P.I. DE C.V.",111258,0,0,0,0,111258
107239,15/06/2020,2020,6,C656,WEEX,C0656,WEEX,"TRUU INNOVATION, S.A.P.I. DE C.V.",102999,0,0,0,0,102999
107239,15/07/2020,2020,7,C656,WEEX,C0656,WEEX,"TRUU INNOVATION, S.A.P.I. DE C.V.",101560,0,0,0,0,101560
107239,15/08/2020,2020,8,C656,WEEX,C0656,WEEX,"TRUU INNOVATION, S.A.P.I. DE C.V.",101852,0,0,0,0,101852
107239,15/09/2020,2020,9,C656,WEEX,C0656,WEEX,"TRUU INNOVATION, S.A.P.I. DE C.V.",101021,0,0,0,0,101021
107239,15/10/2020,2020,10,C656,WEEX,C0656,WEEX,"TRUU INNOVATION, S.A.P.I. DE C.V.",99586,0,0,0,0,99586
107239,15/11/2020,2020,11,C656,WEEX,C0656,WEEX,"TRUU INNOVATION, S.A.P.I. DE C.V.",97750,0,0,0,0,97750
107239,15/12/2020,2020,12,C656,WEEX,C0656,WEEX,"TRUU INNOVATION, S.A.P.I. DE C.V.",97624,0,0,0,0,97624
107326,15/10/2015,2015,10,G007,AT&T,C0051,AT&T,"AT&T COMUNICACIONES DIGITALES, S. DE R.L. DE C.V.",3680013,4427819,0,0,0,8107832
107326,15/11/2015,2015,11,G007,AT&T,C0051,AT&T,"AT&T COMUNICACIONES DIGITALES, S. DE R.L. DE C.V.",3932615,4450834,0,0,0,8383449
107326,15/12/2015,2015,12,G007,AT&T,C0051,AT&T,"AT&T COMUNICACIONES DIGITALES, S. DE R.L. DE C.V.",4243809,4440300,0,0,0,8684109
107326,15/01/2016,2016,1,G007,AT&T,C0051,AT&T,"AT&T COMUNICACIONES DIGITALES, S. DE R.L. DE C.V.",4467194,4405528,0,0,0,8872722
107326,15/02/2016,2016,2,G007,AT&T,C0051,AT&T,"AT&T COMUNICACIONES DIGITALES, S. DE R.L. DE C.V.",4684125,4381110,0,0,0,9065235
107326,15/03/2016,2016,3,G007,AT&T,C0051,AT&T,"AT&T COMUNICACIONES DIGITALES, S. DE R.L. DE C.V.",4854613,4357979,0,0,0,9212592
107326,15/04/2016,2016,4,G007,AT&T,C0051,AT&T,"AT&T COMUNICACIONES DIGITALES, S. DE R.L. DE C.V.",4877750,4457039,0,0,0,9334789
107326,15/05/2016,2016,5,G007,AT&T,C0051,AT&T,"AT&T COMUNICACIONES DIGITALES, S. DE R.L. DE C.V.",5215610,4527506,0,0,0,9743116
107326,15/06/2016,2016,6,G007,AT&T,C0051,AT&T,"AT&T COMUNICACIONES DIGITALES, S. DE R.L. DE C.V.",5387198,4567900,0,0,0,9955098
107326,15/07/2016,2016,7,G007,AT&T,C0051,AT&T,"AT&T COMUNICACIONES DIGITALES, S. DE R.L. DE C.V.",5600981,4634956,0,0,0,10235937
107326,15/08/2016,2016,8,G007,AT&T,C0051,AT&T,"AT&T COMUNICACIONES DIGITALES, S. DE R.L. DE C.V.",5809222,4686738,0,0,0,10495960
107326,15/09/2016,2016,9,G007,AT&T,C0051,AT&T,"AT&T COMUNICACIONES DIGITALES, S. DE R.L. DE C.V.",5965789,4732619,0,0,0,10698408
107326,15/10/2016,2016,10,G007,AT&T,C0051,AT&T,"AT&T COMUNICACIONES DIGITALES, S. DE R.L. DE C.V.",6199832,4732891,0,0,0,10932723
107326,15/11/2016,2016,11,G007,AT&T,C0051,AT&T,"AT&T COMUNICACIONES DIGITALES, S. DE R.L. DE C.V.",6548793,4802237,0,0,0,11351030
107326,15/12/2016,2016,12,G007,AT&T,C0051,AT&T,"AT&T COMUNICACIONES DIGITALES, S. DE R.L. DE C.V.",7007560,4905784,0,0,0,11913344
107326,15/01/2017,2017,1,G007,AT&T,C0051,AT&T,"AT&T COMUNICACIONES DIGITALES, S. DE R.L. DE C.V.",7203578,5026728,0,0,0,12230306
107326,15/02/2017,2017,2,G007,AT&T,C0051,AT&T,"AT&T COMUNICACIONES DIGITALES, S. DE R.L. DE C.V.",7368767,5095444,0,0,0,12464211
107326,15/03/2017,2017,3,G007,AT&T,C0051,AT&T,"AT&T COMUNICACIONES DIGITALES, S. DE R.L. DE C.V.",7441232,5061953,0,0,0,12503185
107326,15/04/2017,2017,4,G007,AT&T,C0051,AT&T,"AT&T COMUNICACIONES DIGITALES, S. DE R.L. DE C.V.",7218457,5244093,0,0,0,12462550
107326,15/05/2017,2017,5,G007,AT&T,C0051,AT&T,"AT&T COMUNICACIONES DIGITALES, S. DE R.L. DE C.V.",7404625,5265232,0,0,0,12669857
107326,15/06/2017,2017,6,G007,AT&T,C0051,AT&T,"AT&T COMUNICACIONES DIGITALES, S. DE R.L. DE C.V.",7611336,5321054,0,0,0,12932390
107326,15/07/2017,2017,7,G007,AT&T,C0051,AT&T,"AT&T COMUNICACIONES DIGITALES, S. DE R.L. DE C.V.",7817323,0,0,5381231,0,13198554
107326,15/08/2017,2017,8,G007,AT&T,C0051,AT&T,"AT&T COMUNICACIONES DIGITALES, S. DE R.L. DE C.V.",8001529,0,0,5413803,0,13415332
107326,15/09/2017,2017,9,G007,AT&T,C0051,AT&T,"AT&T COMUNICACIONES DIGITALES, S. DE R.L. DE C.V.",8189399,0,0,5422205,0,13611604
107326,15/10/2017,2017,10,G007,AT&T,C0051,AT&T,"AT&T COMUNICACIONES DIGITALES, S. DE R.L. DE C.V.",8507706,0,0,5437354,0,13945060
107326,15/11/2017,2017,11,G007,AT&T,C0051,AT&T,"AT&T COMUNICACIONES DIGITALES, S. DE R.L. DE C.V.",8925982,0,0,5490475,0,14416457
107326,15/12/2017,2017,12,G007,AT&T,C0051,AT&T,"AT&T COMUNICACIONES DIGITALES, S. DE R.L. DE C.V.",9323924,0,0,5557133,0,14881057
107326,15/01/2018,2018,1,G007,AT&T,C0051,AT&T,"AT&T COMUNICACIONES DIGITALES, S. DE R.L. DE C.V.",9471571,0,3061185,2525178,0,15057934
107326,15/02/2018,2018,2,G007,AT&T,C0051,AT&T,"AT&T COMUNICACIONES DIGITALES, S. DE R.L. DE C.V.",9725434,0,3036645,2566266,0,15328345
107326,15/03/2018,2018,3,G007,AT&T,C0051,AT&T,"AT&T COMUNICACIONES DIGITALES, S. DE R.L. DE C.V.",9815172,0,3012745,2616900,0,15444817
107326,15/04/2018,2018,4,G007,AT&T,C0051,AT&T,"AT&T COMUNICACIONES DIGITALES, S. DE R.L. DE C.V.",10011120,0,3090090,2539528,0,15640738
107326,15/05/2018,2018,5,G007,AT&T,C0051,AT&T,"AT&T COMUNICACIONES DIGITALES, S. DE R.L. DE C.V.",10219243,0,3066275,2578984,0,15864502
107326,15/06/2018,2018,6,G007,AT&T,C0051,AT&T,"AT&T COMUNICACIONES DIGITALES, S. DE R.L. DE C.V.",10424056,0,3027841,2608983,0,16060880
107326,15/07/2018,2018,7,G007,AT&T,C0051,AT&T,"AT&T COMUNICACIONES DIGITALES, S. DE R.L. DE C.V.",10727756,0,2874391,2691478,0,16293625
107326,15/08/2018,2018,8,G007,AT&T,C0051,AT&T,"AT&T COMUNICACIONES DIGITALES, S. DE R.L. DE C.V.",10952767,0,2850305,2697304,0,16500376
107326,15/09/2018,2018,9,G007,AT&T,C0051,AT&T,"AT&T COMUNICACIONES DIGITALES, S. DE R.L. DE C.V.",11207722,0,2848608,2696992,0,16753322
107326,15/10/2018,2018,10,G007,AT&T,C0051,AT&T,"AT&T COMUNICACIONES DIGITALES, S. DE R.L. DE C.V.",11463550,0,2838833,2726015,0,17028398
107326,15/11/2018,2018,11,G007,AT&T,C0051,AT&T,"AT&T COMUNICACIONES DIGITALES, S. DE R.L. DE C.V.",11792183,0,2851992,2721764,0,17365939
107326,15/12/2018,2018,12,G007,AT&T,C0051,AT&T,"AT&T COMUNICACIONES DIGITALES, S. DE R.L. DE C.V.",12230923,0,2888331,2687783,0,17807037
107326,15/01/2019,2019,1,G007,AT&T,C0051,AT&T,"AT&T COMUNICACIONES DIGITALES, S. DE R.L. DE C.V.",11566437,0,2820961,2751709,0,17139107
107326,15/02/2019,2019,2,G007,AT&T,C0051,AT&T,"AT&T COMUNICACIONES DIGITALES, S. DE R.L. DE C.V.",11600929,0,2840334,2727071,0,17168334
107326,15/03/2019,2019,3,G007,AT&T,C0051,AT&T,"AT&T COMUNICACIONES DIGITALES, S. DE R.L. DE C.V.",11777740,0,2875089,2661729,0,17314558
107326,15/04/2019,2019,4,G007,AT&T,C0051,AT&T,"AT&T COMUNICACIONES DIGITALES, S. DE R.L. DE C.V.",11741657,0,2789892,2673854,0,17205403
107326,15/05/2019,2019,5,G007,AT&T,C0051,AT&T,"AT&T COMUNICACIONES DIGITALES, S. DE R.L. DE C.V.",11987203,0,2856102,2564105,0,17407410
107326,15/06/2019,2019,6,G007,AT&T,C0051,AT&T,"AT&T COMUNICACIONES DIGITALES, S. DE R.L. DE C.V.",12178750,0,2865118,2528348,0,17572216
107326,15/07/2019,2019,7,G007,AT&T,C0051,AT&T,"AT&T COMUNICACIONES DIGITALES, S. DE R.L. DE C.V.",12411140,0,2894237,2450655,0,17756032
107326,15/08/2019,2019,8,G007,AT&T,C0051,AT&T,"AT&T COMUNICACIONES DIGITALES, S. DE R.L. DE C.V.",12697951,0,2922614,2396679,0,18017244
107326,15/09/2019,2019,9,G007,AT&T,C0051,AT&T,"AT&T COMUNICACIONES DIGITALES, S. DE R.L. DE C.V.",12846434,0,3011135,2256345,0,18113914
107326,15/10/2019,2019,10,G007,AT&T,C0051,AT&T,"AT&T COMUNICACIONES DIGITALES, S. DE R.L. DE C.V.",12970305,0,2822882,2376371,0,18169558
107326,15/11/2019,2019,11,G007,AT&T,C0051,AT&T,"AT&T COMUNICACIONES DIGITALES, S. DE R.L. DE C.V.",13208219,0,2825928,2287930,0,18322077
107326,15/12/2019,2019,12,G007,AT&T,C0051,AT&T,"AT&T COMUNICACIONES DIGITALES, S. DE R.L. DE C.V.",13582855,0,2794265,2256558,0,18633678
107326,15/01/2020,2020,1,G007,AT&T,C0051,AT&T,"AT&T COMUNICACIONES DIGITALES, S. DE R.L. DE C.V.",13779904,0,2777569,2223712,0,18781185
107326,15/02/2020,2020,2,G007,AT&T,C0051,AT&T,"AT&T COMUNICACIONES DIGITALES, S. DE R.L. DE C.V.",13781973,0,2766803,2204861,0,18753637
107326,15/03/2020,2020,3,G007,AT&T,C0051,AT&T,"AT&T COMUNICACIONES DIGITALES, S. DE R.L. DE C.V.",13690015,0,2751271,2179029,0,18620315
107326,15/04/2020,2020,4,G007,AT&T,C0051,AT&T,"AT&T COMUNICACIONES DIGITALES, S. DE R.L. DE C.V.",13305727,0,2705440,2151219,0,18162386
107326,15/05/2020,2020,5,G007,AT&T,C0051,AT&T,"AT&T COMUNICACIONES DIGITALES, S. DE R.L. DE C.V.",12999721,0,2694014,2130498,0,17824233
107326,15/06/2020,2020,6,G007,AT&T,C0051,AT&T,"AT&T COMUNICACIONES DIGITALES, S. DE R.L. DE C.V.",12774652,0,2681930,2121611,0,17578193
107326,15/07/2020,2020,7,G007,AT&T,C0051,AT&T,"AT&T COMUNICACIONES DIGITALES, S. DE R.L. DE C.V.",12921869,0,2702258,2076143,0,17700270
107326,15/08/2020,2020,8,G007,AT&T,C0051,AT&T,"AT&T COMUNICACIONES DIGITALES, S. DE R.L. DE C.V.",13241512,0,2738284,2039159,0,18018955
107326,15/09/2020,2020,9,G007,AT&T,C0051,AT&T,"AT&T COMUNICACIONES DIGITALES, S. DE R.L. DE C.V.",13247385,0,2774812,2014333,0,18036530
107326,15/10/2020,2020,10,G007,AT&T,C0051,AT&T,"AT&T COMUNICACIONES DIGITALES, S. DE R.L. DE C.V.",13272606,0,2795482,2011333,0,18079421
107326,15/11/2020,2020,11,G007,AT&T,C0051,AT&T,"AT&T COMUNICACIONES DIGITALES, S. DE R.L. DE C.V.",13535689,0,2802979,1998156,0,18336824
107326,15/12/2020,2020,12,G007,AT&T,C0051,AT&T,"AT&T COMUNICACIONES DIGITALES, S. DE R.L. DE C.V.",13756537,0,2821968,1991791,0,18570296
107326,15/01/2021,2021,1,G007,AT&T,C0051,AT&T,"AT&T COMUNICACIONES DIGITALES, S. DE R.L. DE C.V.",13810148,0,2877162,1954373,0,18641683
107326,15/02/2021,2021,2,G007,AT&T,C0051,AT&T,"AT&T COMUNICACIONES DIGITALES, S. DE R.L. DE C.V.",13793401,0,2895926,1956065,0,18645392
107326,15/03/2021,2021,3,G007,AT&T,C0051,AT&T,"AT&T COMUNICACIONES DIGITALES, S. DE R.L. DE C.V.",13754739,0,2908692,1951286,0,18614717
107326,15/04/2021,2021,4,G007,AT&T,C0051,AT&T,"AT&T COMUNICACIONES DIGITALES, S. DE R.L. DE C.V.",13663927,0,2927611,1941910,0,18533448
107326,15/05/2021,2021,5,G007,AT&T,C0051,AT&T,"AT&T COMUNICACIONES DIGITALES, S. DE R.L. DE C.V.",13790950,0,2937675,1932475,0,18661100
107326,15/06/2021,2021,6,G007,AT&T,C0051,AT&T,"AT&T COMUNICACIONES DIGITALES, S. DE R.L. DE C.V.",13808855,0,2945545,1926440,0,18680840
107326,15/07/2021,2021,7,G007,AT&T,C0051,AT&T,"AT&T COMUNICACIONES DIGITALES, S. DE R.L. DE C.V.",13827438,0,2954422,1928919,0,18710779
107326,15/08/2021,2021,8,G007,AT&T,C0051,AT&T,"AT&T COMUNICACIONES DIGITALES, S. DE R.L. DE C.V.",13993680,0,2970405,1936110,0,18900195
107326,15/09/2021,2021,9,G007,AT&T,C0051,AT&T,"AT&T COMUNICACIONES DIGITALES, S. DE R.L. DE C.V.",14198142,0,2969791,1943827,0,19111760
107326,15/10/2021,2021,10,G007,AT&T,C0051,AT&T,"AT&T COMUNICACIONES DIGITALES, S. DE R.L. DE C.V.",14339698,0,2975806,1942881,0,19258385
107326,15/11/2021,2021,11,G007,AT&T,C0051,AT&T,"AT&T COMUNICACIONES DIGITALES, S. DE R.L. DE C.V.",14679775,0,2989245,1948391,0,19617411
107326,15/12/2021,2021,12,G007,AT&T,C0051,AT&T,"AT&T COMUNICACIONES DIGITALES, S. DE R.L. DE C.V.",15055788,0,2985649,1954206,0,19995643
107326,15/01/2022,2022,1,G007,AT&T,C0051,AT&T,"AT&T COMUNICACIONES DIGITALES, S. DE R.L. DE C.V.",15149270,0,2955999,1954298,0,20059567
107326,15/02/2022,2022,2,G007,AT&T,C0051,AT&T,"AT&T COMUNICACIONES DIGITALES, S. DE R.L. DE C.V.",15194954,0,2948707,1949477,0,20093138
107326,15/03/2022,2022,3,G007,AT&T,C0051,AT&T,"AT&T COMUNICACIONES DIGITALES, S. DE R.L. DE C.V.",15233308,0,2942233,1945196,0,20120737
107326,15/04/2022,2022,4,G007,AT&T,C0051,AT&T,"AT&T COMUNICACIONES DIGITALES, S. DE R.L. DE C.V.",15229489,0,2928772,1945203,0,20103464
107326,15/05/2022,2022,5,G007,AT&T,C0051,AT&T,"AT&T COMUNICACIONES DIGITALES, S. DE R.L. DE C.V.",15404844,0,2931012,1945879,0,20281735
107326,15/06/2022,2022,6,G007,AT&T,C0051,AT&T,"AT&T COMUNICACIONES DIGITALES, S. DE R.L. DE C.V.",15420571,0,2928109,1946385,0,20295065
107326,15/07/2022,2022,7,G007,AT&T,C0051,AT&T,"AT&T COMUNICACIONES DIGITALES, S. DE R.L. DE C.V.",15515157,0,2933316,1947003,0,20395476
107326,15/08/2022,2022,8,G007,AT&T,C0051,AT&T,"AT&T COMUNICACIONES DIGITALES, S. DE R.L. DE C.V.",15599992,0,2943840,1949510,0,20493342
107326,15/09/2022,2022,9,G007,AT&T,C0051,AT&T,"AT&T COMUNICACIONES DIGITALES, S. DE R.L. DE C.V.",15687649,0,2945387,1950534,0,20583570
107326,15/10/2022,2022,10,G007,AT&T,C0051,AT&T,"AT&T COMUNICACIONES DIGITALES, S. DE R.L. DE C.V.",15822923,0,2955264,1951366,0,20729553
107326,15/11/2022,2022,11,G007,AT&T,C0051,AT&T,"AT&T COMUNICACIONES DIGITALES, S. DE R.L. DE C.V.",16018126,0,2980170,1957974,0,20956270
107326,15/12/2022,2022,12,G007,AT&T,C0051,AT&T,"AT&T COMUNICACIONES DIGITALES, S. DE R.L. DE C.V.",16202525,0,3009442,1964842,0,21176809
107326,15/01/2023,2023,1,G007,AT&T,C0051,AT&T,"AT&T COMUNICACIONES DIGITALES, S. DE R.L. DE C.V.",16267076,0,3020471,1972042,0,21259589
107326,15/02/2023,2023,2,G007,AT&T,C0051,AT&T,"AT&T COMUNICACIONES DIGITALES, S. DE R.L. DE C.V.",16227918,0,3033248,1980385,0,21241551
107326,15/03/2023,2023,3,G007,AT&T,C0051,AT&T,"AT&T COMUNICACIONES DIGITALES, S. DE R.L. DE C.V.",16145111,0,3045526,1988401,0,21179038
107326,15/04/2023,2023,4,G007,AT&T,C0051,AT&T,"AT&T COMUNICACIONES DIGITALES, S. DE R.L. DE C.V.",16117565,0,3041439,1989891,0,21148895
107326,15/05/2023,2023,5,G007,AT&T,C0051,AT&T,"AT&T COMUNICACIONES DIGITALES, S. DE R.L. DE C.V.",16210202,0,3053415,1991884,0,21255501
107326,15/06/2023,2023,6,G007,AT&T,C0051,AT&T,"AT&T COMUNICACIONES DIGITALES, S. DE R.L. DE C.V.",16195648,0,3053851,1993835,0,21243334
107326,15/07/2023,2023,7,G007,AT&T,C0051,AT&T,"AT&T COMUNICACIONES DIGITALES, S. DE R.L. DE C.V.",16229566,0,3062519,1995315,0,21287400
107326,15/08/2023,2023,8,G007,AT&T,C0051,AT&T,"AT&T COMUNICACIONES DIGITALES, S. DE R.L. DE C.V.",16226460,0,3069172,1999649,0,21295281
107326,15/09/2023,2023,9,G007,AT&T,C0051,AT&T,"AT&T COMUNICACIONES DIGITALES, S. DE R.L. DE C.V.",16212449,0,3078695,2005854,0,21296998
107326,15/10/2023,2023,10,G007,AT&T,C0051,AT&T,"AT&T COMUNICACIONES DIGITALES, S. DE R.L. DE C.V.",16272747,0,3086266,2013313,0,21372326
107326,15/11/2023,2023,11,G007,AT&T,C0051,AT&T,"AT&T COMUNICACIONES DIGITALES, S. DE R.L. DE C.V.",16442350,0,3107911,2029131,0,21579392
107326,15/12/2023,2023,12,G007,AT&T,C0051,AT&T,"AT&T COMUNICACIONES DIGITALES, S. DE R.L. DE C.V.",16662804,0,3130058,2045302,0,21838164
107326,15/01/2024,2024,1,G007,AT&T,C0051,AT&T,"AT&T COMUNICACIONES DIGITALES, S. DE R.L. DE C.V.",16814676,0,3138315,2050697,0,22003688
107326,15/02/2024,2024,2,G007,AT&T,C0051,AT&T,"AT&T COMUNICACIONES DIGITALES, S. DE R.L. DE C.V.",16830574,0,3147030,2059836,0,22037440
107326,15/03/2024,2024,3,G007,AT&T,C0051,AT&T,"AT&T COMUNICACIONES DIGITALES, S. DE R.L. DE C.V.",16741586,0,3141690,2059783,0,21943059
107326,15/04/2024,2024,4,G007,AT&T,C0051,AT&T,"AT&T COMUNICACIONES DIGITALES, S. DE R.L. DE C.V.",16713888,0,3150768,2065734,0,21930390
107326,15/05/2024,2024,5,G007,AT&T,C0051,AT&T,"AT&T COMUNICACIONES DIGITALES, S. DE R.L. DE C.V.",16763851,0,3162401,2073362,0,21999614
107326,15/06/2024,2024,6,G007,AT&T,C0051,AT&T,"AT&T COMUNICACIONES DIGITALES, S. DE R.L. DE C.V.",16808278,0,3171754,2079494,0,22059526
107326,15/07/2024,2024,7,G007,AT&T,C0051,AT&T,"AT&T COMUNICACIONES DIGITALES, S. DE R.L. DE C.V.",16895012,0,3177849,2083489,0,22156350
107326,15/08/2024,2024,8,G007,AT&T,C0051,AT&T,"AT&T COMUNICACIONES DIGITALES, S. DE R.L. DE C.V.",16956288,0,3186229,2088983,0,22231500
107326,15/09/2024,2024,9,G007,AT&T,C0051,AT&T,"AT&T COMUNICACIONES DIGITALES, S. DE R.L. DE C.V.",16995619,0,3197114,2096120,0,22288853
107326,15/10/2024,2024,10,G007,AT&T,C0051,AT&T,"AT&T COMUNICACIONES DIGITALES, S. DE R.L. DE C.V.",17058007,0,3202655,2099753,0,22360415
107326,15/11/2024,2024,11,G007,AT&T,C0051,AT&T,"AT&T COMUNICACIONES DIGITALES, S. DE R.L. DE C.V.",17247691,0,3222215,2112577,0,22582483
107326,15/12/2024,2024,12,G007,AT&T,C0051,AT&T,"AT&T COMUNICACIONES DIGITALES, S. DE R.L. DE C.V.",17485240,0,3248639,2129902,0,22863781
107341,15/01/2021,2021,1,C735,NEXT TELEKOM,C0735,NEXT TELEKOM,"NEXT TELEKOM, S.A.P.I. DE C.V.",0,0,0,0,42,42
107341,15/02/2021,2021,2,C735,NEXT TELEKOM,C0735,NEXT TELEKOM,"NEXT TELEKOM, S.A.P.I. DE C.V.",0,0,0,0,42,42
107341,15/03/2021,2021,3,C735,NEXT TELEKOM,C0735,NEXT TELEKOM,"NEXT TELEKOM, S.A.P.I. DE C.V.",0,0,0,0,42,42
107341,15/04/2021,2021,4,C735,NEXT TELEKOM,C0735,NEXT TELEKOM,"NEXT TELEKOM, S.A.P.I. DE C.V.",0,0,0,0,44,44
107341,15/05/2021,2021,5,C735,NEXT TELEKOM,C0735,NEXT TELEKOM,"NEXT TELEKOM, S.A.P.I. DE C.V.",0,0,0,0,41,41
107341,15/06/2021,2021,6,C735,NEXT TELEKOM,C0735,NEXT TELEKOM,"NEXT TELEKOM, S.A.P.I. DE C.V.",0,0,0,0,42,42
107341,15/07/2021,2021,7,C735,NEXT TELEKOM,C0735,NEXT TELEKOM,"NEXT TELEKOM, S.A.P.I. DE C.V.",0,0,0,0,42,42
107341,15/08/2021,2021,8,C735,NEXT TELEKOM,C0735,NEXT TELEKOM,"NEXT TELEKOM, S.A.P.I. DE C.V.",0,0,0,0,43,43
107341,15/09/2021,2021,9,C735,NEXT TELEKOM,C0735,NEXT TELEKOM,"NEXT TELEKOM, S.A.P.I. DE C.V.",0,0,0,0,44,44
107341,15/10/2021,2021,10,C735,NEXT TELEKOM,C0735,NEXT TELEKOM,"NEXT TELEKOM, S.A.P.I. DE C.V.",0,0,0,0,44,44
107341,15/11/2021,2021,11,C735,NEXT TELEKOM,C0735,NEXT TELEKOM,"NEXT TELEKOM, S.A.P.I. DE C.V.",0,0,0,0,44,44
107341,15/12/2021,2021,12,C735,NEXT TELEKOM,C0735,NEXT TELEKOM,"NEXT TELEKOM, S.A.P.I. DE C.V.",0,0,0,0,44,44
107341,15/01/2022,2022,1,C735,NEXT TELEKOM,C0735,NEXT TELEKOM,"NEXT TELEKOM, S.A.P.I. DE C.V.",0,0,0,0,44,44
107341,15/02/2022,2022,2,C735,NEXT TELEKOM,C0735,NEXT TELEKOM,"NEXT TELEKOM, S.A.P.I. DE C.V.",0,0,0,0,44,44
107341,15/03/2022,2022,3,C735,NEXT TELEKOM,C0735,NEXT TELEKOM,"NEXT TELEKOM, S.A.P.I. DE C.V.",0,0,0,0,43,43
107341,15/04/2022,2022,4,C735,NEXT TELEKOM,C0735,NEXT TELEKOM,"NEXT TELEKOM, S.A.P.I. DE C.V.",0,0,0,0,43,43
107341,15/05/2022,2022,5,C735,NEXT TELEKOM,C0735,NEXT TELEKOM,"NEXT TELEKOM, S.A.P.I. DE C.V.",0,0,0,0,43,43
107341,15/06/2022,2022,6,C735,NEXT TELEKOM,C0735,NEXT TELEKOM,"NEXT TELEKOM, S.A.P.I. DE C.V.",0,0,0,0,44,44
107341,15/07/2022,2022,7,C735,NEXT TELEKOM,C0735,NEXT TELEKOM,"NEXT TELEKOM, S.A.P.I. DE C.V.",0,0,0,0,44,44
107341,15/08/2022,2022,8,C735,NEXT TELEKOM,C0735,NEXT TELEKOM,"NEXT TELEKOM, S.A.P.I. DE C.V.",0,0,0,0,44,44
107341,15/09/2022,2022,9,C735,NEXT TELEKOM,C0735,NEXT TELEKOM,"NEXT TELEKOM, S.A.P.I. DE C.V.",0,0,0,0,45,45
107341,15/10/2022,2022,10,C735,NEXT TELEKOM,C0735,NEXT TELEKOM,"NEXT TELEKOM, S.A.P.I. DE C.V.",0,0,0,0,46,46
107341,15/11/2022,2022,11,C735,NEXT TELEKOM,C0735,NEXT TELEKOM,"NEXT TELEKOM, S.A.P.I. DE C.V.",0,0,0,0,46,46
107341,15/12/2022,2022,12,C735,NEXT TELEKOM,C0735,NEXT TELEKOM,"NEXT TELEKOM, S.A.P.I. DE C.V.",0,0,0,0,46,46
107341,15/01/2023,2023,1,C735,NEXT TELEKOM,C0735,NEXT TELEKOM,"NEXT TELEKOM, S.A.P.I. DE C.V.",0,0,0,0,46,46
107341,15/02/2023,2023,2,C735,NEXT TELEKOM,C0735,NEXT TELEKOM,"NEXT TELEKOM, S.A.P.I. DE C.V.",0,0,0,0,46,46
107341,15/03/2023,2023,3,C735,NEXT TELEKOM,C0735,NEXT TELEKOM,"NEXT TELEKOM, S.A.P.I. DE C.V.",0,0,0,0,49,49
107341,15/04/2023,2023,4,C735,NEXT TELEKOM,C0735,NEXT TELEKOM,"NEXT TELEKOM, S.A.P.I. DE C.V.",0,0,0,0,59,59
107341,15/05/2023,2023,5,C735,NEXT TELEKOM,C0735,NEXT TELEKOM,"NEXT TELEKOM, S.A.P.I. DE C.V.",0,0,0,0,59,59
107341,15/06/2023,2023,6,C735,NEXT TELEKOM,C0735,NEXT TELEKOM,"NEXT TELEKOM, S.A.P.I. DE C.V.",0,0,0,0,65,65
107341,15/07/2023,2023,7,C735,NEXT TELEKOM,C0735,NEXT TELEKOM,"NEXT TELEKOM, S.A.P.I. DE C.V.",0,0,0,0,70,70
107341,15/08/2023,2023,8,C735,NEXT TELEKOM,C0735,NEXT TELEKOM,"NEXT TELEKOM, S.A.P.I. DE C.V.",0,0,0,0,78,78
107341,15/09/2023,2023,9,C735,NEXT TELEKOM,C0735,NEXT TELEKOM,"NEXT TELEKOM, S.A.P.I. DE C.V.",0,0,0,0,80,80
107341,15/10/2023,2023,10,C735,NEXT TELEKOM,C0735,NEXT TELEKOM,"NEXT TELEKOM, S.A.P.I. DE C.V.",0,0,0,0,82,82
107341,15/11/2023,2023,11,C735,NEXT TELEKOM,C0735,NEXT TELEKOM,"NEXT TELEKOM, S.A.P.I. DE C.V.",0,0,0,0,84,84
107341,15/12/2023,2023,12,C735,NEXT TELEKOM,C0735,NEXT TELEKOM,"NEXT TELEKOM, S.A.P.I. DE C.V.",0,0,0,0,85,85
107341,15/01/2024,2024,1,C735,NEXT TELEKOM,C0735,NEXT TELEKOM,"NEXT TELEKOM, S.A.P.I. DE C.V.",0,0,0,0,85,85
107341,15/02/2024,2024,2,C735,NEXT TELEKOM,C0735,NEXT TELEKOM,"NEXT TELEKOM, S.A.P.I. DE C.V.",0,0,0,0,85,85
107341,15/03/2024,2024,3,C735,NEXT TELEKOM,C0735,NEXT TELEKOM,"NEXT TELEKOM, S.A.P.I. DE C.V.",0,0,0,0,85,85
107341,15/04/2024,2024,4,C735,NEXT TELEKOM,C0735,NEXT TELEKOM,"NEXT TELEKOM, S.A.P.I. DE C.V.",0,0,0,0,95,95
107341,15/05/2024,2024,5,C735,NEXT TELEKOM,C0735,NEXT TELEKOM,"NEXT TELEKOM, S.A.P.I. DE C.V.",0,0,0,0,95,95
107341,15/06/2024,2024,6,C735,NEXT TELEKOM,C0735,NEXT TELEKOM,"NEXT TELEKOM, S.A.P.I. DE C.V.",0,0,0,0,95,95
107341,15/07/2024,2024,7,C735,NEXT TELEKOM,C0735,NEXT TELEKOM,"NEXT TELEKOM, S.A.P.I. DE C.V.",0,0,0,0,97,97
107341,15/08/2024,2024,8,C735,NEXT TELEKOM,C0735,NEXT TELEKOM,"NEXT TELEKOM, S.A.P.I. DE C.V.",0,0,0,0,104,104
107341,15/09/2024,2024,9,C735,NEXT TELEKOM,C0735,NEXT TELEKOM,"NEXT TELEKOM, S.A.P.I. DE C.V.",0,0,0,0,106,106
107341,15/10/2024,2024,10,C735,NEXT TELEKOM,C0735,NEXT TELEKOM,"NEXT TELEKOM, S.A.P.I. DE C.V.",0,0,0,0,106,106
107341,15/11/2024,2024,11,C735,NEXT TELEKOM,C0735,NEXT TELEKOM,"NEXT TELEKOM, S.A.P.I. DE C.V.",0,0,0,0,136,136
107341,15/12/2024,2024,12,C735,NEXT TELEKOM,C0735,NEXT TELEKOM,"NEXT TELEKOM, S.A.P.I. DE C.V.",0,0,0,0,136,136
107353,15/10/2016,2016,10,C704,FLASH MOBILE,C0704,FLASH MOBILE,"LOGISTICA ACN MEXICO, S. DE R.L. DE C.V.",4387,0,0,0,0,4387
107353,15/11/2016,2016,11,C704,FLASH MOBILE,C0704,FLASH MOBILE,"LOGISTICA ACN MEXICO, S. DE R.L. DE C.V.",33594,0,0,0,0,33594
107353,15/12/2016,2016,12,C704,FLASH MOBILE,C0704,FLASH MOBILE,"LOGISTICA ACN MEXICO, S. DE R.L. DE C.V.",51014,0,0,0,0,51014
107353,15/01/2017,2017,1,C704,FLASH MOBILE,C0704,FLASH MOBILE,"LOGISTICA ACN MEXICO, S. DE R.L. DE C.V.",43967,0,0,0,0,43967
107353,15/02/2017,2017,2,C704,FLASH MOBILE,C0704,FLASH MOBILE,"LOGISTICA ACN MEXICO, S. DE R.L. DE C.V.",54396,0,0,0,0,54396
107353,15/03/2017,2017,3,C704,FLASH MOBILE,C0704,FLASH MOBILE,"LOGISTICA ACN MEXICO, S. DE R.L. DE C.V.",64123,0,0,0,0,64123
107353,15/04/2017,2017,4,C704,FLASH MOBILE,C0704,FLASH MOBILE,"LOGISTICA ACN MEXICO, S. DE R.L. DE C.V.",90873,0,0,0,0,90873
107353,15/05/2017,2017,5,C704,FLASH MOBILE,C0704,FLASH MOBILE,"LOGISTICA ACN MEXICO, S. DE R.L. DE C.V.",109549,0,0,0,0,109549
107353,15/06/2017,2017,6,C704,FLASH MOBILE,C0704,FLASH MOBILE,"LOGISTICA ACN MEXICO, S. DE R.L. DE C.V.",131272,0,0,0,0,131272
107353,15/07/2017,2017,7,C704,FLASH MOBILE,C0704,FLASH MOBILE,"LOGISTICA ACN MEXICO, S. DE R.L. DE C.V.",151009,0,0,0,0,151009
107353,15/08/2017,2017,8,C704,FLASH MOBILE,C0704,FLASH MOBILE,"LOGISTICA ACN MEXICO, S. DE R.L. DE C.V.",163339,0,0,0,0,163339
107353,15/09/2017,2017,9,C704,FLASH MOBILE,C0704,FLASH MOBILE,"LOGISTICA ACN MEXICO, S. DE R.L. DE C.V.",172767,0,0,0,0,172767
107353,15/10/2017,2017,10,C704,FLASH MOBILE,C0704,FLASH MOBILE,"LOGISTICA ACN MEXICO, S. DE R.L. DE C.V.",178303,0,0,0,0,178303
107353,15/11/2017,2017,11,C704,FLASH MOBILE,C0704,FLASH MOBILE,"LOGISTICA ACN MEXICO, S. DE R.L. DE C.V.",139649,0,0,0,0,139649
107353,15/12/2017,2017,12,C704,FLASH MOBILE,C0704,FLASH MOBILE,"LOGISTICA ACN MEXICO, S. DE R.L. DE C.V.",136147,0,0,0,0,136147
107353,15/01/2018,2018,1,C704,FLASH MOBILE,C0704,FLASH MOBILE,"LOGISTICA ACN MEXICO, S. DE R.L. DE C.V.",151935,0,0,0,0,151935
107353,15/02/2018,2018,2,C704,FLASH MOBILE,C0704,FLASH MOBILE,"LOGISTICA ACN MEXICO, S. DE R.L. DE C.V.",162699,0,0,0,0,162699
107353,15/03/2018,2018,3,C704,FLASH MOBILE,C0704,FLASH MOBILE,"LOGISTICA ACN MEXICO, S. DE R.L. DE C.V.",168019,0,0,0,0,168019
107353,15/04/2018,2018,4,C704,FLASH MOBILE,C0704,FLASH MOBILE,"LOGISTICA ACN MEXICO, S. DE R.L. DE C.V.",178337,0,0,0,0,178337
107353,15/05/2018,2018,5,C704,FLASH MOBILE,C0704,FLASH MOBILE,"LOGISTICA ACN MEXICO, S. DE R.L. DE C.V.",177760,0,0,0,0,177760
107353,15/06/2018,2018,6,C704,FLASH MOBILE,C0704,FLASH MOBILE,"LOGISTICA ACN MEXICO, S. DE R.L. DE C.V.",171678,0,0,0,0,171678
107353,15/07/2018,2018,7,C704,FLASH MOBILE,C0704,FLASH MOBILE,"LOGISTICA ACN MEXICO, S. DE R.L. DE C.V.",166124,0,0,0,0,166124
107353,15/08/2018,2018,8,C704,FLASH MOBILE,C0704,FLASH MOBILE,"LOGISTICA ACN MEXICO, S. DE R.L. DE C.V.",166021,0,0,0,0,166021
107353,15/09/2018,2018,9,C704,FLASH MOBILE,C0704,FLASH MOBILE,"LOGISTICA ACN MEXICO, S. DE R.L. DE C.V.",173080,0,0,0,0,173080
107353,15/10/2018,2018,10,C704,FLASH MOBILE,C0704,FLASH MOBILE,"LOGISTICA ACN MEXICO, S. DE R.L. DE C.V.",152818,0,0,0,0,152818
107353,15/11/2018,2018,11,C704,FLASH MOBILE,C0704,FLASH MOBILE,"LOGISTICA ACN MEXICO, S. DE R.L. DE C.V.",149968,0,0,0,0,149968
107353,15/12/2018,2018,12,C704,FLASH MOBILE,C0704,FLASH MOBILE,"LOGISTICA ACN MEXICO, S. DE R.L. DE C.V.",149368,0,0,0,0,149368
107353,15/01/2019,2019,1,C704,FLASH MOBILE,C0704,FLASH MOBILE,"LOGISTICA ACN MEXICO, S. DE R.L. DE C.V.",136811,0,0,0,0,136811
107353,15/02/2019,2019,2,C704,FLASH MOBILE,C0704,FLASH MOBILE,"LOGISTICA ACN MEXICO, S. DE R.L. DE C.V.",132639,0,0,0,0,132639
107353,15/03/2019,2019,3,C704,FLASH MOBILE,C0704,FLASH MOBILE,"LOGISTICA ACN MEXICO, S. DE R.L. DE C.V.",124100,0,0,0,0,124100
107353,15/04/2019,2019,4,C704,FLASH MOBILE,C0704,FLASH MOBILE,"LOGISTICA ACN MEXICO, S. DE R.L. DE C.V.",123455,0,0,0,0,123455
107353,15/05/2019,2019,5,C704,FLASH MOBILE,C0704,FLASH MOBILE,"LOGISTICA ACN MEXICO, S. DE R.L. DE C.V.",122465,0,0,0,0,122465
107353,15/06/2019,2019,6,C704,FLASH MOBILE,C0704,FLASH MOBILE,"LOGISTICA ACN MEXICO, S. DE R.L. DE C.V.",121451,0,0,0,0,121451
107353,15/07/2019,2019,7,C704,FLASH MOBILE,C0704,FLASH MOBILE,"LOGISTICA ACN MEXICO, S. DE R.L. DE C.V.",119914,0,0,0,0,119914
107353,15/08/2019,2019,8,C704,FLASH MOBILE,C0704,FLASH MOBILE,"LOGISTICA ACN MEXICO, S. DE R.L. DE C.V.",118423,0,0,0,0,118423
107353,15/09/2019,2019,9,C704,FLASH MOBILE,C0704,FLASH MOBILE,"LOGISTICA ACN MEXICO, S. DE R.L. DE C.V.",120575,0,0,0,0,120575
107353,15/10/2019,2019,10,C704,FLASH MOBILE,C0704,FLASH MOBILE,"LOGISTICA ACN MEXICO, S. DE R.L. DE C.V.",122166,0,0,0,0,122166
107353,15/11/2019,2019,11,C704,FLASH MOBILE,C0704,FLASH MOBILE,"LOGISTICA ACN MEXICO, S. DE R.L. DE C.V.",122728,0,0,0,0,122728
107353,15/12/2019,2019,12,C704,FLASH MOBILE,C0704,FLASH MOBILE,"LOGISTICA ACN MEXICO, S. DE R.L. DE C.V.",122211,0,0,0,0,122211
107353,15/01/2020,2020,1,C704,FLASH MOBILE,C0704,FLASH MOBILE,"LOGISTICA ACN MEXICO, S. DE R.L. DE C.V.",121904,0,0,0,0,121904
107353,15/02/2020,2020,2,C704,FLASH MOBILE,C0704,FLASH MOBILE,"LOGISTICA ACN MEXICO, S. DE R.L. DE C.V.",122098,0,0,0,0,122098
107353,15/03/2020,2020,3,C704,FLASH MOBILE,C0704,FLASH MOBILE,"LOGISTICA ACN MEXICO, S. DE R.L. DE C.V.",122581,0,0,0,0,122581
107353,15/04/2020,2020,4,C704,FLASH MOBILE,C0704,FLASH MOBILE,"LOGISTICA ACN MEXICO, S. DE R.L. DE C.V.",123126,0,0,0,0,123126
107353,15/05/2020,2020,5,C704,FLASH MOBILE,C0704,FLASH MOBILE,"LOGISTICA ACN MEXICO, S. DE R.L. DE C.V.",123653,0,0,0,0,123653
107353,15/06/2020,2020,6,C704,FLASH MOBILE,C0704,FLASH MOBILE,"LOGISTICA ACN MEXICO, S. DE R.L. DE C.V.",124110,0,0,0,0,124110
107353,15/07/2020,2020,7,C704,FLASH MOBILE,C0704,FLASH MOBILE,"LOGISTICA ACN MEXICO, S. DE R.L. DE C.V.",124030,0,0,0,0,124030
107353,15/08/2020,2020,8,C704,FLASH MOBILE,C0704,FLASH MOBILE,"LOGISTICA ACN MEXICO, S. DE R.L. DE C.V.",124116,0,0,0,0,124116
107353,15/09/2020,2020,9,C704,FLASH MOBILE,C0704,FLASH MOBILE,"LOGISTICA ACN MEXICO, S. DE R.L. DE C.V.",124158,0,0,0,0,124158
107353,15/10/2020,2020,10,C704,FLASH MOBILE,C0704,FLASH MOBILE,"LOGISTICA ACN MEXICO, S. DE R.L. DE C.V.",123618,0,0,0,0,123618
107353,15/11/2020,2020,11,C704,FLASH MOBILE,C0704,FLASH MOBILE,"LOGISTICA ACN MEXICO, S. DE R.L. DE C.V.",124223,0,0,0,0,124223
107353,15/12/2020,2020,12,C704,FLASH MOBILE,C0704,FLASH MOBILE,"LOGISTICA ACN MEXICO, S. DE R.L. DE C.V.",124521,0,0,0,0,124521
107353,15/01/2021,2021,1,C704,FLASH MOBILE,C0704,FLASH MOBILE,"LOGISTICA ACN MEXICO, S. DE R.L. DE C.V.",173496,0,0,0,0,173496
107353,15/02/2021,2021,2,C704,FLASH MOBILE,C0704,FLASH MOBILE,"LOGISTICA ACN MEXICO, S. DE R.L. DE C.V.",175701,0,0,0,0,175701
107353,15/03/2021,2021,3,C704,FLASH MOBILE,C0704,FLASH MOBILE,"LOGISTICA ACN MEXICO, S. DE R.L. DE C.V.",176942,0,0,0,0,176942
107353,15/04/2021,2021,4,C704,FLASH MOBILE,C0704,FLASH MOBILE,"LOGISTICA ACN MEXICO, S. DE R.L. DE C.V.",177667,0,0,0,0,177667
107353,15/05/2021,2021,5,C704,FLASH MOBILE,C0704,FLASH MOBILE,"LOGISTICA ACN MEXICO, S. DE R.L. DE C.V.",178899,0,0,0,0,178899
107353,15/06/2021,2021,6,C704,FLASH MOBILE,C0704,FLASH MOBILE,"LOGISTICA ACN MEXICO, S. DE R.L. DE C.V.",179953,0,0,0,0,179953
107353,15/07/2021,2021,7,C704,FLASH MOBILE,C0704,FLASH MOBILE,"LOGISTICA ACN MEXICO, S. DE R.L. DE C.V.",181142,0,0,0,0,181142
107353,15/08/2021,2021,8,C704,FLASH MOBILE,C0704,FLASH MOBILE,"LOGISTICA ACN MEXICO, S. DE R.L. DE C.V.",181775,0,0,0,0,181775
107353,15/09/2021,2021,9,C704,FLASH MOBILE,C0704,FLASH MOBILE,"LOGISTICA ACN MEXICO, S. DE R.L. DE C.V.",183140,0,0,0,0,183140
107353,15/10/2021,2021,10,C704,FLASH MOBILE,C0704,FLASH MOBILE,"LOGISTICA ACN MEXICO, S. DE R.L. DE C.V.",184889,0,0,0,0,184889
107353,15/11/2021,2021,11,C704,FLASH MOBILE,C0704,FLASH MOBILE,"LOGISTICA ACN MEXICO, S. DE R.L. DE C.V.",186784,0,0,0,0,186784
107353,15/12/2021,2021,12,C704,FLASH MOBILE,C0704,FLASH MOBILE,"LOGISTICA ACN MEXICO, S. DE R.L. DE C.V.",188191,0,0,0,0,188191
107353,15/01/2022,2022,1,C704,FLASH MOBILE,C0704,FLASH MOBILE,"LOGISTICA ACN MEXICO, S. DE R.L. DE C.V.",188640,0,0,0,0,188640
107353,15/02/2022,2022,2,C704,FLASH MOBILE,C0704,FLASH MOBILE,"LOGISTICA ACN MEXICO, S. DE R.L. DE C.V.",189438,0,0,0,0,189438
107353,15/03/2022,2022,3,C704,FLASH MOBILE,C0704,FLASH MOBILE,"LOGISTICA ACN MEXICO, S. DE R.L. DE C.V.",191054,0,0,0,0,191054
107353,15/04/2022,2022,4,C704,FLASH MOBILE,C0704,FLASH MOBILE,"LOGISTICA ACN MEXICO, S. DE R.L. DE C.V.",192021,0,0,0,0,192021
107353,15/05/2022,2022,5,C704,FLASH MOBILE,C0704,FLASH MOBILE,"LOGISTICA ACN MEXICO, S. DE R.L. DE C.V.",193085,0,0,0,0,193085
107353,15/06/2022,2022,6,C704,FLASH MOBILE,C0704,FLASH MOBILE,"LOGISTICA ACN MEXICO, S. DE R.L. DE C.V.",194125,0,0,0,0,194125
107353,15/07/2022,2022,7,C704,FLASH MOBILE,C0704,FLASH MOBILE,"LOGISTICA ACN MEXICO, S. DE R.L. DE C.V.",195587,0,0,0,0,195587
107353,15/08/2022,2022,8,C704,FLASH MOBILE,C0704,FLASH MOBILE,"LOGISTICA ACN MEXICO, S. DE R.L. DE C.V.",196385,0,0,0,0,196385
107353,15/09/2022,2022,9,C704,FLASH MOBILE,C0704,FLASH MOBILE,"LOGISTICA ACN MEXICO, S. DE R.L. DE C.V.",168335,0,0,0,0,168335
107353,15/10/2022,2022,10,C704,FLASH MOBILE,C0704,FLASH MOBILE,"LOGISTICA ACN MEXICO, S. DE R.L. DE C.V.",164312,0,0,0,0,164312
107353,15/11/2022,2022,11,C704,FLASH MOBILE,C0704,FLASH MOBILE,"LOGISTICA ACN MEXICO, S. DE R.L. DE C.V.",164584,0,0,0,0,164584
107353,15/12/2022,2022,12,C704,FLASH MOBILE,C0704,FLASH MOBILE,"LOGISTICA ACN MEXICO, S. DE R.L. DE C.V.",164764,0,0,0,0,164764
107353,15/01/2023,2023,1,C704,FLASH MOBILE,C0704,FLASH MOBILE,"LOGISTICA ACN MEXICO, S. DE R.L. DE C.V.",164928,0,0,0,0,164928
107353,15/02/2023,2023,2,C704,FLASH MOBILE,C0704,FLASH MOBILE,"LOGISTICA ACN MEXICO, S. DE R.L. DE C.V.",164976,0,0,0,0,164976
107353,15/03/2023,2023,3,C704,FLASH MOBILE,C0704,FLASH MOBILE,"LOGISTICA ACN MEXICO, S. DE R.L. DE C.V.",165313,0,0,0,0,165313
107353,15/04/2023,2023,4,C704,FLASH MOBILE,C0704,FLASH MOBILE,"LOGISTICA ACN MEXICO, S. DE R.L. DE C.V.",165626,0,0,0,0,165626
107353,15/05/2023,2023,5,C704,FLASH MOBILE,C0704,FLASH MOBILE,"LOGISTICA ACN MEXICO, S. DE R.L. DE C.V.",165979,0,0,0,0,165979
107353,15/06/2023,2023,6,C704,FLASH MOBILE,C0704,FLASH MOBILE,"LOGISTICA ACN MEXICO, S. DE R.L. DE C.V.",166219,0,0,0,0,166219
107353,15/07/2023,2023,7,C704,FLASH MOBILE,C0704,FLASH MOBILE,"LOGISTICA ACN MEXICO, S. DE R.L. DE C.V.",166278,0,0,0,0,166278
107353,15/08/2023,2023,8,C704,FLASH MOBILE,C0704,FLASH MOBILE,"LOGISTICA ACN MEXICO, S. DE R.L. DE C.V.",167010,0,0,0,0,167010
107353,15/09/2023,2023,9,C704,FLASH MOBILE,C0704,FLASH MOBILE,"LOGISTICA ACN MEXICO, S. DE R.L. DE C.V.",167208,0,0,0,0,167208
107353,15/10/2023,2023,10,C704,FLASH MOBILE,C0704,FLASH MOBILE,"LOGISTICA ACN MEXICO, S. DE R.L. DE C.V.",166679,0,0,0,0,166679
107353,15/11/2023,2023,11,C704,FLASH MOBILE,C0704,FLASH MOBILE,"LOGISTICA ACN MEXICO, S. DE R.L. DE C.V.",165510,0,0,0,0,165510
107353,15/12/2023,2023,12,C704,FLASH MOBILE,C0704,FLASH MOBILE,"LOGISTICA ACN MEXICO, S. DE R.L. DE C.V.",165690,0,0,0,0,165690
107353,15/01/2024,2024,1,C704,FLASH MOBILE,C0704,FLASH MOBILE,"LOGISTICA ACN MEXICO, S. DE R.L. DE C.V.",166012,0,0,0,0,166012
107353,15/02/2024,2024,2,C704,FLASH MOBILE,C0704,FLASH MOBILE,"LOGISTICA ACN MEXICO, S. DE R.L. DE C.V.",166164,0,0,0,0,166164
107353,15/03/2024,2024,3,C704,FLASH MOBILE,C0704,FLASH MOBILE,"LOGISTICA ACN MEXICO, S. DE R.L. DE C.V.",166388,0,0,0,0,166388
107353,15/04/2024,2024,4,C704,FLASH MOBILE,C0704,FLASH MOBILE,"LOGISTICA ACN MEXICO, S. DE R.L. DE C.V.",166659,0,0,0,0,166659
107353,15/05/2024,2024,5,C704,FLASH MOBILE,C0704,FLASH MOBILE,"LOGISTICA ACN MEXICO, S. DE R.L. DE C.V.",166974,0,0,0,0,166974
107353,15/06/2024,2024,6,C704,FLASH MOBILE,C0704,FLASH MOBILE,"LOGISTICA ACN MEXICO, S. DE R.L. DE C.V.",102124,0,0,0,0,102124
107353,15/07/2024,2024,7,C704,FLASH MOBILE,C0704,FLASH MOBILE,"LOGISTICA ACN MEXICO, S. DE R.L. DE C.V.",92306,0,0,0,0,92306
107353,15/08/2024,2024,8,C704,FLASH MOBILE,C0704,FLASH MOBILE,"LOGISTICA ACN MEXICO, S. DE R.L. DE C.V.",79822,0,0,0,0,79822
107353,15/09/2024,2024,9,C704,FLASH MOBILE,C0704,FLASH MOBILE,"LOGISTICA ACN MEXICO, S. DE R.L. DE C.V.",79462,0,0,0,0,79462
107366,15/11/2016,2016,11,C701,SIMPATI,C0701,SIMPATI,"CELMEX INNOVA, S.A.P.I. DE C.V.",0,0,0,0,522,522
107366,15/12/2016,2016,12,C701,SIMPATI,C0701,SIMPATI,"CELMEX INNOVA, S.A.P.I. DE C.V.",0,0,0,0,738,738
107366,15/01/2017,2017,1,C701,SIMPATI,C0701,SIMPATI,"CELMEX INNOVA, S.A.P.I. DE C.V.",0,0,0,0,961,961
107366,15/02/2017,2017,2,C701,SIMPATI,C0701,SIMPATI,"CELMEX INNOVA, S.A.P.I. DE C.V.",0,0,0,0,1184,1184
107366,15/03/2017,2017,3,C701,SIMPATI,C0701,SIMPATI,"CELMEX INNOVA, S.A.P.I. DE C.V.",0,0,0,0,1628,1628
107366,15/04/2017,2017,4,C701,SIMPATI,C0701,SIMPATI,"CELMEX INNOVA, S.A.P.I. DE C.V.",0,0,0,0,1862,1862
107366,15/05/2017,2017,5,C701,SIMPATI,C0701,SIMPATI,"CELMEX INNOVA, S.A.P.I. DE C.V.",0,0,0,0,2106,2106
107366,15/06/2017,2017,6,C701,SIMPATI,C0701,SIMPATI,"CELMEX INNOVA, S.A.P.I. DE C.V.",0,0,0,0,2503,2503
107366,15/07/2017,2017,7,C701,SIMPATI,C0701,SIMPATI,"CELMEX INNOVA, S.A.P.I. DE C.V.",0,0,0,0,3085,3085
107366,15/08/2017,2017,8,C701,SIMPATI,C0701,SIMPATI,"CELMEX INNOVA, S.A.P.I. DE C.V.",0,0,0,0,3728,3728
107366,15/09/2017,2017,9,C701,SIMPATI,C0701,SIMPATI,"CELMEX INNOVA, S.A.P.I. DE C.V.",0,0,0,0,4109,4109
107366,15/10/2017,2017,10,C701,SIMPATI,C0701,SIMPATI,"CELMEX INNOVA, S.A.P.I. DE C.V.",0,0,0,0,4568,4568
107366,15/11/2017,2017,11,C701,SIMPATI,C0701,SIMPATI,"CELMEX INNOVA, S.A.P.I. DE C.V.",0,0,0,0,4995,4995
107366,15/12/2017,2017,12,C701,SIMPATI,C0701,SIMPATI,"CELMEX INNOVA, S.A.P.I. DE C.V.",0,0,0,0,5327,5327
107366,15/01/2018,2018,1,C701,SIMPATI,C0701,SIMPATI,"CELMEX INNOVA, S.A.P.I. DE C.V.",0,0,0,0,5634,5634
107366,15/02/2018,2018,2,C701,SIMPATI,C0701,SIMPATI,"CELMEX INNOVA, S.A.P.I. DE C.V.",0,0,0,0,6439,6439
107366,15/03/2018,2018,3,C701,SIMPATI,C0701,SIMPATI,"CELMEX INNOVA, S.A.P.I. DE C.V.",0,0,0,0,7339,7339
107366,15/04/2018,2018,4,C701,SIMPATI,C0701,SIMPATI,"CELMEX INNOVA, S.A.P.I. DE C.V.",8363,0,0,0,0,8363
107366,15/05/2018,2018,5,C701,SIMPATI,C0701,SIMPATI,"CELMEX INNOVA, S.A.P.I. DE C.V.",10512,0,0,0,0,10512
107366,15/06/2018,2018,6,C701,SIMPATI,C0701,SIMPATI,"CELMEX INNOVA, S.A.P.I. DE C.V.",12374,0,0,0,0,12374
107366,15/07/2018,2018,7,C701,SIMPATI,C0701,SIMPATI,"CELMEX INNOVA, S.A.P.I. DE C.V.",12566,0,0,0,0,12566
107366,15/08/2018,2018,8,C701,SIMPATI,C0701,SIMPATI,"CELMEX INNOVA, S.A.P.I. DE C.V.",12773,0,0,0,0,12773
107366,15/09/2018,2018,9,C701,SIMPATI,C0701,SIMPATI,"CELMEX INNOVA, S.A.P.I. DE C.V.",12997,0,0,0,0,12997
107366,15/10/2018,2018,10,C701,SIMPATI,C0701,SIMPATI,"CELMEX INNOVA, S.A.P.I. DE C.V.",13442,0,0,0,0,13442
107366,15/11/2018,2018,11,C701,SIMPATI,C0701,SIMPATI,"CELMEX INNOVA, S.A.P.I. DE C.V.",13340,0,0,0,0,13340
107366,15/12/2018,2018,12,C701,SIMPATI,C0701,SIMPATI,"CELMEX INNOVA, S.A.P.I. DE C.V.",13222,0,0,0,0,13222
107366,15/01/2019,2019,1,C701,SIMPATI,C0701,SIMPATI,"CELMEX INNOVA, S.A.P.I. DE C.V.",11731,0,0,0,0,11731
107366,15/02/2019,2019,2,C701,SIMPATI,C0701,SIMPATI,"CELMEX INNOVA, S.A.P.I. DE C.V.",12082,0,0,0,0,12082
107366,15/03/2019,2019,3,C701,SIMPATI,C0701,SIMPATI,"CELMEX INNOVA, S.A.P.I. DE C.V.",12297,0,0,0,0,12297
107366,15/04/2019,2019,4,C701,SIMPATI,C0701,SIMPATI,"CELMEX INNOVA, S.A.P.I. DE C.V.",10345,0,0,0,0,10345
107366,15/05/2019,2019,5,C701,SIMPATI,C0701,SIMPATI,"CELMEX INNOVA, S.A.P.I. DE C.V.",10483,0,0,0,0,10483
107366,15/06/2019,2019,6,C701,SIMPATI,C0701,SIMPATI,"CELMEX INNOVA, S.A.P.I. DE C.V.",10706,0,0,0,0,10706
107366,15/07/2019,2019,7,C701,SIMPATI,C0701,SIMPATI,"CELMEX INNOVA, S.A.P.I. DE C.V.",10858,0,0,0,0,10858
107366,15/08/2019,2019,8,C701,SIMPATI,C0701,SIMPATI,"CELMEX INNOVA, S.A.P.I. DE C.V.",11488,0,0,0,0,11488
107366,15/09/2019,2019,9,C701,SIMPATI,C0701,SIMPATI,"CELMEX INNOVA, S.A.P.I. DE C.V.",12143,0,0,0,0,12143
107366,15/10/2019,2019,10,C701,SIMPATI,C0701,SIMPATI,"CELMEX INNOVA, S.A.P.I. DE C.V.",13633,0,0,0,0,13633
107366,15/11/2019,2019,11,C701,SIMPATI,C0701,SIMPATI,"CELMEX INNOVA, S.A.P.I. DE C.V.",14508,0,0,0,0,14508
107366,15/12/2019,2019,12,C701,SIMPATI,C0701,SIMPATI,"CELMEX INNOVA, S.A.P.I. DE C.V.",15303,0,0,0,0,15303
107366,15/01/2020,2020,1,C701,SIMPATI,C0701,SIMPATI,"CELMEX INNOVA, S.A.P.I. DE C.V.",15416,0,0,0,0,15416
107366,15/02/2020,2020,2,C701,SIMPATI,C0701,SIMPATI,"CELMEX INNOVA, S.A.P.I. DE C.V.",16864,0,0,0,0,16864
107366,15/03/2020,2020,3,C701,SIMPATI,C0701,SIMPATI,"CELMEX INNOVA, S.A.P.I. DE C.V.",17616,0,0,0,0,17616
107366,15/04/2020,2020,4,C701,SIMPATI,C0701,SIMPATI,"CELMEX INNOVA, S.A.P.I. DE C.V.",17657,0,0,0,0,17657
107366,15/05/2020,2020,5,C701,SIMPATI,C0701,SIMPATI,"CELMEX INNOVA, S.A.P.I. DE C.V.",17722,0,0,0,0,17722
107366,15/06/2020,2020,6,C701,SIMPATI,C0701,SIMPATI,"CELMEX INNOVA, S.A.P.I. DE C.V.",18325,0,0,0,0,18325
107366,15/07/2020,2020,7,C701,SIMPATI,C0701,SIMPATI,"CELMEX INNOVA, S.A.P.I. DE C.V.",18895,0,0,0,0,18895
107366,15/08/2020,2020,8,C701,SIMPATI,C0701,SIMPATI,"CELMEX INNOVA, S.A.P.I. DE C.V.",19397,0,0,0,0,19397
107366,15/09/2020,2020,9,C701,SIMPATI,C0701,SIMPATI,"CELMEX INNOVA, S.A.P.I. DE C.V.",20292,0,0,0,0,20292
107366,15/10/2020,2020,10,C701,SIMPATI,C0701,SIMPATI,"CELMEX INNOVA, S.A.P.I. DE C.V.",21318,0,0,0,0,21318
107366,15/11/2020,2020,11,C701,SIMPATI,C0701,SIMPATI,"CELMEX INNOVA, S.A.P.I. DE C.V.",22859,0,0,0,0,22859
107366,15/12/2020,2020,12,C701,SIMPATI,C0701,SIMPATI,"CELMEX INNOVA, S.A.P.I. DE C.V.",24204,0,0,0,0,24204
107366,15/01/2021,2021,1,C701,SIMPATI,C0701,SIMPATI,"CELMEX INNOVA, S.A.P.I. DE C.V.",20515,0,0,0,0,20515
107366,15/02/2021,2021,2,C701,SIMPATI,C0701,SIMPATI,"CELMEX INNOVA, S.A.P.I. DE C.V.",21298,0,0,0,0,21298
107366,15/03/2021,2021,3,C701,SIMPATI,C0701,SIMPATI,"CELMEX INNOVA, S.A.P.I. DE C.V.",22479,0,0,0,0,22479
107366,15/04/2021,2021,4,C701,SIMPATI,C0701,SIMPATI,"CELMEX INNOVA, S.A.P.I. DE C.V.",23483,0,0,0,0,23483
107366,15/05/2021,2021,5,C701,SIMPATI,C0701,SIMPATI,"CELMEX INNOVA, S.A.P.I. DE C.V.",25101,0,0,0,0,25101
107366,15/06/2021,2021,6,C701,SIMPATI,C0701,SIMPATI,"CELMEX INNOVA, S.A.P.I. DE C.V.",27236,0,0,0,0,27236
107366,15/07/2021,2021,7,C701,SIMPATI,C0701,SIMPATI,"CELMEX INNOVA, S.A.P.I. DE C.V.",30152,0,0,0,0,30152
107366,15/08/2021,2021,8,C701,SIMPATI,C0701,SIMPATI,"CELMEX INNOVA, S.A.P.I. DE C.V.",33838,0,0,0,0,33838
107366,15/09/2021,2021,9,C701,SIMPATI,C0701,SIMPATI,"CELMEX INNOVA, S.A.P.I. DE C.V.",37182,0,0,0,0,37182
107366,15/10/2021,2021,10,C701,SIMPATI,C0701,SIMPATI,"CELMEX INNOVA, S.A.P.I. DE C.V.",33606,0,0,0,0,33606
107366,15/11/2021,2021,11,C701,SIMPATI,C0701,SIMPATI,"CELMEX INNOVA, S.A.P.I. DE C.V.",30811,0,0,0,0,30811
107366,15/12/2021,2021,12,C701,SIMPATI,C0701,SIMPATI,"CELMEX INNOVA, S.A.P.I. DE C.V.",31799,0,0,0,0,31799
107366,15/01/2022,2022,1,C701,SIMPATI,C0701,SIMPATI,"CELMEX INNOVA, S.A.P.I. DE C.V.",28879,0,0,0,0,28879
107366,15/02/2022,2022,2,C701,SIMPATI,C0701,SIMPATI,"CELMEX INNOVA, S.A.P.I. DE C.V.",31355,0,0,0,0,31355
107366,15/03/2022,2022,3,C701,SIMPATI,C0701,SIMPATI,"CELMEX INNOVA, S.A.P.I. DE C.V.",33659,0,0,0,0,33659
502027,15/12/2016,2016,12,C703,HER MOBILE,C0703,HER MOBILE,"HER MOBILE, S.A. DE C.V.",0,0,0,0,127,127
502027,15/01/2017,2017,1,C703,HER MOBILE,C0703,HER MOBILE,"HER MOBILE, S.A. DE C.V.",0,0,0,0,645,645
502027,15/02/2017,2017,2,C703,HER MOBILE,C0703,HER MOBILE,"HER MOBILE, S.A. DE C.V.",0,0,0,0,914,914
502027,15/03/2017,2017,3,C703,HER MOBILE,C0703,HER MOBILE,"HER MOBILE, S.A. DE C.V.",0,0,0,0,1213,1213
502027,15/04/2017,2017,4,C703,HER MOBILE,C0703,HER MOBILE,"HER MOBILE, S.A. DE C.V.",0,0,0,0,1647,1647
502027,15/05/2017,2017,5,C703,HER MOBILE,C0703,HER MOBILE,"HER MOBILE, S.A. DE C.V.",0,0,0,0,1998,1998
502027,15/06/2017,2017,6,C703,HER MOBILE,C0703,HER MOBILE,"HER MOBILE, S.A. DE C.V.",0,0,0,0,2153,2153
502027,15/07/2017,2017,7,C703,HER MOBILE,C0703,HER MOBILE,"HER MOBILE, S.A. DE C.V.",0,0,0,0,2414,2414
502027,15/08/2017,2017,8,C703,HER MOBILE,C0703,HER MOBILE,"HER MOBILE, S.A. DE C.V.",0,0,0,0,2723,2723
502027,15/09/2017,2017,9,C703,HER MOBILE,C0703,HER MOBILE,"HER MOBILE, S.A. DE C.V.",0,0,0,0,3103,3103
502027,15/10/2017,2017,10,C703,HER MOBILE,C0703,HER MOBILE,"HER MOBILE, S.A. DE C.V.",0,0,0,0,3512,3512
502027,15/11/2017,2017,11,C703,HER MOBILE,C0703,HER MOBILE,"HER MOBILE, S.A. DE C.V.",0,0,0,0,3611,3611
502027,15/12/2017,2017,12,C703,HER MOBILE,C0703,HER MOBILE,"HER MOBILE, S.A. DE C.V.",0,0,0,0,3629,3629
502027,15/01/2018,2018,1,C703,HER MOBILE,C0703,HER MOBILE,"HER MOBILE, S.A. DE C.V.",0,0,0,0,3762,3762
502027,15/02/2018,2018,2,C703,HER MOBILE,C0703,HER MOBILE,"HER MOBILE, S.A. DE C.V.",0,0,0,0,3805,3805
502027,15/03/2018,2018,3,C703,HER MOBILE,C0703,HER MOBILE,"HER MOBILE, S.A. DE C.V.",0,0,0,0,3937,3937
502027,15/04/2018,2018,4,C703,HER MOBILE,C0703,HER MOBILE,"HER MOBILE, S.A. DE C.V.",0,0,0,0,4065,4065
502027,15/05/2018,2018,5,C703,HER MOBILE,C0703,HER MOBILE,"HER MOBILE, S.A. DE C.V.",0,0,0,0,4257,4257
502027,15/06/2018,2018,6,C703,HER MOBILE,C0703,HER MOBILE,"HER MOBILE, S.A. DE C.V.",0,0,0,0,4424,4424
502027,15/07/2018,2018,7,C703,HER MOBILE,C0703,HER MOBILE,"HER MOBILE, S.A. DE C.V.",0,0,0,0,4520,4520
502027,15/08/2018,2018,8,C703,HER MOBILE,C0703,HER MOBILE,"HER MOBILE, S.A. DE C.V.",0,0,0,0,4651,4651
502027,15/09/2018,2018,9,C703,HER MOBILE,C0703,HER MOBILE,"HER MOBILE, S.A. DE C.V.",0,0,0,0,4761,4761
502027,15/10/2018,2018,10,C703,HER MOBILE,C0703,HER MOBILE,"HER MOBILE, S.A. DE C.V.",0,0,0,0,4870,4870
502027,15/11/2018,2018,11,C703,HER MOBILE,C0703,HER MOBILE,"HER MOBILE, S.A. DE C.V.",0,0,0,0,4947,4947
502027,15/12/2018,2018,12,C703,HER MOBILE,C0703,HER MOBILE,"HER MOBILE, S.A. DE C.V.",0,0,0,0,5026,5026
502027,15/01/2019,2019,1,C703,HER MOBILE,C0703,HER MOBILE,"HER MOBILE, S.A. DE C.V.",0,0,0,0,5079,5079
502027,15/02/2019,2019,2,C703,HER MOBILE,C0703,HER MOBILE,"HER MOBILE, S.A. DE C.V.",0,0,0,0,5162,5162
502027,15/03/2019,2019,3,C703,HER MOBILE,C0703,HER MOBILE,"HER MOBILE, S.A. DE C.V.",0,0,0,0,5264,5264
502027,15/04/2019,2019,4,C703,HER MOBILE,C0703,HER MOBILE,"HER MOBILE, S.A. DE C.V.",0,0,0,0,5429,5429
502027,15/05/2019,2019,5,C703,HER MOBILE,C0703,HER MOBILE,"HER MOBILE, S.A. DE C.V.",0,0,0,0,5665,5665
502027,15/06/2019,2019,6,C703,HER MOBILE,C0703,HER MOBILE,"HER MOBILE, S.A. DE C.V.",0,0,0,0,5832,5832
502027,15/07/2019,2019,7,C703,HER MOBILE,C0703,HER MOBILE,"HER MOBILE, S.A. DE C.V.",0,0,0,0,6019,6019
502027,15/08/2019,2019,8,C703,HER MOBILE,C0703,HER MOBILE,"HER MOBILE, S.A. DE C.V.",0,0,0,0,6222,6222
502027,15/09/2019,2019,9,C703,HER MOBILE,C0703,HER MOBILE,"HER MOBILE, S.A. DE C.V.",0,0,0,0,6428,6428
502027,15/10/2019,2019,10,C703,HER MOBILE,C0703,HER MOBILE,"HER MOBILE, S.A. DE C.V.",0,0,0,0,6646,6646
502027,15/11/2019,2019,11,C703,HER MOBILE,C0703,HER MOBILE,"HER MOBILE, S.A. DE C.V.",0,0,0,0,6849,6849
502027,15/12/2019,2019,12,C703,HER MOBILE,C0703,HER MOBILE,"HER MOBILE, S.A. DE C.V.",0,0,0,0,6989,6989
502027,15/01/2020,2020,1,C703,HER MOBILE,C0703,HER MOBILE,"HER MOBILE, S.A. DE C.V.",0,0,0,0,7126,7126
502027,15/02/2020,2020,2,C703,HER MOBILE,C0703,HER MOBILE,"HER MOBILE, S.A. DE C.V.",0,0,0,0,7215,7215
502027,15/03/2020,2020,3,C703,HER MOBILE,C0703,HER MOBILE,"HER MOBILE, S.A. DE C.V.",0,0,0,0,7293,7293
502027,15/04/2020,2020,4,C703,HER MOBILE,C0703,HER MOBILE,"HER MOBILE, S.A. DE C.V.",0,0,0,0,7409,7409
502027,15/05/2020,2020,5,C703,HER MOBILE,C0703,HER MOBILE,"HER MOBILE, S.A. DE C.V.",0,0,0,0,7520,7520
502027,15/06/2020,2020,6,C703,HER MOBILE,C0703,HER MOBILE,"HER MOBILE, S.A. DE C.V.",0,0,0,0,7629,7629
502027,15/07/2020,2020,7,C703,HER MOBILE,C0703,HER MOBILE,"HER MOBILE, S.A. DE C.V.",0,0,0,0,7758,7758
502027,15/08/2020,2020,8,C703,HER MOBILE,C0703,HER MOBILE,"HER MOBILE, S.A. DE C.V.",0,0,0,0,7912,7912
502027,15/09/2020,2020,9,C703,HER MOBILE,C0703,HER MOBILE,"HER MOBILE, S.A. DE C.V.",0,0,0,0,8022,8022
502027,15/10/2020,2020,10,C703,HER MOBILE,C0703,HER MOBILE,"HER MOBILE, S.A. DE C.V.",0,0,0,0,8103,8103
502027,15/11/2020,2020,11,C703,HER MOBILE,C0703,HER MOBILE,"HER MOBILE, S.A. DE C.V.",0,0,0,0,8133,8133
502027,15/12/2020,2020,12,C703,HER MOBILE,C0703,HER MOBILE,"HER MOBILE, S.A. DE C.V.",0,0,0,0,8171,8171
509193,15/07/2017,2017,7,C709,FREEDOMPOP,C0709,FREEDOMPOP,"FREEDOMPOP MEXICO, S.A. DE C.V.",10099,0,0,0,0,10099
509193,15/08/2017,2017,8,C709,FREEDOMPOP,C0709,FREEDOMPOP,"FREEDOMPOP MEXICO, S.A. DE C.V.",19672,0,0,0,0,19672
509193,15/09/2017,2017,9,C709,FREEDOMPOP,C0709,FREEDOMPOP,"FREEDOMPOP MEXICO, S.A. DE C.V.",24778,0,0,0,0,24778
509193,15/10/2017,2017,10,C709,FREEDOMPOP,C0709,FREEDOMPOP,"FREEDOMPOP MEXICO, S.A. DE C.V.",104422,0,0,0,0,104422
509193,15/11/2017,2017,11,C709,FREEDOMPOP,C0709,FREEDOMPOP,"FREEDOMPOP MEXICO, S.A. DE C.V.",150698,0,0,0,0,150698
509193,15/12/2017,2017,12,C709,FREEDOMPOP,C0709,FREEDOMPOP,"FREEDOMPOP MEXICO, S.A. DE C.V.",206288,0,0,0,0,206288
509193,15/01/2018,2018,1,C709,FREEDOMPOP,C0709,FREEDOMPOP,"FREEDOMPOP MEXICO, S.A. DE C.V.",232222,0,0,0,0,232222
509193,15/02/2018,2018,2,C709,FREEDOMPOP,C0709,FREEDOMPOP,"FREEDOMPOP MEXICO, S.A. DE C.V.",271407,0,0,0,0,271407
509193,15/03/2018,2018,3,C709,FREEDOMPOP,C0709,FREEDOMPOP,"FREEDOMPOP MEXICO, S.A. DE C.V.",328265,0,0,0,0,328265
509193,15/04/2018,2018,4,C709,FREEDOMPOP,C0709,FREEDOMPOP,"FREEDOMPOP MEXICO, S.A. DE C.V.",331548,0,0,0,0,331548
509193,15/05/2018,2018,5,C709,FREEDOMPOP,C0709,FREEDOMPOP,"FREEDOMPOP MEXICO, S.A. DE C.V.",331581,0,0,0,0,331581
509193,15/06/2018,2018,6,C709,FREEDOMPOP,C0709,FREEDOMPOP,"FREEDOMPOP MEXICO, S.A. DE C.V.",330950,0,0,0,0,330950
509193,15/07/2018,2018,7,C709,FREEDOMPOP,C0709,FREEDOMPOP,"FREEDOMPOP MEXICO, S.A. DE C.V.",345506,0,0,0,0,345506
509193,15/08/2018,2018,8,C709,FREEDOMPOP,C0709,FREEDOMPOP,"FREEDOMPOP MEXICO, S.A. DE C.V.",355210,0,0,0,0,355210
509193,15/09/2018,2018,9,C709,FREEDOMPOP,C0709,FREEDOMPOP,"FREEDOMPOP MEXICO, S.A. DE C.V.",395937,0,0,0,0,395937
509193,15/10/2018,2018,10,C709,FREEDOMPOP,C0709,FREEDOMPOP,"FREEDOMPOP MEXICO, S.A. DE C.V.",401609,0,0,0,0,401609
509193,15/11/2018,2018,11,C709,FREEDOMPOP,C0709,FREEDOMPOP,"FREEDOMPOP MEXICO, S.A. DE C.V.",508847,0,0,0,0,508847
509193,15/12/2018,2018,12,C709,FREEDOMPOP,C0709,FREEDOMPOP,"FREEDOMPOP MEXICO, S.A. DE C.V.",566585,0,0,0,0,566585
509193,15/01/2019,2019,1,C709,FREEDOMPOP,C0709,FREEDOMPOP,"FREEDOMPOP MEXICO, S.A. DE C.V.",567536,0,0,0,0,567536
509193,15/02/2019,2019,2,C709,FREEDOMPOP,C0709,FREEDOMPOP,"FREEDOMPOP MEXICO, S.A. DE C.V.",559316,0,0,0,0,559316
509193,15/03/2019,2019,3,C709,FREEDOMPOP,C0709,FREEDOMPOP,"FREEDOMPOP MEXICO, S.A. DE C.V.",443743,0,0,0,0,443743
509193,15/04/2019,2019,4,C709,FREEDOMPOP,C0709,FREEDOMPOP,"FREEDOMPOP MEXICO, S.A. DE C.V.",445989,0,0,0,0,445989
509193,15/05/2019,2019,5,C709,FREEDOMPOP,C0709,FREEDOMPOP,"FREEDOMPOP MEXICO, S.A. DE C.V.",447089,0,0,0,0,447089
509193,15/06/2019,2019,6,C709,FREEDOMPOP,C0709,FREEDOMPOP,"FREEDOMPOP MEXICO, S.A. DE C.V.",449216,0,0,0,0,449216
509193,15/07/2019,2019,7,C709,FREEDOMPOP,C0709,FREEDOMPOP,"FREEDOMPOP MEXICO, S.A. DE C.V.",457127,0,0,0,0,457127
509193,15/08/2019,2019,8,C709,FREEDOMPOP,C0709,FREEDOMPOP,"FREEDOMPOP MEXICO, S.A. DE C.V.",513671,0,0,0,0,513671
509193,15/09/2019,2019,9,C709,FREEDOMPOP,C0709,FREEDOMPOP,"FREEDOMPOP MEXICO, S.A. DE C.V.",595211,0,0,0,0,595211
509193,15/10/2019,2019,10,C709,FREEDOMPOP,C0709,FREEDOMPOP,"FREEDOMPOP MEXICO, S.A. DE C.V.",658029,0,0,0,0,658029
509193,15/11/2019,2019,11,C709,FREEDOMPOP,C0709,FREEDOMPOP,"FREEDOMPOP MEXICO, S.A. DE C.V.",687758,0,0,0,0,687758
509193,15/12/2019,2019,12,C709,FREEDOMPOP,C0709,FREEDOMPOP,"FREEDOMPOP MEXICO, S.A. DE C.V.",707095,0,0,0,0,707095
509193,15/01/2020,2020,1,C709,FREEDOMPOP,C0709,FREEDOMPOP,"FREEDOMPOP MEXICO, S.A. DE C.V.",709264,0,0,0,0,709264
509193,15/02/2020,2020,2,C709,FREEDOMPOP,C0709,FREEDOMPOP,"FREEDOMPOP MEXICO, S.A. DE C.V.",814070,0,0,0,0,814070
509193,15/03/2020,2020,3,C709,FREEDOMPOP,C0709,FREEDOMPOP,"FREEDOMPOP MEXICO, S.A. DE C.V.",909251,0,0,0,0,909251
509193,15/04/2020,2020,4,C709,FREEDOMPOP,C0709,FREEDOMPOP,"FREEDOMPOP MEXICO, S.A. DE C.V.",966680,0,0,0,0,966680
509193,15/05/2020,2020,5,C709,FREEDOMPOP,C0709,FREEDOMPOP,"FREEDOMPOP MEXICO, S.A. DE C.V.",1060061,0,0,0,0,1060061
509193,15/06/2020,2020,6,C709,FREEDOMPOP,C0709,FREEDOMPOP,"FREEDOMPOP MEXICO, S.A. DE C.V.",1056211,0,0,0,0,1056211
509193,15/07/2020,2020,7,C709,FREEDOMPOP,C0709,FREEDOMPOP,"FREEDOMPOP MEXICO, S.A. DE C.V.",1125508,0,0,0,0,1125508
509193,15/08/2020,2020,8,C709,FREEDOMPOP,C0709,FREEDOMPOP,"FREEDOMPOP MEXICO, S.A. DE C.V.",1177113,0,0,0,0,1177113
509193,15/09/2020,2020,9,C709,FREEDOMPOP,C0709,FREEDOMPOP,"FREEDOMPOP MEXICO, S.A. DE C.V.",1132324,0,0,0,0,1132324
509193,15/10/2020,2020,10,C709,FREEDOMPOP,C0709,FREEDOMPOP,"FREEDOMPOP MEXICO, S.A. DE C.V.",1117232,0,0,0,0,1117232
509193,15/11/2020,2020,11,C709,FREEDOMPOP,C0709,FREEDOMPOP,"FREEDOMPOP MEXICO, S.A. DE C.V.",1096909,0,0,0,0,1096909
509193,15/12/2020,2020,12,C709,FREEDOMPOP,C0709,FREEDOMPOP,"FREEDOMPOP MEXICO, S.A. DE C.V.",1091334,0,0,0,0,1091334
509193,15/01/2021,2021,1,C709,FREEDOMPOP,C0709,FREEDOMPOP,"FREEDOMPOP MEXICO, S.A. DE C.V.",1097438,0,0,0,0,1097438
509193,15/02/2021,2021,2,C709,FREEDOMPOP,C0709,FREEDOMPOP,"FREEDOMPOP MEXICO, S.A. DE C.V.",1104279,0,0,0,0,1104279
509193,15/03/2021,2021,3,C709,FREEDOMPOP,C0709,FREEDOMPOP,"FREEDOMPOP MEXICO, S.A. DE C.V.",1113807,0,0,0,0,1113807
509193,15/04/2021,2021,4,C709,FREEDOMPOP,C0709,FREEDOMPOP,"FREEDOMPOP MEXICO, S.A. DE C.V.",1125293,0,0,0,0,1125293
509193,15/05/2021,2021,5,C709,FREEDOMPOP,C0709,FREEDOMPOP,"FREEDOMPOP MEXICO, S.A. DE C.V.",1148324,0,0,0,0,1148324
509193,15/06/2021,2021,6,C709,FREEDOMPOP,C0709,FREEDOMPOP,"FREEDOMPOP MEXICO, S.A. DE C.V.",1182841,0,0,0,0,1182841
509193,15/07/2021,2021,7,C709,FREEDOMPOP,C0709,FREEDOMPOP,"FREEDOMPOP MEXICO, S.A. DE C.V.",1197713,0,0,0,0,1197713
509193,15/08/2021,2021,8,C709,FREEDOMPOP,C0709,FREEDOMPOP,"FREEDOMPOP MEXICO, S.A. DE C.V.",1206820,0,0,0,0,1206820
509193,15/09/2021,2021,9,C709,FREEDOMPOP,C0709,FREEDOMPOP,"FREEDOMPOP MEXICO, S.A. DE C.V.",1230798,0,0,0,0,1230798
509193,15/10/2021,2021,10,C709,FREEDOMPOP,C0709,FREEDOMPOP,"FREEDOMPOP MEXICO, S.A. DE C.V.",1230948,0,0,0,0,1230948
509193,15/11/2021,2021,11,C709,FREEDOMPOP,C0709,FREEDOMPOP,"FREEDOMPOP MEXICO, S.A. DE C.V.",1231158,0,0,0,0,1231158
509193,15/12/2021,2021,12,C709,FREEDOMPOP,C0709,FREEDOMPOP,"FREEDOMPOP MEXICO, S.A. DE C.V.",1231734,0,0,0,0,1231734
509193,15/01/2022,2022,1,C709,FREEDOMPOP,C0709,FREEDOMPOP,"FREEDOMPOP MEXICO, S.A. DE C.V.",1247292,0,0,0,0,1247292
509193,15/02/2022,2022,2,C709,FREEDOMPOP,C0709,FREEDOMPOP,"FREEDOMPOP MEXICO, S.A. DE C.V.",1261611,0,0,0,0,1261611
509193,15/03/2022,2022,3,C709,FREEDOMPOP,C0709,FREEDOMPOP,"FREEDOMPOP MEXICO, S.A. DE C.V.",1271950,0,0,0,0,1271950
509193,15/04/2022,2022,4,C709,FREEDOMPOP,C0709,FREEDOMPOP,"FREEDOMPOP MEXICO, S.A. DE C.V.",1280447,0,0,0,0,1280447
509193,15/05/2022,2022,5,C709,FREEDOMPOP,C0709,FREEDOMPOP,"FREEDOMPOP MEXICO, S.A. DE C.V.",1292356,0,0,0,0,1292356
509193,15/06/2022,2022,6,C709,FREEDOMPOP,C0709,FREEDOMPOP,"FREEDOMPOP MEXICO, S.A. DE C.V.",1300140,0,0,0,0,1300140
509193,15/07/2022,2022,7,C709,FREEDOMPOP,C0709,FREEDOMPOP,"FREEDOMPOP MEXICO, S.A. DE C.V.",1338886,0,0,0,0,1338886
509193,15/08/2022,2022,8,C709,FREEDOMPOP,C0709,FREEDOMPOP,"FREEDOMPOP MEXICO, S.A. DE C.V.",1387318,0,0,0,0,1387318
509193,15/09/2022,2022,9,C709,FREEDOMPOP,C0709,FREEDOMPOP,"FREEDOMPOP MEXICO, S.A. DE C.V.",1438517,0,0,0,0,1438517
509193,15/10/2022,2022,10,C709,FREEDOMPOP,C0709,FREEDOMPOP,"FREEDOMPOP MEXICO, S.A. DE C.V.",1439895,0,0,0,0,1439895
509193,15/11/2022,2022,11,C709,FREEDOMPOP,C0709,FREEDOMPOP,"FREEDOMPOP MEXICO, S.A. DE C.V.",1475238,0,0,0,0,1475238
509193,15/12/2022,2022,12,C709,FREEDOMPOP,C0709,FREEDOMPOP,"FREEDOMPOP MEXICO, S.A. DE C.V.",1484919,0,0,0,0,1484919
509193,15/01/2023,2023,1,C709,FREEDOMPOP,C0709,FREEDOMPOP,"FREEDOMPOP MEXICO, S.A. DE C.V.",1541898,0,0,0,0,1541898
509193,15/02/2023,2023,2,C709,FREEDOMPOP,C0709,FREEDOMPOP,"FREEDOMPOP MEXICO, S.A. DE C.V.",1602176,0,0,0,0,1602176
509193,15/03/2023,2023,3,C709,FREEDOMPOP,C0709,FREEDOMPOP,"FREEDOMPOP MEXICO, S.A. DE C.V.",1544545,0,0,0,0,1544545
509193,15/04/2023,2023,4,C709,FREEDOMPOP,C0709,FREEDOMPOP,"FREEDOMPOP MEXICO, S.A. DE C.V.",1595740,0,0,0,0,1595740
509193,15/05/2023,2023,5,C709,FREEDOMPOP,C0709,FREEDOMPOP,"FREEDOMPOP MEXICO, S.A. DE C.V.",1654551,0,0,0,0,1654551
509193,15/06/2023,2023,6,C709,FREEDOMPOP,C0709,FREEDOMPOP,"FREEDOMPOP MEXICO, S.A. DE C.V.",1717113,0,0,0,0,1717113
509193,15/07/2023,2023,7,C709,FREEDOMPOP,C0709,FREEDOMPOP,"FREEDOMPOP MEXICO, S.A. DE C.V.",1781991,0,0,0,0,1781991
509193,15/08/2023,2023,8,C709,FREEDOMPOP,C0709,FREEDOMPOP,"FREEDOMPOP MEXICO, S.A. DE C.V.",1864335,0,0,0,0,1864335
509193,15/09/2023,2023,9,C709,FREEDOMPOP,C0709,FREEDOMPOP,"FREEDOMPOP MEXICO, S.A. DE C.V.",1943315,0,0,0,0,1943315
509193,15/10/2023,2023,10,C709,FREEDOMPOP,C0709,FREEDOMPOP,"FREEDOMPOP MEXICO, S.A. DE C.V.",2032185,0,0,0,0,2032185
509193,15/11/2023,2023,11,C709,FREEDOMPOP,C0709,FREEDOMPOP,"FREEDOMPOP MEXICO, S.A. DE C.V.",2095056,0,0,0,0,2095056
509193,15/12/2023,2023,12,C709,FREEDOMPOP,C0709,FREEDOMPOP,"FREEDOMPOP MEXICO, S.A. DE C.V.",2173583,0,0,0,0,2173583
509193,15/01/2024,2024,1,C709,FREEDOMPOP,C0709,FREEDOMPOP,"FREEDOMPOP MEXICO, S.A. DE C.V.",2107282,0,0,0,0,2107282
509193,15/02/2024,2024,2,C709,FREEDOMPOP,C0709,FREEDOMPOP,"FREEDOMPOP MEXICO, S.A. DE C.V.",2062719,0,0,0,0,2062719
509193,15/03/2024,2024,3,C709,FREEDOMPOP,C0709,FREEDOMPOP,"FREEDOMPOP MEXICO, S.A. DE C.V.",2027698,0,0,0,0,2027698
509193,15/04/2024,2024,4,C709,FREEDOMPOP,C0709,FREEDOMPOP,"FREEDOMPOP MEXICO, S.A. DE C.V.",2091947,0,0,0,0,2091947
509193,15/05/2024,2024,5,C709,FREEDOMPOP,C0709,FREEDOMPOP,"FREEDOMPOP MEXICO, S.A. DE C.V.",2188107,0,0,0,0,2188107
509193,15/06/2024,2024,6,C709,FREEDOMPOP,C0709,FREEDOMPOP,"FREEDOMPOP MEXICO, S.A. DE C.V.",2115555,0,0,0,0,2115555
509193,15/07/2024,2024,7,C709,FREEDOMPOP,C0709,FREEDOMPOP,"FREEDOMPOP MEXICO, S.A. DE C.V.",2061619,0,0,0,0,2061619
509193,15/08/2024,2024,8,C709,FREEDOMPOP,C0709,FREEDOMPOP,"FREEDOMPOP MEXICO, S.A. DE C.V.",1968503,0,0,0,0,1968503
509193,15/09/2024,2024,9,C709,FREEDOMPOP,C0709,FREEDOMPOP,"FREEDOMPOP MEXICO, S.A. DE C.V.",2180851,0,0,0,0,2180851
509193,15/10/2024,2024,10,C709,FREEDOMPOP,C0709,FREEDOMPOP,"FREEDOMPOP MEXICO, S.A. DE C.V.",2180652,0,0,0,0,2180652
509193,15/11/2024,2024,11,C709,FREEDOMPOP,C0709,FREEDOMPOP,"FREEDOMPOP MEXICO, S.A. DE C.V.",2117600,0,0,0,0,2117600
509193,15/12/2024,2024,12,C709,FREEDOMPOP,C0709,FREEDOMPOP,"FREEDOMPOP MEXICO, S.A. DE C.V.",2127465,0,0,0,0,2127465
510336,15/10/2018,2018,10,C721,SIMPLII,C0721,SIMPLII,"MOBILEBANDITS, S.A. DE C.V.",0,0,0,0,1500,1500
510336,15/11/2018,2018,11,C722,SIMPLII,C0721,SIMPLII,"MOBILEBANDITS, S.A. DE C.V.",0,0,0,0,1500,1500
510336,15/12/2018,2018,12,C723,SIMPLII,C0721,SIMPLII,"MOBILEBANDITS, S.A. DE C.V.",0,0,0,0,1500,1500
510336,15/01/2019,2019,1,C721,SIMPLII,C0721,SIMPLII,"MOBILEBANDITS, S.A. DE C.V.",0,0,0,0,1500,1500
510336,15/02/2019,2019,2,C721,SIMPLII,C0721,SIMPLII,"MOBILEBANDITS, S.A. DE C.V.",0,0,0,0,1600,1600
510336,15/03/2019,2019,3,C721,SIMPLII,C0721,SIMPLII,"MOBILEBANDITS, S.A. DE C.V.",0,0,0,0,1700,1700
510336,15/04/2019,2019,4,C721,SIMPLII,C0721,SIMPLII,"MOBILEBANDITS, S.A. DE C.V.",0,0,0,0,1923,1923
510336,15/05/2019,2019,5,C721,SIMPLII,C0721,SIMPLII,"MOBILEBANDITS, S.A. DE C.V.",0,0,0,0,2020,2020
510336,15/06/2019,2019,6,C721,SIMPLII,C0721,SIMPLII,"MOBILEBANDITS, S.A. DE C.V.",0,0,0,0,2041,2041
510336,15/07/2019,2019,7,C721,SIMPLII,C0721,SIMPLII,"MOBILEBANDITS, S.A. DE C.V.",0,0,0,0,2010,2010
510336,15/08/2019,2019,8,C721,SIMPLII,C0721,SIMPLII,"MOBILEBANDITS, S.A. DE C.V.",0,0,0,0,2087,2087
510336,15/09/2019,2019,9,C721,SIMPLII,C0721,SIMPLII,"MOBILEBANDITS, S.A. DE C.V.",0,0,0,0,2075,2075
510336,15/10/2019,2019,10,C721,SIMPLII,C0721,SIMPLII,"MOBILEBANDITS, S.A. DE C.V.",0,0,0,0,2028,2028
510336,15/11/2019,2019,11,C721,SIMPLII,C0721,SIMPLII,"MOBILEBANDITS, S.A. DE C.V.",0,0,0,0,2033,2033
510336,15/12/2019,2019,12,C721,SIMPLII,C0721,SIMPLII,"MOBILEBANDITS, S.A. DE C.V.",0,0,0,0,2092,2092
510336,15/01/2020,2020,1,C721,SIMPLII,C0721,SIMPLII,"MOBILEBANDITS, S.A. DE C.V.",0,0,0,0,2267,2267
510336,15/02/2020,2020,2,C721,SIMPLII,C0721,SIMPLII,"MOBILEBANDITS, S.A. DE C.V.",0,0,0,0,2252,2252
510336,15/03/2020,2020,3,C721,SIMPLII,C0721,SIMPLII,"MOBILEBANDITS, S.A. DE C.V.",0,0,0,0,2144,2144
510336,15/04/2020,2020,4,C721,SIMPLII,C0721,SIMPLII,"MOBILEBANDITS, S.A. DE C.V.",0,0,0,0,2062,2062
510336,15/05/2020,2020,5,C721,SIMPLII,C0721,SIMPLII,"MOBILEBANDITS, S.A. DE C.V.",0,0,0,0,2088,2088
510336,15/06/2020,2020,6,C721,SIMPLII,C0721,SIMPLII,"MOBILEBANDITS, S.A. DE C.V.",0,0,0,0,2388,2388
510336,15/07/2020,2020,7,C721,SIMPLII,C0721,SIMPLII,"MOBILEBANDITS, S.A. DE C.V.",0,0,0,0,2461,2461
510336,15/08/2020,2020,8,C721,SIMPLII,C0721,SIMPLII,"MOBILEBANDITS, S.A. DE C.V.",0,0,0,0,2434,2434
510336,15/09/2020,2020,9,C721,SIMPLII,C0721,SIMPLII,"MOBILEBANDITS, S.A. DE C.V.",0,0,0,0,2337,2337
510336,15/10/2020,2020,10,C721,SIMPLII,C0721,SIMPLII,"MOBILEBANDITS, S.A. DE C.V.",0,0,0,0,2365,2365
510336,15/11/2020,2020,11,C721,SIMPLII,C0721,SIMPLII,"MOBILEBANDITS, S.A. DE C.V.",0,0,0,0,2382,2382
510336,15/12/2020,2020,12,C721,SIMPLII,C0721,SIMPLII,"MOBILEBANDITS, S.A. DE C.V.",0,0,0,0,2391,2391
512003,15/07/2018,2018,7,C726,SIX MOVIL,C0726,SIX MOVIL,"HIP CRICKET DE MÉXICO, S.A. DE C.V.",0,0,0,0,3887,3887
512003,15/08/2018,2018,8,C726,SIX MOVIL,C0726,SIX MOVIL,"HIP CRICKET DE MÉXICO, S.A. DE C.V.",0,0,0,0,4191,4191
512003,15/09/2018,2018,9,C726,SIX MOVIL,C0726,SIX MOVIL,"HIP CRICKET DE MÉXICO, S.A. DE C.V.",0,0,0,0,4425,4425
512003,15/10/2018,2018,10,C726,SIX MOVIL,C0726,SIX MOVIL,"HIP CRICKET DE MÉXICO, S.A. DE C.V.",0,0,0,0,2692,2692
512003,15/11/2018,2018,11,C726,SIX MOVIL,C0726,SIX MOVIL,"HIP CRICKET DE MÉXICO, S.A. DE C.V.",0,0,0,0,2156,2156
512003,15/12/2018,2018,12,C726,SIX MOVIL,C0726,SIX MOVIL,"HIP CRICKET DE MÉXICO, S.A. DE C.V.",0,0,0,0,1949,1949
512003,15/01/2019,2019,1,C726,SIX MOVIL,C0726,SIX MOVIL,"HIP CRICKET DE MÉXICO, S.A. DE C.V.",0,0,0,0,1861,1861
512003,15/02/2019,2019,2,C726,SIX MOVIL,C0726,SIX MOVIL,"HIP CRICKET DE MÉXICO, S.A. DE C.V.",0,0,0,0,1605,1605
512003,15/03/2019,2019,3,C726,SIX MOVIL,C0726,SIX MOVIL,"HIP CRICKET DE MÉXICO, S.A. DE C.V.",0,0,0,0,1340,1340
512003,15/04/2019,2019,4,C726,SIX MOVIL,C0726,SIX MOVIL,"HIP CRICKET DE MÉXICO, S.A. DE C.V.",0,0,0,0,1200,1200
512003,15/05/2019,2019,5,C726,SIX MOVIL,C0726,SIX MOVIL,"HIP CRICKET DE MÉXICO, S.A. DE C.V.",0,0,0,0,1000,1000
512003,15/06/2019,2019,6,C726,SIX MOVIL,C0726,SIX MOVIL,"HIP CRICKET DE MÉXICO, S.A. DE C.V.",0,0,0,0,800,800
512003,15/07/2019,2019,7,C726,SIX MOVIL,C0726,SIX MOVIL,"HIP CRICKET DE MÉXICO, S.A. DE C.V.",0,0,0,0,826,826
512003,15/08/2019,2019,8,C726,SIX MOVIL,C0726,SIX MOVIL,"HIP CRICKET DE MÉXICO, S.A. DE C.V.",0,0,0,0,699,699
512003,15/09/2019,2019,9,C726,SIX MOVIL,C0726,SIX MOVIL,"HIP CRICKET DE MÉXICO, S.A. DE C.V.",0,0,0,0,677,677
512003,15/10/2019,2019,10,C726,SIX MOVIL,C0726,SIX MOVIL,"HIP CRICKET DE MÉXICO, S.A. DE C.V.",0,0,0,0,645,645
512003,15/11/2019,2019,11,C726,SIX MOVIL,C0726,SIX MOVIL,"HIP CRICKET DE MÉXICO, S.A. DE C.V.",0,0,0,0,663,663
512003,15/12/2019,2019,12,C726,SIX MOVIL,C0726,SIX MOVIL,"HIP CRICKET DE MÉXICO, S.A. DE C.V.",0,0,0,0,682,682
514850,15/01/2020,2020,1,C745,ALTCEL,C0745,ALTCEL,"ALTCEL, S.A.P.I. DE C.V.",0,0,0,0,406,406
514850,15/02/2020,2020,2,C745,ALTCEL,C0745,ALTCEL,"ALTCEL, S.A.P.I. DE C.V.",0,0,0,0,589,589
514850,15/03/2020,2020,3,C745,ALTCEL,C0745,ALTCEL,"ALTCEL, S.A.P.I. DE C.V.",0,0,0,0,615,615
514850,15/04/2020,2020,4,C745,ALTCEL,C0745,ALTCEL,"ALTCEL, S.A.P.I. DE C.V.",0,0,0,0,624,624
514850,15/05/2020,2020,5,C745,ALTCEL,C0745,ALTCEL,"ALTCEL, S.A.P.I. DE C.V.",0,0,0,0,794,794
514850,15/06/2020,2020,6,C745,ALTCEL,C0745,ALTCEL,"ALTCEL, S.A.P.I. DE C.V.",0,0,0,0,859,859
514850,15/07/2020,2020,7,C745,ALTCEL,C0745,ALTCEL,"ALTCEL, S.A.P.I. DE C.V.",0,0,0,0,874,874
514850,15/08/2020,2020,8,C745,ALTCEL,C0745,ALTCEL,"ALTCEL, S.A.P.I. DE C.V.",0,0,0,0,900,900
514850,15/09/2020,2020,9,C745,ALTCEL,C0745,ALTCEL,"ALTCEL, S.A.P.I. DE C.V.",0,0,0,0,1174,1174
514850,15/10/2020,2020,10,C745,ALTCEL,C0745,ALTCEL,"ALTCEL, S.A.P.I. DE C.V.",0,0,0,0,1663,1663
514850,15/11/2020,2020,11,C745,ALTCEL,C0745,ALTCEL,"ALTCEL, S.A.P.I. DE C.V.",0,0,0,0,2483,2483
514850,15/12/2020,2020,12,C745,ALTCEL,C0745,ALTCEL,"ALTCEL, S.A.P.I. DE C.V.",0,0,0,0,3349,3349
515609,15/06/2019,2019,6,C736,AIRBUS,C0736,AIRBUS,"AIRBUS SLC, S.A. DE C.V.",0,0,0,0,568,568
515609,15/07/2019,2019,7,C736,AIRBUS,C0736,AIRBUS,"AIRBUS SLC, S.A. DE C.V.",0,0,0,0,595,595
515609,15/08/2019,2019,8,C736,AIRBUS,C0736,AIRBUS,"AIRBUS SLC, S.A. DE C.V.",0,0,0,0,595,595
515609,15/09/2019,2019,9,C736,AIRBUS,C0736,AIRBUS,"AIRBUS SLC, S.A. DE C.V.",0,0,0,0,595,595
515609,15/10/2019,2019,10,C736,AIRBUS,C0736,AIRBUS,"AIRBUS SLC, S.A. DE C.V.",0,0,0,0,1393,1393
515609,15/11/2019,2019,11,C736,AIRBUS,C0736,AIRBUS,"AIRBUS SLC, S.A. DE C.V.",0,0,0,0,1393,1393
515609,15/12/2019,2019,12,C736,AIRBUS,C0736,AIRBUS,"AIRBUS SLC, S.A. DE C.V.",0,0,0,0,1453,1453
515609,15/01/2020,2020,1,C736,AIRBUS,C0736,AIRBUS,"AIRBUS SLC, S.A. DE C.V.",0,0,0,0,1453,1453
515609,15/02/2020,2020,2,C736,AIRBUS,C0736,AIRBUS,"AIRBUS SLC, S.A. DE C.V.",0,0,0,0,1541,1541
515609,15/03/2020,2020,3,C736,AIRBUS,C0736,AIRBUS,"AIRBUS SLC, S.A. DE C.V.",0,0,0,0,1541,1541
515609,15/04/2020,2020,4,C736,AIRBUS,C0736,AIRBUS,"AIRBUS SLC, S.A. DE C.V.",0,0,0,0,1541,1541
515609,15/05/2020,2020,5,C736,AIRBUS,C0736,AIRBUS,"AIRBUS SLC, S.A. DE C.V.",0,0,0,0,1541,1541
515609,15/06/2020,2020,6,C736,AIRBUS,C0736,AIRBUS,"AIRBUS SLC, S.A. DE C.V.",0,0,0,0,1541,1541
515609,15/07/2020,2020,7,C736,AIRBUS,C0736,AIRBUS,"AIRBUS SLC, S.A. DE C.V.",0,0,0,0,1541,1541
515609,15/08/2020,2020,8,C736,AIRBUS,C0736,AIRBUS,"AIRBUS SLC, S.A. DE C.V.",0,0,0,0,2662,2662
515609,15/09/2020,2020,9,C736,AIRBUS,C0736,AIRBUS,"AIRBUS SLC, S.A. DE C.V.",0,0,0,0,2662,2662
515609,15/10/2020,2020,10,C736,AIRBUS,C0736,AIRBUS,"AIRBUS SLC, S.A. DE C.V.",0,0,0,0,1541,1541
515609,15/11/2020,2020,11,C736,AIRBUS,C0736,AIRBUS,"AIRBUS SLC, S.A. DE C.V.",0,0,0,0,2662,2662
515609,15/12/2020,2020,12,C736,AIRBUS,C0736,AIRBUS,"AIRBUS SLC, S.A. DE C.V.",0,0,0,0,2662,2662
516708,15/04/2020,2020,4,C739,ESMERO SOLUTIONS,C0739,ESMERO SOLUTIONS,"ESMERO SOLUTIONS MÉXICO, S.A. DE C.V.",0,0,0,0,2,2
516708,15/05/2020,2020,5,C739,ESMERO SOLUTIONS,C0739,ESMERO SOLUTIONS,"ESMERO SOLUTIONS MÉXICO, S.A. DE C.V.",0,0,0,0,9,9
516708,15/06/2020,2020,6,C739,ESMERO SOLUTIONS,C0739,ESMERO SOLUTIONS,"ESMERO SOLUTIONS MÉXICO, S.A. DE C.V.",0,0,0,0,18,18
516708,15/07/2020,2020,7,C739,ESMERO SOLUTIONS,C0739,ESMERO SOLUTIONS,"ESMERO SOLUTIONS MÉXICO, S.A. DE C.V.",0,0,0,0,21,21
516708,15/08/2020,2020,8,C739,ESMERO SOLUTIONS,C0739,ESMERO SOLUTIONS,"ESMERO SOLUTIONS MÉXICO, S.A. DE C.V.",0,0,0,0,46,46
516708,15/09/2020,2020,9,C739,ESMERO SOLUTIONS,C0739,ESMERO SOLUTIONS,"ESMERO SOLUTIONS MÉXICO, S.A. DE C.V.",0,0,0,0,85,85
516708,15/10/2020,2020,10,C739,ESMERO SOLUTIONS,C0739,ESMERO SOLUTIONS,"ESMERO SOLUTIONS MÉXICO, S.A. DE C.V.",0,0,0,0,101,101
516708,15/11/2020,2020,11,C739,ESMERO SOLUTIONS,C0739,ESMERO SOLUTIONS,"ESMERO SOLUTIONS MÉXICO, S.A. DE C.V.",0,0,0,0,105,105
516708,15/12/2020,2020,12,C739,ESMERO SOLUTIONS,C0739,ESMERO SOLUTIONS,"ESMERO SOLUTIONS MÉXICO, S.A. DE C.V.",0,0,0,0,140,140
516718,15/07/2021,2021,7,C770,PLINTRON,C0770,PLINTRON,"PLINTRON MEXICO, S.A. DE C.V.",0,0,0,0,500,500
516718,15/08/2021,2021,8,C770,PLINTRON,C0770,PLINTRON,"PLINTRON MEXICO, S.A. DE C.V.",0,0,0,0,1500,1500
516718,15/09/2021,2021,9,C770,PLINTRON,C0770,PLINTRON,"PLINTRON MEXICO, S.A. DE C.V.",0,0,0,0,2000,2000
516718,15/10/2021,2021,10,C770,PLINTRON,C0770,PLINTRON,"PLINTRON MEXICO, S.A. DE C.V.",0,0,0,0,3500,3500
516718,15/11/2021,2021,11,C770,PLINTRON,C0770,PLINTRON,"PLINTRON MEXICO, S.A. DE C.V.",0,0,0,0,3500,3500
516718,15/12/2021,2021,12,C770,PLINTRON,C0770,PLINTRON,"PLINTRON MEXICO, S.A. DE C.V.",0,0,0,0,4000,4000
516718,15/10/2022,2022,10,C770,PLINTRON,C0770,PLINTRON,"PLINTRON MEXICO, S.A. DE C.V.",0,0,0,0,1440,1440
516718,15/11/2022,2022,11,C770,PLINTRON,C0770,PLINTRON,"PLINTRON MEXICO, S.A. DE C.V.",0,0,0,0,1440,1440
516718,15/12/2022,2022,12,C770,PLINTRON,C0770,PLINTRON,"PLINTRON MEXICO, S.A. DE C.V.",0,0,0,0,1440,1440
516718,15/01/2023,2023,1,C770,PLINTRON,C0770,PLINTRON,"PLINTRON MEXICO, S.A. DE C.V.",0,0,0,0,1440,1440
516718,15/02/2023,2023,2,C770,PLINTRON,C0770,PLINTRON,"PLINTRON MEXICO, S.A. DE C.V.",0,0,0,0,1440,1440
516718,15/03/2023,2023,3,C770,PLINTRON,C0770,PLINTRON,"PLINTRON MEXICO, S.A. DE C.V.",0,0,0,0,1440,1440
516798,15/01/2021,2021,1,C775,VASANTA,C0775,VASANTA,"VASANTA COMUNICACIONES, S.A.P.I. DE C.V.",0,0,0,0,4762,4762
516798,15/02/2021,2021,2,C775,VASANTA,C0775,VASANTA,"VASANTA COMUNICACIONES, S.A.P.I. DE C.V.",0,0,0,0,5813,5813
516798,15/03/2021,2021,3,C775,VASANTA,C0775,VASANTA,"VASANTA COMUNICACIONES, S.A.P.I. DE C.V.",0,0,0,0,7546,7546
516798,15/04/2021,2021,4,C775,VASANTA,C0775,VASANTA,"VASANTA COMUNICACIONES, S.A.P.I. DE C.V.",0,0,0,0,8331,8331
516798,15/05/2021,2021,5,C775,VASANTA,C0775,VASANTA,"VASANTA COMUNICACIONES, S.A.P.I. DE C.V.",0,0,0,0,8796,8796
516798,15/06/2021,2021,6,C775,VASANTA,C0775,VASANTA,"VASANTA COMUNICACIONES, S.A.P.I. DE C.V.",0,0,0,0,8540,8540
516798,15/07/2021,2021,7,C775,VASANTA,C0775,VASANTA,"VASANTA COMUNICACIONES, S.A.P.I. DE C.V.",0,0,0,0,8948,8948
516798,15/08/2021,2021,8,C775,VASANTA,C0775,VASANTA,"VASANTA COMUNICACIONES, S.A.P.I. DE C.V.",0,0,0,0,9690,9690
516798,15/09/2021,2021,9,C775,VASANTA,C0775,VASANTA,"VASANTA COMUNICACIONES, S.A.P.I. DE C.V.",0,0,0,0,9735,9735
516798,15/10/2021,2021,10,C775,VASANTA,C0775,VASANTA,"VASANTA COMUNICACIONES, S.A.P.I. DE C.V.",0,0,0,0,11631,11631
516798,15/11/2021,2021,11,C775,VASANTA,C0775,VASANTA,"VASANTA COMUNICACIONES, S.A.P.I. DE C.V.",0,0,0,0,10663,10663
516798,15/12/2021,2021,12,C775,VASANTA,C0775,VASANTA,"VASANTA COMUNICACIONES, S.A.P.I. DE C.V.",0,0,0,0,13046,13046
516798,15/01/2022,2022,1,C775,VASANTA,C0775,VASANTA,"VASANTA COMUNICACIONES, S.A.P.I. DE C.V.",14840,0,0,0,0,14840
516798,15/02/2022,2022,2,C775,VASANTA,C0775,VASANTA,"VASANTA COMUNICACIONES, S.A.P.I. DE C.V.",14653,0,0,0,0,14653
516798,15/03/2022,2022,3,C775,VASANTA,C0775,VASANTA,"VASANTA COMUNICACIONES, S.A.P.I. DE C.V.",15067,0,0,0,0,15067
516798,15/04/2022,2022,4,C775,VASANTA,C0775,VASANTA,"VASANTA COMUNICACIONES, S.A.P.I. DE C.V.",12892,0,0,0,0,12892
516798,15/05/2022,2022,5,C775,VASANTA,C0775,VASANTA,"VASANTA COMUNICACIONES, S.A.P.I. DE C.V.",13451,0,0,0,0,13451
516798,15/06/2022,2022,6,C775,VASANTA,C0775,VASANTA,"VASANTA COMUNICACIONES, S.A.P.I. DE C.V.",13902,0,0,0,0,13902
516798,15/07/2022,2022,7,C775,VASANTA,C0775,VASANTA,"VASANTA COMUNICACIONES, S.A.P.I. DE C.V.",14614,0,0,0,0,14614
516798,15/08/2022,2022,8,C775,VASANTA,C0775,VASANTA,"VASANTA COMUNICACIONES, S.A.P.I. DE C.V.",14836,0,0,0,0,14836
516798,15/09/2022,2022,9,C775,VASANTA,C0775,VASANTA,"VASANTA COMUNICACIONES, S.A.P.I. DE C.V.",15133,0,0,0,0,15133
516798,15/10/2022,2022,10,C775,VASANTA,C0775,VASANTA,"VASANTA COMUNICACIONES, S.A.P.I. DE C.V.",15863,0,0,0,0,15863
516798,15/11/2022,2022,11,C775,VASANTA,C0775,VASANTA,"VASANTA COMUNICACIONES, S.A.P.I. DE C.V.",16099,0,0,0,0,16099
516798,15/12/2022,2022,12,C775,VASANTA,C0775,VASANTA,"VASANTA COMUNICACIONES, S.A.P.I. DE C.V.",16454,0,0,0,0,16454
516798,15/01/2023,2023,1,C775,VASANTA,C0775,VASANTA,"VASANTA COMUNICACIONES, S.A.P.I. DE C.V.",16628,0,0,0,0,16628
516798,15/02/2023,2023,2,C775,VASANTA,C0775,VASANTA,"VASANTA COMUNICACIONES, S.A.P.I. DE C.V.",16811,0,0,0,0,16811
516798,15/03/2023,2023,3,C775,VASANTA,C0775,VASANTA,"VASANTA COMUNICACIONES, S.A.P.I. DE C.V.",17253,0,0,0,0,17253
516798,15/04/2023,2023,4,C775,VASANTA,C0775,VASANTA,"VASANTA COMUNICACIONES, S.A.P.I. DE C.V.",16949,0,0,0,0,16949
516798,15/05/2023,2023,5,C775,VASANTA,C0775,VASANTA,"VASANTA COMUNICACIONES, S.A.P.I. DE C.V.",16932,0,0,0,0,16932
516798,15/06/2023,2023,6,C775,VASANTA,C0775,VASANTA,"VASANTA COMUNICACIONES, S.A.P.I. DE C.V.",16895,0,0,0,0,16895
516798,15/07/2023,2023,7,C775,VASANTA,C0775,VASANTA,"VASANTA COMUNICACIONES, S.A.P.I. DE C.V.",16969,0,0,0,0,16969
516798,15/08/2023,2023,8,C775,VASANTA,C0775,VASANTA,"VASANTA COMUNICACIONES, S.A.P.I. DE C.V.",17004,0,0,0,0,17004
516798,15/09/2023,2023,9,C775,VASANTA,C0775,VASANTA,"VASANTA COMUNICACIONES, S.A.P.I. DE C.V.",16710,0,0,0,0,16710
516798,15/01/2024,2024,1,C775,VASANTA,C0775,VASANTA,"VASANTA COMUNICACIONES, S.A.P.I. DE C.V.",16491,0,0,0,0,16491
516798,15/02/2024,2024,2,C775,VASANTA,C0775,VASANTA,"VASANTA COMUNICACIONES, S.A.P.I. DE C.V.",16462,0,0,0,0,16462
516798,15/03/2024,2024,3,C775,VASANTA,C0775,VASANTA,"VASANTA COMUNICACIONES, S.A.P.I. DE C.V.",16609,0,0,0,0,16609
516798,15/04/2024,2024,4,C775,VASANTA,C0775,VASANTA,"VASANTA COMUNICACIONES, S.A.P.I. DE C.V.",15589,0,0,0,0,15589
516798,15/05/2024,2024,5,C775,VASANTA,C0775,VASANTA,"VASANTA COMUNICACIONES, S.A.P.I. DE C.V.",15336,0,0,0,0,15336
516798,15/06/2024,2024,6,C775,VASANTA,C0775,VASANTA,"VASANTA COMUNICACIONES, S.A.P.I. DE C.V.",15317,0,0,0,0,15317
516798,15/07/2024,2024,7,C775,VASANTA,C0775,VASANTA,"VASANTA COMUNICACIONES, S.A.P.I. DE C.V.",17537,0,0,0,0,17537
516798,15/08/2024,2024,8,C775,VASANTA,C0775,VASANTA,"VASANTA COMUNICACIONES, S.A.P.I. DE C.V.",14343,0,0,0,0,14343
516798,15/09/2024,2024,9,C775,VASANTA,C0775,VASANTA,"VASANTA COMUNICACIONES, S.A.P.I. DE C.V.",14290,0,0,0,0,14290
516798,15/10/2024,2024,10,C775,VASANTA,C0775,VASANTA,"VASANTA COMUNICACIONES, S.A.P.I. DE C.V.",16277,0,0,0,0,16277
516798,15/11/2024,2024,11,C775,VASANTA,C0775,VASANTA,"VASANTA COMUNICACIONES, S.A.P.I. DE C.V.",15856,0,0,0,0,15856
516798,15/12/2024,2024,12,C775,VASANTA,C0775,VASANTA,"VASANTA COMUNICACIONES, S.A.P.I. DE C.V.",15566,0,0,0,0,15566
516992,15/09/2019,2019,9,C737,MIIO,C0737,MIIO,"KING DAVID MOBILE, S.A.P.I. DE C.V.",0,0,0,0,49,49
516992,15/10/2019,2019,10,C737,MIIO,C0737,MIIO,"KING DAVID MOBILE, S.A.P.I. DE C.V.",0,0,0,0,47,47
516992,15/11/2019,2019,11,C737,MIIO,C0737,MIIO,"KING DAVID MOBILE, S.A.P.I. DE C.V.",0,0,0,0,47,47
516992,15/12/2019,2019,12,C737,MIIO,C0737,MIIO,"KING DAVID MOBILE, S.A.P.I. DE C.V.",0,0,0,0,47,47
516992,15/01/2020,2020,1,C737,MIIO,C0737,MIIO,"KING DAVID MOBILE, S.A.P.I. DE C.V.",0,0,0,0,47,47
516992,15/02/2020,2020,2,C737,MIIO,C0737,MIIO,"KING DAVID MOBILE, S.A.P.I. DE C.V.",0,0,0,0,47,47
516992,15/03/2020,2020,3,C737,MIIO,C0737,MIIO,"KING DAVID MOBILE, S.A.P.I. DE C.V.",0,0,0,0,47,47
516992,15/04/2020,2020,4,C737,MIIO,C0737,MIIO,"KING DAVID MOBILE, S.A.P.I. DE C.V.",0,0,0,0,47,47
516992,15/05/2020,2020,5,C737,MIIO,C0737,MIIO,"KING DAVID MOBILE, S.A.P.I. DE C.V.",0,0,0,0,43,43
516992,15/06/2020,2020,6,C737,MIIO,C0737,MIIO,"KING DAVID MOBILE, S.A.P.I. DE C.V.",0,0,0,0,43,43
516992,15/07/2020,2020,7,C737,MIIO,C0737,MIIO,"KING DAVID MOBILE, S.A.P.I. DE C.V.",0,0,0,0,43,43
516992,15/08/2020,2020,8,C737,MIIO,C0737,MIIO,"KING DAVID MOBILE, S.A.P.I. DE C.V.",0,0,0,0,43,43
516992,15/09/2020,2020,9,C737,MIIO,C0737,MIIO,"KING DAVID MOBILE, S.A.P.I. DE C.V.",0,0,0,0,43,43
516992,15/10/2020,2020,10,C737,MIIO,C0737,MIIO,"KING DAVID MOBILE, S.A.P.I. DE C.V.",0,0,0,0,43,43
516992,15/11/2020,2020,11,C737,MIIO,C0737,MIIO,"KING DAVID MOBILE, S.A.P.I. DE C.V.",0,0,0,0,43,43
516992,15/12/2020,2020,12,C737,MIIO,C0737,MIIO,"KING DAVID MOBILE, S.A.P.I. DE C.V.",0,0,0,0,43,43
516992,15/01/2021,2021,1,C737,MIIO,C0737,MIIO,"KING DAVID MOBILE, S.A.P.I. DE C.V.",0,0,0,0,166,166
516992,15/02/2021,2021,2,C737,MIIO,C0737,MIIO,"KING DAVID MOBILE, S.A.P.I. DE C.V.",0,0,0,0,159,159
516992,15/03/2021,2021,3,C737,MIIO,C0737,MIIO,"KING DAVID MOBILE, S.A.P.I. DE C.V.",0,0,0,0,131,131
516992,15/04/2021,2021,4,C737,MIIO,C0737,MIIO,"KING DAVID MOBILE, S.A.P.I. DE C.V.",0,0,0,0,248,248
516992,15/05/2021,2021,5,C737,MIIO,C0737,MIIO,"KING DAVID MOBILE, S.A.P.I. DE C.V.",0,0,0,0,281,281
516992,15/06/2021,2021,6,C737,MIIO,C0737,MIIO,"KING DAVID MOBILE, S.A.P.I. DE C.V.",0,0,0,0,240,240
516992,15/07/2021,2021,7,C737,MIIO,C0737,MIIO,"KING DAVID MOBILE, S.A.P.I. DE C.V.",0,0,0,0,138,138
516992,15/08/2021,2021,8,C737,MIIO,C0737,MIIO,"KING DAVID MOBILE, S.A.P.I. DE C.V.",0,0,0,0,118,118
516992,15/09/2021,2021,9,C737,MIIO,C0737,MIIO,"KING DAVID MOBILE, S.A.P.I. DE C.V.",0,0,0,0,95,95
516992,15/10/2021,2021,10,C737,MIIO,C0737,MIIO,"KING DAVID MOBILE, S.A.P.I. DE C.V.",0,0,0,0,118,118
516992,15/11/2021,2021,11,C737,MIIO,C0737,MIIO,"KING DAVID MOBILE, S.A.P.I. DE C.V.",0,0,0,0,97,97
516992,15/12/2021,2021,12,C737,MIIO,C0737,MIIO,"KING DAVID MOBILE, S.A.P.I. DE C.V.",0,0,0,0,258,258
516992,15/01/2022,2022,1,C737,MIIO,C0737,MIIO,"KING DAVID MOBILE, S.A.P.I. DE C.V.",0,0,0,0,320,320
516992,15/02/2022,2022,2,C737,MIIO,C0737,MIIO,"KING DAVID MOBILE, S.A.P.I. DE C.V.",0,0,0,0,318,318
516992,15/03/2022,2022,3,C737,MIIO,C0737,MIIO,"KING DAVID MOBILE, S.A.P.I. DE C.V.",0,0,0,0,300,300
516992,15/04/2022,2022,4,C737,MIIO,C0737,MIIO,"KING DAVID MOBILE, S.A.P.I. DE C.V.",0,0,0,0,295,295
516992,15/05/2022,2022,5,C737,MIIO,C0737,MIIO,"KING DAVID MOBILE, S.A.P.I. DE C.V.",0,0,0,0,296,296
516992,15/06/2022,2022,6,C737,MIIO,C0737,MIIO,"KING DAVID MOBILE, S.A.P.I. DE C.V.",0,0,0,0,290,290
516992,15/07/2022,2022,7,C737,MIIO,C0737,MIIO,"KING DAVID MOBILE, S.A.P.I. DE C.V.",0,0,0,0,390,390
516992,15/08/2022,2022,8,C737,MIIO,C0737,MIIO,"KING DAVID MOBILE, S.A.P.I. DE C.V.",0,0,0,0,489,489
516992,15/09/2022,2022,9,C737,MIIO,C0737,MIIO,"KING DAVID MOBILE, S.A.P.I. DE C.V.",0,0,0,0,450,450
516992,15/10/2022,2022,10,C737,MIIO,C0737,MIIO,"KING DAVID MOBILE, S.A.P.I. DE C.V.",0,0,0,0,468,468
516992,15/11/2022,2022,11,C737,MIIO,C0737,MIIO,"KING DAVID MOBILE, S.A.P.I. DE C.V.",0,0,0,0,464,464
516992,15/12/2022,2022,12,C737,MIIO,C0737,MIIO,"KING DAVID MOBILE, S.A.P.I. DE C.V.",0,0,0,0,464,464
516992,15/01/2023,2023,1,C737,MIIO,C0737,MIIO,"KING DAVID MOBILE, S.A.P.I. DE C.V.",0,0,0,0,453,453
516992,15/02/2023,2023,2,C737,MIIO,C0737,MIIO,"KING DAVID MOBILE, S.A.P.I. DE C.V.",0,0,0,0,445,445
516992,15/03/2023,2023,3,C737,MIIO,C0737,MIIO,"KING DAVID MOBILE, S.A.P.I. DE C.V.",0,0,0,0,446,446
516992,15/04/2023,2023,4,C737,MIIO,C0737,MIIO,"KING DAVID MOBILE, S.A.P.I. DE C.V.",0,0,0,0,448,448
516992,15/05/2023,2023,5,C737,MIIO,C0737,MIIO,"KING DAVID MOBILE, S.A.P.I. DE C.V.",0,0,0,0,450,450
516992,15/06/2023,2023,6,C737,MIIO,C0737,MIIO,"KING DAVID MOBILE, S.A.P.I. DE C.V.",0,0,0,0,450,450
516992,15/07/2023,2023,7,C737,MIIO,C0737,MIIO,"KING DAVID MOBILE, S.A.P.I. DE C.V.",0,0,0,0,450,450
516992,15/08/2023,2023,8,C737,MIIO,C0737,MIIO,"KING DAVID MOBILE, S.A.P.I. DE C.V.",0,0,0,0,463,463
516992,15/09/2023,2023,9,C737,MIIO,C0737,MIIO,"KING DAVID MOBILE, S.A.P.I. DE C.V.",0,0,0,0,460,460
516992,15/10/2023,2023,10,C737,MIIO,C0737,MIIO,"KING DAVID MOBILE, S.A.P.I. DE C.V.",0,0,0,0,468,468
516992,15/11/2023,2023,11,C737,MIIO,C0737,MIIO,"KING DAVID MOBILE, S.A.P.I. DE C.V.",0,0,0,0,470,470
516992,15/12/2023,2023,12,C737,MIIO,C0737,MIIO,"KING DAVID MOBILE, S.A.P.I. DE C.V.",0,0,0,0,472,472
516992,15/01/2024,2024,1,C737,MIIO,C0737,MIIO,"KING DAVID MOBILE, S.A.P.I. DE C.V.",0,0,0,0,1175,1175
516992,15/02/2024,2024,2,C737,MIIO,C0737,MIIO,"KING DAVID MOBILE, S.A.P.I. DE C.V.",0,0,0,0,1052,1052
516992,15/03/2024,2024,3,C737,MIIO,C0737,MIIO,"KING DAVID MOBILE, S.A.P.I. DE C.V.",0,0,0,0,988,988
516992,15/04/2024,2024,4,C737,MIIO,C0737,MIIO,"KING DAVID MOBILE, S.A.P.I. DE C.V.",0,0,0,0,938,938
516992,15/05/2024,2024,5,C737,MIIO,C0737,MIIO,"KING DAVID MOBILE, S.A.P.I. DE C.V.",0,0,0,0,899,899
516992,15/06/2024,2024,6,C737,MIIO,C0737,MIIO,"KING DAVID MOBILE, S.A.P.I. DE C.V.",0,0,0,0,670,670
516992,15/07/2024,2024,7,C737,MIIO,C0737,MIIO,"KING DAVID MOBILE, S.A.P.I. DE C.V.",0,0,0,0,636,636
516992,15/08/2024,2024,8,C737,MIIO,C0737,MIIO,"KING DAVID MOBILE, S.A.P.I. DE C.V.",0,0,0,0,547,547
516992,15/09/2024,2024,9,C737,MIIO,C0737,MIIO,"KING DAVID MOBILE, S.A.P.I. DE C.V.",0,0,0,0,412,412
516992,15/10/2024,2024,10,C737,MIIO,C0737,MIIO,"KING DAVID MOBILE, S.A.P.I. DE C.V.",0,0,0,0,373,373
516992,15/11/2024,2024,11,C737,MIIO,C0737,MIIO,"KING DAVID MOBILE, S.A.P.I. DE C.V.",0,0,0,0,347,347
516992,15/12/2024,2024,12,C737,MIIO,C0737,MIIO,"KING DAVID MOBILE, S.A.P.I. DE C.V.",0,0,0,0,304,304
517038,15/12/2019,2019,12,C747,YOBI TELECOM,C0747,YOBI TELECOM,"CELMAX MOVIL, S.A. DE C.V.",14234,0,0,0,0,14234
517038,15/01/2020,2020,1,C747,YOBI TELECOM,C0747,YOBI TELECOM,"CELMAX MOVIL, S.A. DE C.V.",17954,0,0,0,0,17954
517038,15/02/2020,2020,2,C747,YOBI TELECOM,C0747,YOBI TELECOM,"CELMAX MOVIL, S.A. DE C.V.",17093,0,0,0,0,17093
517038,15/03/2020,2020,3,C747,YOBI TELECOM,C0747,YOBI TELECOM,"CELMAX MOVIL, S.A. DE C.V.",17334,0,0,0,0,17334
517038,15/04/2020,2020,4,C747,YOBI TELECOM,C0747,YOBI TELECOM,"CELMAX MOVIL, S.A. DE C.V.",16717,0,0,0,0,16717
517038,15/05/2020,2020,5,C747,YOBI TELECOM,C0747,YOBI TELECOM,"CELMAX MOVIL, S.A. DE C.V.",17064,0,0,0,0,17064
517038,15/06/2020,2020,6,C747,YOBI TELECOM,C0747,YOBI TELECOM,"CELMAX MOVIL, S.A. DE C.V.",19325,0,0,0,0,19325
517038,15/07/2020,2020,7,C747,YOBI TELECOM,C0747,YOBI TELECOM,"CELMAX MOVIL, S.A. DE C.V.",20908,0,0,0,0,20908
517038,15/08/2020,2020,8,C747,YOBI TELECOM,C0747,YOBI TELECOM,"CELMAX MOVIL, S.A. DE C.V.",23134,0,0,0,0,23134
517038,15/09/2020,2020,9,C747,YOBI TELECOM,C0747,YOBI TELECOM,"CELMAX MOVIL, S.A. DE C.V.",24685,0,0,0,0,24685
517038,15/10/2020,2020,10,C747,YOBI TELECOM,C0747,YOBI TELECOM,"CELMAX MOVIL, S.A. DE C.V.",26641,0,0,0,0,26641
517038,15/11/2020,2020,11,C747,YOBI TELECOM,C0747,YOBI TELECOM,"CELMAX MOVIL, S.A. DE C.V.",31491,0,0,0,0,31491
517038,15/12/2020,2020,12,C747,YOBI TELECOM,C0747,YOBI TELECOM,"CELMAX MOVIL, S.A. DE C.V.",35429,0,0,0,0,35429
517038,15/01/2021,2021,1,C747,YOBI TELECOM,C0747,YOBI TELECOM,"CELMAX MOVIL, S.A. DE C.V.",7323,0,0,0,0,7323
517038,15/02/2021,2021,2,C747,YOBI TELECOM,C0747,YOBI TELECOM,"CELMAX MOVIL, S.A. DE C.V.",6857,0,0,0,0,6857
517038,15/03/2021,2021,3,C747,YOBI TELECOM,C0747,YOBI TELECOM,"CELMAX MOVIL, S.A. DE C.V.",10359,0,0,0,0,10359
517038,15/04/2021,2021,4,C747,YOBI TELECOM,C0747,YOBI TELECOM,"CELMAX MOVIL, S.A. DE C.V.",14444,0,0,0,0,14444
517038,15/05/2021,2021,5,C747,YOBI TELECOM,C0747,YOBI TELECOM,"CELMAX MOVIL, S.A. DE C.V.",14494,0,0,0,0,14494
517038,15/06/2021,2021,6,C747,YOBI TELECOM,C0747,YOBI TELECOM,"CELMAX MOVIL, S.A. DE C.V.",13559,0,0,0,0,13559
517038,15/07/2021,2021,7,C747,YOBI TELECOM,C0747,YOBI TELECOM,"CELMAX MOVIL, S.A. DE C.V.",14447,0,0,0,0,14447
517038,15/08/2021,2021,8,C747,YOBI TELECOM,C0747,YOBI TELECOM,"CELMAX MOVIL, S.A. DE C.V.",15447,0,0,0,0,15447
517038,15/09/2021,2021,9,C747,YOBI TELECOM,C0747,YOBI TELECOM,"CELMAX MOVIL, S.A. DE C.V.",15454,0,0,0,0,15454
517038,15/10/2021,2021,10,C747,YOBI TELECOM,C0747,YOBI TELECOM,"CELMAX MOVIL, S.A. DE C.V.",14620,0,0,0,0,14620
517038,15/11/2021,2021,11,C747,YOBI TELECOM,C0747,YOBI TELECOM,"CELMAX MOVIL, S.A. DE C.V.",15557,0,0,0,0,15557
517038,15/12/2021,2021,12,C747,YOBI TELECOM,C0747,YOBI TELECOM,"CELMAX MOVIL, S.A. DE C.V.",19729,0,0,0,0,19729
517038,15/01/2022,2022,1,C747,YOBI TELECOM,C0747,YOBI TELECOM,"CELMAX MOVIL, S.A. DE C.V.",20087,0,0,0,0,20087
517038,15/02/2022,2022,2,C747,YOBI TELECOM,C0747,YOBI TELECOM,"CELMAX MOVIL, S.A. DE C.V.",17602,0,0,0,0,17602
517038,15/03/2022,2022,3,C747,YOBI TELECOM,C0747,YOBI TELECOM,"CELMAX MOVIL, S.A. DE C.V.",16589,0,0,0,0,16589
517038,15/04/2022,2022,4,C747,YOBI TELECOM,C0747,YOBI TELECOM,"CELMAX MOVIL, S.A. DE C.V.",16118,0,0,0,0,16118
517038,15/05/2022,2022,5,C747,YOBI TELECOM,C0747,YOBI TELECOM,"CELMAX MOVIL, S.A. DE C.V.",16121,0,0,0,0,16121
517038,15/06/2022,2022,6,C747,YOBI TELECOM,C0747,YOBI TELECOM,"CELMAX MOVIL, S.A. DE C.V.",24417,0,0,0,0,24417
517038,15/07/2022,2022,7,C747,YOBI TELECOM,C0747,YOBI TELECOM,"CELMAX MOVIL, S.A. DE C.V.",24936,0,0,0,0,24936
517038,15/08/2022,2022,8,C747,YOBI TELECOM,C0747,YOBI TELECOM,"CELMAX MOVIL, S.A. DE C.V.",25952,0,0,0,0,25952
517038,15/09/2022,2022,9,C747,YOBI TELECOM,C0747,YOBI TELECOM,"CELMAX MOVIL, S.A. DE C.V.",27134,0,0,0,0,27134
517038,15/10/2022,2022,10,C747,YOBI TELECOM,C0747,YOBI TELECOM,"CELMAX MOVIL, S.A. DE C.V.",26248,0,0,0,0,26248
517038,15/11/2022,2022,11,C747,YOBI TELECOM,C0747,YOBI TELECOM,"CELMAX MOVIL, S.A. DE C.V.",25702,0,0,0,0,25702
517038,15/12/2022,2022,12,C747,YOBI TELECOM,C0747,YOBI TELECOM,"CELMAX MOVIL, S.A. DE C.V.",24698,0,0,0,0,24698
517038,15/01/2023,2023,1,C747,YOBI TELECOM,C0747,YOBI TELECOM,"CELMAX MOVIL, S.A. DE C.V.",22442,0,0,0,0,22442
517038,15/02/2023,2023,2,C747,YOBI TELECOM,C0747,YOBI TELECOM,"CELMAX MOVIL, S.A. DE C.V.",20071,0,0,0,0,20071
517038,15/03/2023,2023,3,C747,YOBI TELECOM,C0747,YOBI TELECOM,"CELMAX MOVIL, S.A. DE C.V.",20128,0,0,0,0,20128
517038,15/04/2023,2023,4,C747,YOBI TELECOM,C0747,YOBI TELECOM,"CELMAX MOVIL, S.A. DE C.V.",21204,0,0,0,0,21204
517038,15/05/2023,2023,5,C747,YOBI TELECOM,C0747,YOBI TELECOM,"CELMAX MOVIL, S.A. DE C.V.",22583,0,0,0,0,22583
517038,15/06/2023,2023,6,C747,YOBI TELECOM,C0747,YOBI TELECOM,"CELMAX MOVIL, S.A. DE C.V.",23233,0,0,0,0,23233
517038,15/07/2023,2023,7,C747,YOBI TELECOM,C0747,YOBI TELECOM,"CELMAX MOVIL, S.A. DE C.V.",21369,0,0,0,0,21369
517038,15/08/2023,2023,8,C747,YOBI TELECOM,C0747,YOBI TELECOM,"CELMAX MOVIL, S.A. DE C.V.",20351,0,0,0,0,20351
517038,15/09/2023,2023,9,C747,YOBI TELECOM,C0747,YOBI TELECOM,"CELMAX MOVIL, S.A. DE C.V.",19841,0,0,0,0,19841
517038,15/10/2023,2023,10,C747,YOBI TELECOM,C0747,YOBI TELECOM,"CELMAX MOVIL, S.A. DE C.V.",19561,0,0,0,0,19561
517038,15/11/2023,2023,11,C747,YOBI TELECOM,C0747,YOBI TELECOM,"CELMAX MOVIL, S.A. DE C.V.",19784,0,0,0,0,19784
517038,15/12/2023,2023,12,C747,YOBI TELECOM,C0747,YOBI TELECOM,"CELMAX MOVIL, S.A. DE C.V.",19400,0,0,0,0,19400
517038,15/01/2024,2024,1,C747,YOBI TELECOM,C0747,YOBI TELECOM,"CELMAX MOVIL, S.A. DE C.V.",17308,0,0,0,0,17308
517038,15/02/2024,2024,2,C747,YOBI TELECOM,C0747,YOBI TELECOM,"CELMAX MOVIL, S.A. DE C.V.",16648,0,0,0,0,16648
517038,15/03/2024,2024,3,C747,YOBI TELECOM,C0747,YOBI TELECOM,"CELMAX MOVIL, S.A. DE C.V.",11718,0,0,0,0,11718
517038,15/04/2024,2024,4,C747,YOBI TELECOM,C0747,YOBI TELECOM,"CELMAX MOVIL, S.A. DE C.V.",12145,0,0,0,0,12145
517038,15/05/2024,2024,5,C747,YOBI TELECOM,C0747,YOBI TELECOM,"CELMAX MOVIL, S.A. DE C.V.",12161,0,0,0,0,12161
517038,15/06/2024,2024,6,C747,YOBI TELECOM,C0747,YOBI TELECOM,"CELMAX MOVIL, S.A. DE C.V.",12101,0,0,0,0,12101
517038,15/07/2024,2024,7,C747,YOBI TELECOM,C0747,YOBI TELECOM,"CELMAX MOVIL, S.A. DE C.V.",12113,0,0,0,0,12113
517038,15/08/2024,2024,8,C747,YOBI TELECOM,C0747,YOBI TELECOM,"CELMAX MOVIL, S.A. DE C.V.",12081,0,0,0,0,12081
517038,15/09/2024,2024,9,C747,YOBI TELECOM,C0747,YOBI TELECOM,"CELMAX MOVIL, S.A. DE C.V.",12066,0,0,0,0,12066
517038,15/10/2024,2024,10,C747,YOBI TELECOM,C0747,YOBI TELECOM,"CELMAX MOVIL, S.A. DE C.V.",12110,0,0,0,0,12110
517038,15/11/2024,2024,11,C747,YOBI TELECOM,C0747,YOBI TELECOM,"CELMAX MOVIL, S.A. DE C.V.",12102,0,0,0,0,12102
517038,15/12/2024,2024,12,C747,YOBI TELECOM,C0747,YOBI TELECOM,"CELMAX MOVIL, S.A. DE C.V.",12117,0,0,0,0,12117
517058,15/07/2020,2020,7,C729,NETWEY,C0729,NETWEY,"ISLIM TELCO, S.A.P.I. DE C.V.",0,0,0,0,14,14
517058,15/08/2020,2020,8,C729,NETWEY,C0729,NETWEY,"ISLIM TELCO, S.A.P.I. DE C.V.",0,0,0,0,171,171
517058,15/09/2020,2020,9,C729,NETWEY,C0729,NETWEY,"ISLIM TELCO, S.A.P.I. DE C.V.",0,0,0,0,479,479
517058,15/10/2020,2020,10,C729,NETWEY,C0729,NETWEY,"ISLIM TELCO, S.A.P.I. DE C.V.",0,0,0,0,653,653
517058,15/11/2020,2020,11,C729,NETWEY,C0729,NETWEY,"ISLIM TELCO, S.A.P.I. DE C.V.",0,0,0,0,666,666
517058,15/12/2020,2020,12,C729,NETWEY,C0729,NETWEY,"ISLIM TELCO, S.A.P.I. DE C.V.",0,0,0,0,684,684
517058,15/01/2021,2021,1,C729,NETWEY,C0729,NETWEY,"ISLIM TELCO, S.A.P.I. DE C.V.",0,0,0,0,774,774
517058,15/02/2021,2021,2,C729,NETWEY,C0729,NETWEY,"ISLIM TELCO, S.A.P.I. DE C.V.",0,0,0,0,1040,1040
517058,15/03/2021,2021,3,C729,NETWEY,C0729,NETWEY,"ISLIM TELCO, S.A.P.I. DE C.V.",0,0,0,0,2139,2139
517058,15/04/2021,2021,4,C729,NETWEY,C0729,NETWEY,"ISLIM TELCO, S.A.P.I. DE C.V.",0,0,0,0,4116,4116
517058,15/05/2021,2021,5,C729,NETWEY,C0729,NETWEY,"ISLIM TELCO, S.A.P.I. DE C.V.",0,0,0,0,5548,5548
517058,15/06/2021,2021,6,C729,NETWEY,C0729,NETWEY,"ISLIM TELCO, S.A.P.I. DE C.V.",0,0,0,0,6720,6720
517058,15/07/2021,2021,7,C729,NETWEY,C0729,NETWEY,"ISLIM TELCO, S.A.P.I. DE C.V.",0,0,0,0,6154,6154
517058,15/08/2021,2021,8,C729,NETWEY,C0729,NETWEY,"ISLIM TELCO, S.A.P.I. DE C.V.",0,0,0,0,7293,7293
517058,15/09/2021,2021,9,C729,NETWEY,C0729,NETWEY,"ISLIM TELCO, S.A.P.I. DE C.V.",0,0,0,0,9159,9159
517058,15/10/2021,2021,10,C729,NETWEY,C0729,NETWEY,"ISLIM TELCO, S.A.P.I. DE C.V.",0,0,0,0,11205,11205
517058,15/11/2021,2021,11,C729,NETWEY,C0729,NETWEY,"ISLIM TELCO, S.A.P.I. DE C.V.",0,0,0,0,13749,13749
517058,15/12/2021,2021,12,C729,NETWEY,C0729,NETWEY,"ISLIM TELCO, S.A.P.I. DE C.V.",0,0,0,0,16284,16284
517058,15/10/2022,2022,10,C729,NETWEY,C0729,NETWEY,"ISLIM TELCO, S.A.P.I. DE C.V.",0,0,0,0,25824,25824
517058,15/11/2022,2022,11,C729,NETWEY,C0729,NETWEY,"ISLIM TELCO, S.A.P.I. DE C.V.",0,0,0,0,22788,22788
517058,15/12/2022,2022,12,C729,NETWEY,C0729,NETWEY,"ISLIM TELCO, S.A.P.I. DE C.V.",0,0,0,0,18885,18885
517058,15/01/2023,2023,1,C729,NETWEY,C0729,NETWEY,"ISLIM TELCO, S.A.P.I. DE C.V.",14637,0,0,0,0,14637
517058,15/02/2023,2023,2,C729,NETWEY,C0729,NETWEY,"ISLIM TELCO, S.A.P.I. DE C.V.",12616,0,0,0,0,12616
517058,15/03/2023,2023,3,C729,NETWEY,C0729,NETWEY,"ISLIM TELCO, S.A.P.I. DE C.V.",11542,0,0,0,0,11542
517058,15/04/2023,2023,4,C729,NETWEY,C0729,NETWEY,"ISLIM TELCO, S.A.P.I. DE C.V.",10755,0,0,0,0,10755
517058,15/05/2023,2023,5,C729,NETWEY,C0729,NETWEY,"ISLIM TELCO, S.A.P.I. DE C.V.",10083,0,0,0,0,10083
517058,15/06/2023,2023,6,C729,NETWEY,C0729,NETWEY,"ISLIM TELCO, S.A.P.I. DE C.V.",9447,0,0,0,0,9447
517058,15/07/2023,2023,7,C729,NETWEY,C0729,NETWEY,"ISLIM TELCO, S.A.P.I. DE C.V.",8975,0,0,0,0,8975
517058,15/08/2023,2023,8,C729,NETWEY,C0729,NETWEY,"ISLIM TELCO, S.A.P.I. DE C.V.",8532,0,0,0,0,8532
517058,15/09/2023,2023,9,C729,NETWEY,C0729,NETWEY,"ISLIM TELCO, S.A.P.I. DE C.V.",8125,0,0,0,0,8125
517058,15/10/2023,2023,10,C729,NETWEY,C0729,NETWEY,"ISLIM TELCO, S.A.P.I. DE C.V.",7811,0,0,0,0,7811
517058,15/11/2023,2023,11,C729,NETWEY,C0729,NETWEY,"ISLIM TELCO, S.A.P.I. DE C.V.",7451,0,0,0,0,7451
517058,15/12/2023,2023,12,C729,NETWEY,C0729,NETWEY,"ISLIM TELCO, S.A.P.I. DE C.V.",7112,0,0,0,0,7112
517058,15/01/2024,2024,1,C729,NETWEY,C0729,NETWEY,"ISLIM TELCO, S.A.P.I. DE C.V.",6753,0,0,0,0,6753
517058,15/02/2024,2024,2,C729,NETWEY,C0729,NETWEY,"ISLIM TELCO, S.A.P.I. DE C.V.",6454,0,0,0,0,6454
517058,15/03/2024,2024,3,C729,NETWEY,C0729,NETWEY,"ISLIM TELCO, S.A.P.I. DE C.V.",6111,0,0,0,0,6111
517058,15/04/2024,2024,4,C729,NETWEY,C0729,NETWEY,"ISLIM TELCO, S.A.P.I. DE C.V.",5782,0,0,0,0,5782
517058,15/05/2024,2024,5,C729,NETWEY,C0729,NETWEY,"ISLIM TELCO, S.A.P.I. DE C.V.",5504,0,0,0,0,5504
517058,15/06/2024,2024,6,C729,NETWEY,C0729,NETWEY,"ISLIM TELCO, S.A.P.I. DE C.V.",5144,0,0,0,0,5144
517058,15/07/2024,2024,7,C729,NETWEY,C0729,NETWEY,"ISLIM TELCO, S.A.P.I. DE C.V.",4781,0,0,0,0,4781
517058,15/08/2024,2024,8,C729,NETWEY,C0729,NETWEY,"ISLIM TELCO, S.A.P.I. DE C.V.",4526,0,0,0,0,4526
517058,15/09/2024,2024,9,C729,NETWEY,C0729,NETWEY,"ISLIM TELCO, S.A.P.I. DE C.V.",4302,0,0,0,0,4302
517058,15/10/2024,2024,10,C729,NETWEY,C0729,NETWEY,"ISLIM TELCO, S.A.P.I. DE C.V.",4095,0,0,0,0,4095
517058,15/11/2024,2024,11,C729,NETWEY,C0729,NETWEY,"ISLIM TELCO, S.A.P.I. DE C.V.",3773,0,0,0,0,3773
517058,15/12/2024,2024,12,C729,NETWEY,C0729,NETWEY,"ISLIM TELCO, S.A.P.I. DE C.V.",3212,0,0,0,0,3212
517059,15/05/2020,2020,5,C732,GURUCOMM,C0732,GURUCOMM,"GURUCOMM, S.A.P.I. DE C.V.",0,0,0,0,72,72
517059,15/06/2020,2020,6,C732,GURUCOMM,C0732,GURUCOMM,"GURUCOMM, S.A.P.I. DE C.V.",0,0,0,0,89,89
517059,15/07/2020,2020,7,C732,GURUCOMM,C0732,GURUCOMM,"GURUCOMM, S.A.P.I. DE C.V.",0,0,0,0,65,65
517059,15/08/2020,2020,8,C732,GURUCOMM,C0732,GURUCOMM,"GURUCOMM, S.A.P.I. DE C.V.",0,0,0,0,122,122
517059,15/09/2020,2020,9,C732,GURUCOMM,C0732,GURUCOMM,"GURUCOMM, S.A.P.I. DE C.V.",0,0,0,0,52,52
517059,15/10/2020,2020,10,C732,GURUCOMM,C0732,GURUCOMM,"GURUCOMM, S.A.P.I. DE C.V.",0,0,0,0,46,46
517059,15/11/2020,2020,11,C732,GURUCOMM,C0732,GURUCOMM,"GURUCOMM, S.A.P.I. DE C.V.",0,0,0,0,37,37
517059,15/12/2020,2020,12,C732,GURUCOMM,C0732,GURUCOMM,"GURUCOMM, S.A.P.I. DE C.V.",0,0,0,0,30,30
517059,15/01/2021,2021,1,C732,GURUCOMM,C0732,GURUCOMM,"GURUCOMM, S.A.P.I. DE C.V.",0,0,0,0,349,349
517059,15/02/2021,2021,2,C732,GURUCOMM,C0732,GURUCOMM,"GURUCOMM, S.A.P.I. DE C.V.",0,0,0,0,362,362
517059,15/03/2021,2021,3,C732,GURUCOMM,C0732,GURUCOMM,"GURUCOMM, S.A.P.I. DE C.V.",0,0,0,0,364,364
517059,15/04/2021,2021,4,C732,GURUCOMM,C0732,GURUCOMM,"GURUCOMM, S.A.P.I. DE C.V.",0,0,0,0,369,369
517059,15/05/2021,2021,5,C732,GURUCOMM,C0732,GURUCOMM,"GURUCOMM, S.A.P.I. DE C.V.",0,0,0,0,390,390
517059,15/06/2021,2021,6,C732,GURUCOMM,C0732,GURUCOMM,"GURUCOMM, S.A.P.I. DE C.V.",0,0,0,0,397,397
517059,15/07/2021,2021,7,C732,GURUCOMM,C0732,GURUCOMM,"GURUCOMM, S.A.P.I. DE C.V.",0,0,0,0,382,382
517059,15/08/2021,2021,8,C732,GURUCOMM,C0732,GURUCOMM,"GURUCOMM, S.A.P.I. DE C.V.",0,0,0,0,380,380
517059,15/09/2021,2021,9,C732,GURUCOMM,C0732,GURUCOMM,"GURUCOMM, S.A.P.I. DE C.V.",0,0,0,0,395,395
517059,15/10/2021,2021,10,C732,GURUCOMM,C0732,GURUCOMM,"GURUCOMM, S.A.P.I. DE C.V.",0,0,0,0,391,391
517059,15/11/2021,2021,11,C732,GURUCOMM,C0732,GURUCOMM,"GURUCOMM, S.A.P.I. DE C.V.",0,0,0,0,395,395
517059,15/12/2021,2021,12,C732,GURUCOMM,C0732,GURUCOMM,"GURUCOMM, S.A.P.I. DE C.V.",0,0,0,0,373,373
517059,15/01/2022,2022,1,C732,GURUCOMM,C0732,GURUCOMM,"GURUCOMM, S.A.P.I. DE C.V.",0,0,0,0,1797,1797
517059,15/02/2022,2022,2,C732,GURUCOMM,C0732,GURUCOMM,"GURUCOMM, S.A.P.I. DE C.V.",0,0,0,0,1908,1908
517059,15/03/2022,2022,3,C732,GURUCOMM,C0732,GURUCOMM,"GURUCOMM, S.A.P.I. DE C.V.",0,0,0,0,1938,1938
517059,15/04/2022,2022,4,C732,GURUCOMM,C0732,GURUCOMM,"GURUCOMM, S.A.P.I. DE C.V.",0,0,0,0,1929,1929
517059,15/05/2022,2022,5,C732,GURUCOMM,C0732,GURUCOMM,"GURUCOMM, S.A.P.I. DE C.V.",0,0,0,0,1803,1803
517059,15/06/2022,2022,6,C732,GURUCOMM,C0732,GURUCOMM,"GURUCOMM, S.A.P.I. DE C.V.",0,0,0,0,1846,1846
517059,15/07/2022,2022,7,C732,GURUCOMM,C0732,GURUCOMM,"GURUCOMM, S.A.P.I. DE C.V.",0,0,0,0,1680,1680
517059,15/08/2022,2022,8,C732,GURUCOMM,C0732,GURUCOMM,"GURUCOMM, S.A.P.I. DE C.V.",0,0,0,0,1555,1555
517059,15/09/2022,2022,9,C732,GURUCOMM,C0732,GURUCOMM,"GURUCOMM, S.A.P.I. DE C.V.",0,0,0,0,1331,1331
517059,15/10/2022,2022,10,C732,GURUCOMM,C0732,GURUCOMM,"GURUCOMM, S.A.P.I. DE C.V.",0,0,0,0,1274,1274
517059,15/11/2022,2022,11,C732,GURUCOMM,C0732,GURUCOMM,"GURUCOMM, S.A.P.I. DE C.V.",0,0,0,0,1185,1185
517059,15/12/2022,2022,12,C732,GURUCOMM,C0732,GURUCOMM,"GURUCOMM, S.A.P.I. DE C.V.",0,0,0,0,1134,1134
517059,15/01/2023,2023,1,C732,GURUCOMM,C0732,GURUCOMM,"GURUCOMM, S.A.P.I. DE C.V.",0,0,0,0,1050,1050
517059,15/02/2023,2023,2,C732,GURUCOMM,C0732,GURUCOMM,"GURUCOMM, S.A.P.I. DE C.V.",0,0,0,0,1003,1003
517059,15/03/2023,2023,3,C732,GURUCOMM,C0732,GURUCOMM,"GURUCOMM, S.A.P.I. DE C.V.",0,0,0,0,973,973
517059,15/04/2023,2023,4,C732,GURUCOMM,C0732,GURUCOMM,"GURUCOMM, S.A.P.I. DE C.V.",0,0,0,0,963,963
517059,15/05/2023,2023,5,C732,GURUCOMM,C0732,GURUCOMM,"GURUCOMM, S.A.P.I. DE C.V.",0,0,0,0,945,945
517059,15/06/2023,2023,6,C732,GURUCOMM,C0732,GURUCOMM,"GURUCOMM, S.A.P.I. DE C.V.",0,0,0,0,909,909
517059,15/07/2023,2023,7,C732,GURUCOMM,C0732,GURUCOMM,"GURUCOMM, S.A.P.I. DE C.V.",0,0,0,0,894,894
517059,15/08/2023,2023,8,C732,GURUCOMM,C0732,GURUCOMM,"GURUCOMM, S.A.P.I. DE C.V.",0,0,0,0,889,889
517059,15/09/2023,2023,9,C732,GURUCOMM,C0732,GURUCOMM,"GURUCOMM, S.A.P.I. DE C.V.",0,0,0,0,863,863
517059,15/10/2023,2023,10,C732,GURUCOMM,C0732,GURUCOMM,"GURUCOMM, S.A.P.I. DE C.V.",0,0,0,0,843,843
517059,15/11/2023,2023,11,C732,GURUCOMM,C0732,GURUCOMM,"GURUCOMM, S.A.P.I. DE C.V.",0,0,0,0,803,803
517059,15/12/2023,2023,12,C732,GURUCOMM,C0732,GURUCOMM,"GURUCOMM, S.A.P.I. DE C.V.",0,0,0,0,728,728
517059,15/01/2024,2024,1,C732,GURUCOMM,C0732,GURUCOMM,"GURUCOMM, S.A.P.I. DE C.V.",0,0,0,0,728,728
517059,15/02/2024,2024,2,C732,GURUCOMM,C0732,GURUCOMM,"GURUCOMM, S.A.P.I. DE C.V.",0,0,0,0,651,651
517059,15/03/2024,2024,3,C732,GURUCOMM,C0732,GURUCOMM,"GURUCOMM, S.A.P.I. DE C.V.",0,0,0,0,635,635
517059,15/04/2024,2024,4,C732,GURUCOMM,C0732,GURUCOMM,"GURUCOMM, S.A.P.I. DE C.V.",0,0,0,0,582,582
517059,15/05/2024,2024,5,C732,GURUCOMM,C0732,GURUCOMM,"GURUCOMM, S.A.P.I. DE C.V.",0,0,0,0,567,567
517059,15/06/2024,2024,6,C732,GURUCOMM,C0732,GURUCOMM,"GURUCOMM, S.A.P.I. DE C.V.",0,0,0,0,498,498
517059,15/07/2024,2024,7,C732,GURUCOMM,C0732,GURUCOMM,"GURUCOMM, S.A.P.I. DE C.V.",0,0,0,0,474,474
517059,15/08/2024,2024,8,C732,GURUCOMM,C0732,GURUCOMM,"GURUCOMM, S.A.P.I. DE C.V.",0,0,0,0,468,468
517059,15/09/2024,2024,9,C732,GURUCOMM,C0732,GURUCOMM,"GURUCOMM, S.A.P.I. DE C.V.",0,0,0,0,458,458
517059,15/10/2024,2024,10,C732,GURUCOMM,C0732,GURUCOMM,"GURUCOMM, S.A.P.I. DE C.V.",0,0,0,0,451,451
517059,15/11/2024,2024,11,C732,GURUCOMM,C0732,GURUCOMM,"GURUCOMM, S.A.P.I. DE C.V.",0,0,0,0,439,439
517059,15/12/2024,2024,12,C732,GURUCOMM,C0732,GURUCOMM,"GURUCOMM, S.A.P.I. DE C.V.",0,0,0,0,443,443
517149,15/11/2020,2020,11,C730,EDILAR,C0730,EDILAR,"EDILAR, S.A. DE C.V.",0,0,0,0,215,215
517149,15/12/2020,2020,12,C730,EDILAR,C0730,EDILAR,"EDILAR, S.A. DE C.V.",0,0,0,0,514,514
517149,15/01/2021,2021,1,C730,EDILAR,C0730,EDILAR,"EDILAR, S.A. DE C.V.",0,0,0,0,811,811
517149,15/02/2021,2021,2,C730,EDILAR,C0730,EDILAR,"EDILAR, S.A. DE C.V.",0,0,0,0,930,930
517149,15/03/2021,2021,3,C730,EDILAR,C0730,EDILAR,"EDILAR, S.A. DE C.V.",0,0,0,0,1106,1106
517149,15/04/2021,2021,4,C730,EDILAR,C0730,EDILAR,"EDILAR, S.A. DE C.V.",0,0,0,0,1240,1240
517149,15/05/2021,2021,5,C730,EDILAR,C0730,EDILAR,"EDILAR, S.A. DE C.V.",0,0,0,0,1333,1333
517149,15/06/2021,2021,6,C730,EDILAR,C0730,EDILAR,"EDILAR, S.A. DE C.V.",0,0,0,0,1429,1429
517149,15/07/2021,2021,7,C730,EDILAR,C0730,EDILAR,"EDILAR, S.A. DE C.V.",0,0,0,0,1535,1535
517149,15/08/2021,2021,8,C730,EDILAR,C0730,EDILAR,"EDILAR, S.A. DE C.V.",0,0,0,0,1714,1714
517149,15/09/2021,2021,9,C730,EDILAR,C0730,EDILAR,"EDILAR, S.A. DE C.V.",0,0,0,0,1889,1889
517149,15/10/2021,2021,10,C730,EDILAR,C0730,EDILAR,"EDILAR, S.A. DE C.V.",0,0,0,0,2016,2016
517149,15/11/2021,2021,11,C730,EDILAR,C0730,EDILAR,"EDILAR, S.A. DE C.V.",0,0,0,0,2097,2097
517149,15/12/2021,2021,12,C730,EDILAR,C0730,EDILAR,"EDILAR, S.A. DE C.V.",0,0,0,0,2178,2178
517149,15/01/2023,2023,1,C730,EDILAR,C0730,EDILAR,"EDILAR, S.A. DE C.V.",0,0,0,0,54383,54383
517149,15/02/2023,2023,2,C730,EDILAR,C0730,EDILAR,"EDILAR, S.A. DE C.V.",0,0,0,0,56790,56790
517149,15/03/2023,2023,3,C730,EDILAR,C0730,EDILAR,"EDILAR, S.A. DE C.V.",0,0,0,0,58709,58709
517149,15/04/2023,2023,4,C730,EDILAR,C0730,EDILAR,"EDILAR, S.A. DE C.V.",61197,0,0,0,0,61197
517149,15/05/2023,2023,5,C730,EDILAR,C0730,EDILAR,"EDILAR, S.A. DE C.V.",68310,0,0,0,0,68310
517149,15/06/2023,2023,6,C730,EDILAR,C0730,EDILAR,"EDILAR, S.A. DE C.V.",71407,0,0,0,0,71407
517149,15/07/2023,2023,7,C730,EDILAR,C0730,EDILAR,"EDILAR, S.A. DE C.V.",71311,0,0,0,0,71311
517149,15/08/2023,2023,8,C730,EDILAR,C0730,EDILAR,"EDILAR, S.A. DE C.V.",58932,0,0,0,0,58932
517149,15/09/2023,2023,9,C730,EDILAR,C0730,EDILAR,"EDILAR, S.A. DE C.V.",59334,0,0,0,0,59334
517149,15/10/2023,2023,10,C730,EDILAR,C0730,EDILAR,"EDILAR, S.A. DE C.V.",59428,0,0,0,0,59428
517149,15/11/2023,2023,11,C730,EDILAR,C0730,EDILAR,"EDILAR, S.A. DE C.V.",59805,0,0,0,0,59805
517149,15/12/2023,2023,12,C730,EDILAR,C0730,EDILAR,"EDILAR, S.A. DE C.V.",60005,0,0,0,0,60005
517149,15/01/2024,2024,1,C730,EDILAR,C0730,EDILAR,"EDILAR, S.A. DE C.V.",62558,0,0,0,0,62558
517149,15/02/2024,2024,2,C730,EDILAR,C0730,EDILAR,"EDILAR, S.A. DE C.V.",66233,0,0,0,0,66233
517149,15/03/2024,2024,3,C730,EDILAR,C0730,EDILAR,"EDILAR, S.A. DE C.V.",67117,0,0,0,0,67117
517149,15/04/2024,2024,4,C730,EDILAR,C0730,EDILAR,"EDILAR, S.A. DE C.V.",73124,0,0,0,0,73124
517149,15/05/2024,2024,5,C730,EDILAR,C0730,EDILAR,"EDILAR, S.A. DE C.V.",73890,0,0,0,0,73890
517149,15/06/2024,2024,6,C730,EDILAR,C0730,EDILAR,"EDILAR, S.A. DE C.V.",72407,0,0,0,0,72407
517149,15/07/2024,2024,7,C730,EDILAR,C0730,EDILAR,"EDILAR, S.A. DE C.V.",71238,0,0,0,0,71238
517149,15/08/2024,2024,8,C730,EDILAR,C0730,EDILAR,"EDILAR, S.A. DE C.V.",70056,0,0,0,0,70056
517149,15/09/2024,2024,9,C730,EDILAR,C0730,EDILAR,"EDILAR, S.A. DE C.V.",69305,0,0,0,0,69305
517149,15/10/2024,2024,10,C730,EDILAR,C0730,EDILAR,"EDILAR, S.A. DE C.V.",68725,0,0,0,0,68725
517149,15/11/2024,2024,11,C730,EDILAR,C0730,EDILAR,"EDILAR, S.A. DE C.V.",68744,0,0,0,0,68744
517149,15/12/2024,2024,12,C730,EDILAR,C0730,EDILAR,"EDILAR, S.A. DE C.V.",69153,0,0,0,0,69153
517573,15/01/2021,2021,1,C746,ADDINTELI,C0746,ADDINTELI,"AGREGADORA DE INTELIGENCIA EN NEGOCIOS TECNOLOGICOS, S.A. DE C.V.",0,0,0,0,242,242
517573,15/02/2021,2021,2,C746,ADDINTELI,C0746,ADDINTELI,"AGREGADORA DE INTELIGENCIA EN NEGOCIOS TECNOLOGICOS, S.A. DE C.V.",0,0,0,0,878,878
517573,15/03/2021,2021,3,C746,ADDINTELI,C0746,ADDINTELI,"AGREGADORA DE INTELIGENCIA EN NEGOCIOS TECNOLOGICOS, S.A. DE C.V.",0,0,0,0,1939,1939
517573,15/04/2021,2021,4,C746,ADDINTELI,C0746,ADDINTELI,"AGREGADORA DE INTELIGENCIA EN NEGOCIOS TECNOLOGICOS, S.A. DE C.V.",0,0,0,0,2652,2652
517573,15/05/2021,2021,5,C746,ADDINTELI,C0746,ADDINTELI,"AGREGADORA DE INTELIGENCIA EN NEGOCIOS TECNOLOGICOS, S.A. DE C.V.",0,0,0,0,2027,2027
517573,15/06/2021,2021,6,C746,ADDINTELI,C0746,ADDINTELI,"AGREGADORA DE INTELIGENCIA EN NEGOCIOS TECNOLOGICOS, S.A. DE C.V.",0,0,0,0,3448,3448
517573,15/07/2021,2021,7,C746,ADDINTELI,C0746,ADDINTELI,"AGREGADORA DE INTELIGENCIA EN NEGOCIOS TECNOLOGICOS, S.A. DE C.V.",0,0,0,0,2745,2745
517573,15/08/2021,2021,8,C746,ADDINTELI,C0746,ADDINTELI,"AGREGADORA DE INTELIGENCIA EN NEGOCIOS TECNOLOGICOS, S.A. DE C.V.",0,0,0,0,3037,3037
517573,15/09/2021,2021,9,C746,ADDINTELI,C0746,ADDINTELI,"AGREGADORA DE INTELIGENCIA EN NEGOCIOS TECNOLOGICOS, S.A. DE C.V.",0,0,0,0,3217,3217
517573,15/10/2021,2021,10,C746,ADDINTELI,C0746,ADDINTELI,"AGREGADORA DE INTELIGENCIA EN NEGOCIOS TECNOLOGICOS, S.A. DE C.V.",0,0,0,0,3526,3526
517573,15/11/2021,2021,11,C746,ADDINTELI,C0746,ADDINTELI,"AGREGADORA DE INTELIGENCIA EN NEGOCIOS TECNOLOGICOS, S.A. DE C.V.",0,0,0,0,4819,4819
517573,15/12/2021,2021,12,C746,ADDINTELI,C0746,ADDINTELI,"AGREGADORA DE INTELIGENCIA EN NEGOCIOS TECNOLOGICOS, S.A. DE C.V.",0,0,0,0,2027,2027
517573,15/01/2023,2023,1,C746,ADDINTELI,C0746,ADDINTELI,"AGREGADORA DE INTELIGENCIA EN NEGOCIOS TECNOLOGICOS, S.A. DE C.V.",0,0,0,0,2153,2153
517573,15/02/2023,2023,2,C746,ADDINTELI,C0746,ADDINTELI,"AGREGADORA DE INTELIGENCIA EN NEGOCIOS TECNOLOGICOS, S.A. DE C.V.",0,0,0,0,6451,6451
517573,15/03/2023,2023,3,C746,ADDINTELI,C0746,ADDINTELI,"AGREGADORA DE INTELIGENCIA EN NEGOCIOS TECNOLOGICOS, S.A. DE C.V.",0,0,0,0,12058,12058
517573,15/04/2023,2023,4,C746,ADDINTELI,C0746,ADDINTELI,"AGREGADORA DE INTELIGENCIA EN NEGOCIOS TECNOLOGICOS, S.A. DE C.V.",0,0,0,0,6096,6096
517573,15/05/2023,2023,5,C746,ADDINTELI,C0746,ADDINTELI,"AGREGADORA DE INTELIGENCIA EN NEGOCIOS TECNOLOGICOS, S.A. DE C.V.",0,0,0,0,7161,7161
517573,15/06/2023,2023,6,C746,ADDINTELI,C0746,ADDINTELI,"AGREGADORA DE INTELIGENCIA EN NEGOCIOS TECNOLOGICOS, S.A. DE C.V.",0,0,0,0,7729,7729
517573,15/07/2023,2023,7,C746,ADDINTELI,C0746,ADDINTELI,"AGREGADORA DE INTELIGENCIA EN NEGOCIOS TECNOLOGICOS, S.A. DE C.V.",0,0,0,0,9680,9680
517573,15/08/2023,2023,8,C746,ADDINTELI,C0746,ADDINTELI,"AGREGADORA DE INTELIGENCIA EN NEGOCIOS TECNOLOGICOS, S.A. DE C.V.",0,0,0,0,10295,10295
517573,15/09/2023,2023,9,C746,ADDINTELI,C0746,ADDINTELI,"AGREGADORA DE INTELIGENCIA EN NEGOCIOS TECNOLOGICOS, S.A. DE C.V.",0,0,0,0,10415,10415
517573,15/10/2023,2023,10,C746,ADDINTELI,C0746,ADDINTELI,"AGREGADORA DE INTELIGENCIA EN NEGOCIOS TECNOLOGICOS, S.A. DE C.V.",0,0,0,0,10237,10237
517573,15/11/2023,2023,11,C746,ADDINTELI,C0746,ADDINTELI,"AGREGADORA DE INTELIGENCIA EN NEGOCIOS TECNOLOGICOS, S.A. DE C.V.",0,0,0,0,10549,10549
517573,15/12/2023,2023,12,C746,ADDINTELI,C0746,ADDINTELI,"AGREGADORA DE INTELIGENCIA EN NEGOCIOS TECNOLOGICOS, S.A. DE C.V.",0,0,0,0,10663,10663
517573,15/07/2024,2024,7,C746,ADDINTELI,C0746,ADDINTELI,"AGREGADORA DE INTELIGENCIA EN NEGOCIOS TECNOLOGICOS, S.A. DE C.V.",0,0,0,0,11888,11888
517573,15/08/2024,2024,8,C746,ADDINTELI,C0746,ADDINTELI,"AGREGADORA DE INTELIGENCIA EN NEGOCIOS TECNOLOGICOS, S.A. DE C.V.",0,0,0,0,8821,8821
517573,15/09/2024,2024,9,C746,ADDINTELI,C0746,ADDINTELI,"AGREGADORA DE INTELIGENCIA EN NEGOCIOS TECNOLOGICOS, S.A. DE C.V.",0,0,0,0,8732,8732
517573,15/10/2024,2024,10,C746,ADDINTELI,C0746,ADDINTELI,"AGREGADORA DE INTELIGENCIA EN NEGOCIOS TECNOLOGICOS, S.A. DE C.V.",0,0,0,0,11140,11140
517573,15/11/2024,2024,11,C746,ADDINTELI,C0746,ADDINTELI,"AGREGADORA DE INTELIGENCIA EN NEGOCIOS TECNOLOGICOS, S.A. DE C.V.",0,0,0,0,9736,9736
517573,15/12/2024,2024,12,C746,ADDINTELI,C0746,ADDINTELI,"AGREGADORA DE INTELIGENCIA EN NEGOCIOS TECNOLOGICOS, S.A. DE C.V.",0,0,0,0,9966,9966
517649,15/01/2021,2021,1,C756,DIRI MOVIL,C0756,DIRI MOVIL,"DIRI TELECOMUNICACIONES, S.A. DE C.V.",0,0,0,0,51036,51036
517649,15/02/2021,2021,2,C756,DIRI MOVIL,C0756,DIRI MOVIL,"DIRI TELECOMUNICACIONES, S.A. DE C.V.",0,0,0,0,57071,57071
517649,15/03/2021,2021,3,C756,DIRI MOVIL,C0756,DIRI MOVIL,"DIRI TELECOMUNICACIONES, S.A. DE C.V.",0,0,0,0,60890,60890
517649,15/04/2021,2021,4,C756,DIRI MOVIL,C0756,DIRI MOVIL,"DIRI TELECOMUNICACIONES, S.A. DE C.V.",0,0,0,0,64454,64454
517649,15/05/2021,2021,5,C756,DIRI MOVIL,C0756,DIRI MOVIL,"DIRI TELECOMUNICACIONES, S.A. DE C.V.",0,0,0,0,70772,70772
517649,15/06/2021,2021,6,C756,DIRI MOVIL,C0756,DIRI MOVIL,"DIRI TELECOMUNICACIONES, S.A. DE C.V.",0,0,0,0,78198,78198
517649,15/07/2021,2021,7,C756,DIRI MOVIL,C0756,DIRI MOVIL,"DIRI TELECOMUNICACIONES, S.A. DE C.V.",0,0,0,0,85622,85622
517649,15/08/2021,2021,8,C756,DIRI MOVIL,C0756,DIRI MOVIL,"DIRI TELECOMUNICACIONES, S.A. DE C.V.",0,0,0,0,103833,103833
517649,15/09/2021,2021,9,C756,DIRI MOVIL,C0756,DIRI MOVIL,"DIRI TELECOMUNICACIONES, S.A. DE C.V.",0,0,0,0,119158,119158
517649,15/10/2021,2021,10,C756,DIRI MOVIL,C0756,DIRI MOVIL,"DIRI TELECOMUNICACIONES, S.A. DE C.V.",0,0,0,0,124486,124486
517649,15/11/2021,2021,11,C756,DIRI MOVIL,C0756,DIRI MOVIL,"DIRI TELECOMUNICACIONES, S.A. DE C.V.",0,0,0,0,129998,129998
517649,15/12/2021,2021,12,C756,DIRI MOVIL,C0756,DIRI MOVIL,"DIRI TELECOMUNICACIONES, S.A. DE C.V.",0,0,0,0,135781,135781
517649,15/01/2022,2022,1,C756,DIRI MOVIL,C0756,DIRI MOVIL,"DIRI TELECOMUNICACIONES, S.A. DE C.V.",114863,0,0,19369,0,134232
517649,15/02/2022,2022,2,C756,DIRI MOVIL,C0756,DIRI MOVIL,"DIRI TELECOMUNICACIONES, S.A. DE C.V.",94623,0,0,17940,0,112563
517649,15/03/2022,2022,3,C756,DIRI MOVIL,C0756,DIRI MOVIL,"DIRI TELECOMUNICACIONES, S.A. DE C.V.",84075,0,0,18434,0,102509
517649,15/04/2022,2022,4,C756,DIRI MOVIL,C0756,DIRI MOVIL,"DIRI TELECOMUNICACIONES, S.A. DE C.V.",87776,0,0,18775,0,106551
517649,15/05/2022,2022,5,C756,DIRI MOVIL,C0756,DIRI MOVIL,"DIRI TELECOMUNICACIONES, S.A. DE C.V.",92408,0,0,18324,0,110732
517649,15/06/2022,2022,6,C756,DIRI MOVIL,C0756,DIRI MOVIL,"DIRI TELECOMUNICACIONES, S.A. DE C.V.",97391,0,0,18579,0,115970
517649,15/07/2022,2022,7,C756,DIRI MOVIL,C0756,BUZZ,"DIRI TELECOMUNICACIONES, S.A. DE C.V.",103431,0,0,18917,0,122348
517649,15/08/2022,2022,8,C756,DIRI MOVIL,C0756,BUZZ,"DIRI TELECOMUNICACIONES, S.A. DE C.V.",109107,0,0,19253,0,128360
517649,15/09/2022,2022,9,C756,DIRI MOVIL,C0756,BUZZ,"DIRI TELECOMUNICACIONES, S.A. DE C.V.",119341,0,0,19309,0,138650
517649,15/10/2022,2022,10,C756,DIRI MOVIL,C0756,BUZZ,"DIRI TELECOMUNICACIONES, S.A. DE C.V.",137446,0,0,20037,0,157483
517649,15/11/2022,2022,11,C756,DIRI MOVIL,C0756,BUZZ,"DIRI TELECOMUNICACIONES, S.A. DE C.V.",146138,0,0,20183,0,166321
517649,15/12/2022,2022,12,C756,DIRI MOVIL,C0756,BUZZ,"DIRI TELECOMUNICACIONES, S.A. DE C.V.",155089,0,0,19917,0,175006
517649,15/01/2023,2023,1,C756,DIRI MOVIL,C0756,BUZZ,"DIRI TELECOMUNICACIONES, S.A. DE C.V.",174508,0,0,19784,0,194292
517649,15/02/2023,2023,2,C756,DIRI MOVIL,C0756,BUZZ,"DIRI TELECOMUNICACIONES, S.A. DE C.V.",157721,0,0,18286,0,176007
517649,15/03/2023,2023,3,C756,DIRI MOVIL,C0756,BUZZ,"DIRI TELECOMUNICACIONES, S.A. DE C.V.",174286,0,0,18100,0,192386
517649,15/04/2023,2023,4,C756,DIRI MOVIL,C0756,BUZZ,"DIRI TELECOMUNICACIONES, S.A. DE C.V.",171728,0,0,18607,0,190335
517649,15/05/2023,2023,5,C756,DIRI MOVIL,C0756,BUZZ,"DIRI TELECOMUNICACIONES, S.A. DE C.V.",191741,0,0,18477,0,210218
517649,15/06/2023,2023,6,C756,DIRI MOVIL,C0756,BUZZ,"DIRI TELECOMUNICACIONES, S.A. DE C.V.",201558,0,0,18650,0,220208
517649,15/07/2023,2023,7,C756,DIRI MOVIL,C0756,BUZZ,"DIRI TELECOMUNICACIONES, S.A. DE C.V.",171717,0,0,18314,0,190031
517649,15/08/2023,2023,8,C756,DIRI MOVIL,C0756,BUZZ,"DIRI TELECOMUNICACIONES, S.A. DE C.V.",195048,0,0,18208,0,213256
517649,15/09/2023,2023,9,C756,DIRI MOVIL,C0756,BUZZ,"DIRI TELECOMUNICACIONES, S.A. DE C.V.",219454,0,0,17967,0,237421
517649,15/10/2023,2023,10,C756,DIRI MOVIL,C0756,BUZZ,"DIRI TELECOMUNICACIONES, S.A. DE C.V.",173341,0,0,18620,0,191961
517649,15/11/2023,2023,11,C756,DIRI MOVIL,C0756,BUZZ,"DIRI TELECOMUNICACIONES, S.A. DE C.V.",195387,0,0,18588,0,213975
517649,15/12/2023,2023,12,C756,DIRI MOVIL,C0756,BUZZ,"DIRI TELECOMUNICACIONES, S.A. DE C.V.",217840,0,0,18107,0,235947
517649,15/01/2024,2024,1,C756,DIRI MOVIL,C0756,BUZZ,"DIRI TELECOMUNICACIONES, S.A. DE C.V.",211964,0,0,18428,0,230392
517649,15/02/2024,2024,2,C756,DIRI MOVIL,C0756,BUZZ,"DIRI TELECOMUNICACIONES, S.A. DE C.V.",184386,0,0,18299,0,202685
517649,15/03/2024,2024,3,C756,DIRI MOVIL,C0756,BUZZ,"DIRI TELECOMUNICACIONES, S.A. DE C.V.",172850,0,0,16584,0,189434
517649,15/04/2024,2024,4,C756,DIRI MOVIL,C0756,BUZZ,"DIRI TELECOMUNICACIONES, S.A. DE C.V.",190868,0,0,18647,0,209515
517649,15/05/2024,2024,5,C756,DIRI MOVIL,C0756,BUZZ,"DIRI TELECOMUNICACIONES, S.A. DE C.V.",194059,0,0,18498,0,212557
517649,15/06/2024,2024,6,C756,DIRI MOVIL,C0756,BUZZ,"DIRI TELECOMUNICACIONES, S.A. DE C.V.",172494,0,0,18444,0,190938
517649,15/07/2024,2024,7,C756,DIRI MOVIL,C0756,BUZZ,"DIRI TELECOMUNICACIONES, S.A. DE C.V.",168349,0,0,18394,0,186743
517649,15/08/2024,2024,8,C756,DIRI MOVIL,C0756,BUZZ,"DIRI TELECOMUNICACIONES, S.A. DE C.V.",171935,0,0,18322,0,190257
517649,15/09/2024,2024,9,C756,DIRI MOVIL,C0756,BUZZ,"DIRI TELECOMUNICACIONES, S.A. DE C.V.",172831,0,0,18689,0,191520
517649,15/10/2024,2024,10,C756,DIRI MOVIL,C0756,BUZZ,"DIRI TELECOMUNICACIONES, S.A. DE C.V.",173712,0,0,17990,0,191702
517649,15/11/2024,2024,11,C756,DIRI MOVIL,C0756,BUZZ,"DIRI TELECOMUNICACIONES, S.A. DE C.V.",165413,0,0,20022,0,185435
517649,15/12/2024,2024,12,C756,DIRI MOVIL,C0756,BUZZ,"DIRI TELECOMUNICACIONES, S.A. DE C.V.",159238,0,0,19941,0,179179
517654,15/01/2021,2021,1,C826,IGOU TELECOM,C0826,IGOU TELECOM,"SOLUCIONES Y ASESORIA EN COBRANZA, S. DE R.L. DE C.V.",0,0,0,0,10,10
517654,15/02/2021,2021,2,C826,IGOU TELECOM,C0826,IGOU TELECOM,"SOLUCIONES Y ASESORIA EN COBRANZA, S. DE R.L. DE C.V.",0,0,0,0,10,10
517654,15/03/2021,2021,3,C826,IGOU TELECOM,C0826,IGOU TELECOM,"SOLUCIONES Y ASESORIA EN COBRANZA, S. DE R.L. DE C.V.",0,0,0,0,14,14
517654,15/04/2021,2021,4,C826,IGOU TELECOM,C0826,IGOU TELECOM,"SOLUCIONES Y ASESORIA EN COBRANZA, S. DE R.L. DE C.V.",0,0,0,0,6,6
517654,15/05/2021,2021,5,C826,IGOU TELECOM,C0826,IGOU TELECOM,"SOLUCIONES Y ASESORIA EN COBRANZA, S. DE R.L. DE C.V.",0,0,0,0,22,22
517654,15/06/2021,2021,6,C826,IGOU TELECOM,C0826,IGOU TELECOM,"SOLUCIONES Y ASESORIA EN COBRANZA, S. DE R.L. DE C.V.",0,0,0,0,21,21
517654,15/07/2021,2021,7,C826,IGOU TELECOM,C0826,IGOU TELECOM,"SOLUCIONES Y ASESORIA EN COBRANZA, S. DE R.L. DE C.V.",0,0,0,0,35,35
517654,15/08/2021,2021,8,C826,IGOU TELECOM,C0826,IGOU TELECOM,"SOLUCIONES Y ASESORIA EN COBRANZA, S. DE R.L. DE C.V.",0,0,0,0,43,43
517654,15/09/2021,2021,9,C826,IGOU TELECOM,C0826,IGOU TELECOM,"SOLUCIONES Y ASESORIA EN COBRANZA, S. DE R.L. DE C.V.",0,0,0,0,47,47
517654,15/10/2021,2021,10,C826,IGOU TELECOM,C0826,IGOU TELECOM,"SOLUCIONES Y ASESORIA EN COBRANZA, S. DE R.L. DE C.V.",0,0,0,0,238,238
517654,15/11/2021,2021,11,C826,IGOU TELECOM,C0826,IGOU TELECOM,"SOLUCIONES Y ASESORIA EN COBRANZA, S. DE R.L. DE C.V.",0,0,0,0,153,153
517654,15/12/2021,2021,12,C826,IGOU TELECOM,C0826,IGOU TELECOM,"SOLUCIONES Y ASESORIA EN COBRANZA, S. DE R.L. DE C.V.",0,0,0,0,88,88
517751,15/09/2023,2023,9,C863,ALISTEL,C0863,ALISTEL,"ALISTEL, S.A.P.I. DE C.V.",0,0,0,0,122,122
517751,15/10/2023,2023,10,C863,ALISTEL,C0863,ALISTEL,"ALISTEL, S.A.P.I. DE C.V.",0,0,0,0,113,113
517751,15/11/2023,2023,11,C863,ALISTEL,C0863,ALISTEL,"ALISTEL, S.A.P.I. DE C.V.",0,0,0,0,131,131
517751,15/12/2023,2023,12,C863,ALISTEL,C0863,ALISTEL,"ALISTEL, S.A.P.I. DE C.V.",0,0,0,0,136,136
517944,15/01/2022,2022,1,C753,ROCKETEL,C0753,ROCKETEL,"ROCKETEL, S.A.P.I. DE C.V.",21950,0,0,0,0,21950
517944,15/02/2022,2022,2,C753,ROCKETEL,C0753,ROCKETEL,"ROCKETEL, S.A.P.I. DE C.V.",20165,0,0,0,0,20165
517944,15/03/2022,2022,3,C753,ROCKETEL,C0753,ROCKETEL,"ROCKETEL, S.A.P.I. DE C.V.",21047,0,0,0,0,21047
517944,15/04/2022,2022,4,C753,ROCKETEL,C0753,ROCKETEL,"ROCKETEL, S.A.P.I. DE C.V.",17056,0,0,0,0,17056
517944,15/05/2022,2022,5,C753,ROCKETEL,C0753,ROCKETEL,"ROCKETEL, S.A.P.I. DE C.V.",20255,0,0,0,0,20255
517944,15/06/2022,2022,6,C753,ROCKETEL,C0753,ROCKETEL,"ROCKETEL, S.A.P.I. DE C.V.",21751,0,0,0,0,21751
517944,15/07/2022,2022,7,C753,ROCKETEL,C0753,ROCKETEL,"ROCKETEL, S.A.P.I. DE C.V.",100455,0,0,0,0,100455
517944,15/08/2022,2022,8,C753,ROCKETEL,C0753,ROCKETEL,"ROCKETEL, S.A.P.I. DE C.V.",110088,0,0,0,0,110088
517944,15/09/2022,2022,9,C753,ROCKETEL,C0753,ROCKETEL,"ROCKETEL, S.A.P.I. DE C.V.",118838,0,0,0,0,118838
517944,15/10/2022,2022,10,C753,ROCKETEL,C0753,ROCKETEL,"ROCKETEL, S.A.P.I. DE C.V.",142321,0,0,0,0,142321
517944,15/11/2022,2022,11,C753,ROCKETEL,C0753,ROCKETEL,"ROCKETEL, S.A.P.I. DE C.V.",124570,0,0,0,0,124570
517944,15/12/2022,2022,12,C753,ROCKETEL,C0753,ROCKETEL,"ROCKETEL, S.A.P.I. DE C.V.",118807,0,0,0,0,118807
517944,15/01/2023,2023,1,C753,ROCKETEL,C0753,ROCKETEL,"ROCKETEL, S.A.P.I. DE C.V.",116457,0,0,0,0,116457
517944,15/02/2023,2023,2,C753,ROCKETEL,C0753,ROCKETEL,"ROCKETEL, S.A.P.I. DE C.V.",107383,0,0,0,0,107383
517944,15/03/2023,2023,3,C753,ROCKETEL,C0753,ROCKETEL,"ROCKETEL, S.A.P.I. DE C.V.",119952,0,0,0,0,119952
517944,15/04/2023,2023,4,C753,ROCKETEL,C0753,ROCKETEL,"ROCKETEL, S.A.P.I. DE C.V.",115890,0,0,0,0,115890
517944,15/05/2023,2023,5,C753,ROCKETEL,C0753,ROCKETEL,"ROCKETEL, S.A.P.I. DE C.V.",121539,0,0,0,0,121539
517944,15/06/2023,2023,6,C753,ROCKETEL,C0753,ROCKETEL,"ROCKETEL, S.A.P.I. DE C.V.",121425,0,0,0,0,121425
517944,15/07/2023,2023,7,C753,ROCKETEL,C0753,ROCKETEL,"ROCKETEL, S.A.P.I. DE C.V.",126519,0,0,0,0,126519
517944,15/08/2023,2023,8,C753,ROCKETEL,C0753,ROCKETEL,"ROCKETEL, S.A.P.I. DE C.V.",129544,0,0,0,0,129544
517944,15/09/2023,2023,9,C753,ROCKETEL,C0753,ROCKETEL,"ROCKETEL, S.A.P.I. DE C.V.",127451,0,0,0,0,127451
517944,15/10/2023,2023,10,C753,ROCKETEL,C0753,ROCKETEL,"ROCKETEL, S.A.P.I. DE C.V.",143520,0,0,0,0,143520
517944,15/11/2023,2023,11,C753,ROCKETEL,C0753,ROCKETEL,"ROCKETEL, S.A.P.I. DE C.V.",137345,0,0,0,0,137345
517944,15/12/2023,2023,12,C753,ROCKETEL,C0753,ROCKETEL,"ROCKETEL, S.A.P.I. DE C.V.",144741,0,0,0,0,144741
517944,15/01/2024,2024,1,C753,ROCKETEL,C0753,ROCKETEL,"ROCKETEL, S.A.P.I. DE C.V.",138988,0,0,0,0,138988
517944,15/02/2024,2024,2,C753,ROCKETEL,C0753,ROCKETEL,"ROCKETEL, S.A.P.I. DE C.V.",134630,0,0,0,0,134630
517944,15/03/2024,2024,3,C753,ROCKETEL,C0753,ROCKETEL,"ROCKETEL, S.A.P.I. DE C.V.",139720,0,0,0,0,139720
517944,15/04/2024,2024,4,C753,ROCKETEL,C0753,ROCKETEL,"ROCKETEL, S.A.P.I. DE C.V.",138485,0,0,0,0,138485
517944,15/05/2024,2024,5,C753,ROCKETEL,C0753,ROCKETEL,"ROCKETEL, S.A.P.I. DE C.V.",132421,0,0,0,0,132421
517944,15/06/2024,2024,6,C753,ROCKETEL,C0753,ROCKETEL,"ROCKETEL, S.A.P.I. DE C.V.",124844,0,0,0,0,124844
517944,15/07/2024,2024,7,C753,ROCKETEL,C0753,ROCKETEL,"ROCKETEL, S.A.P.I. DE C.V.",121729,0,0,0,0,121729
517944,15/08/2024,2024,8,C753,ROCKETEL,C0753,ROCKETEL,"ROCKETEL, S.A.P.I. DE C.V.",119745,0,0,0,0,119745
517944,15/09/2024,2024,9,C753,ROCKETEL,C0753,ROCKETEL,"ROCKETEL, S.A.P.I. DE C.V.",128106,0,0,0,0,128106
517944,15/10/2024,2024,10,C753,ROCKETEL,C0753,ROCKETEL,"ROCKETEL, S.A.P.I. DE C.V.",124919,0,0,0,0,124919
517944,15/11/2024,2024,11,C753,ROCKETEL,C0753,ROCKETEL,"ROCKETEL, S.A.P.I. DE C.V.",113507,0,0,0,0,113507
517944,15/12/2024,2024,12,C753,ROCKETEL,C0753,ROCKETEL,"ROCKETEL, S.A.P.I. DE C.V.",115478,0,0,0,0,115478
517975,15/01/2021,2021,1,C751,NEWWW,C0751,NEWWW,"TALENTO NET, S. DE R.L. DE C.V.",14429,0,34,0,0,14463
517975,15/02/2021,2021,2,C751,NEWWW,C0751,NEWWW,"TALENTO NET, S. DE R.L. DE C.V.",12075,0,10,0,0,12085
517975,15/03/2021,2021,3,C751,NEWWW,C0751,NEWWW,"TALENTO NET, S. DE R.L. DE C.V.",18026,0,106,0,0,18132
517975,15/04/2021,2021,4,C751,NEWWW,C0751,NEWWW,"TALENTO NET, S. DE R.L. DE C.V.",11469,0,54,0,0,11523
517975,15/05/2021,2021,5,C751,NEWWW,C0751,NEWWW,"TALENTO NET, S. DE R.L. DE C.V.",12871,0,408,0,0,13279
517975,15/06/2021,2021,6,C751,NEWWW,C0751,NEWWW,"TALENTO NET, S. DE R.L. DE C.V.",7841,0,7,0,0,7848
517975,15/07/2021,2021,7,C751,NEWWW,C0751,NEWWW,"TALENTO NET, S. DE R.L. DE C.V.",7160,0,11,0,0,7171
517975,15/08/2021,2021,8,C751,NEWWW,C0751,NEWWW,"TALENTO NET, S. DE R.L. DE C.V.",10000,0,7,0,0,10007
517975,15/09/2021,2021,9,C751,NEWWW,C0751,NEWWW,"TALENTO NET, S. DE R.L. DE C.V.",10861,0,483,0,0,11344
517975,15/10/2021,2021,10,C751,NEWWW,C0751,NEWWW,"TALENTO NET, S. DE R.L. DE C.V.",13198,0,8,0,0,13206
517975,15/11/2021,2021,11,C751,NEWWW,C0751,NEWWW,"TALENTO NET, S. DE R.L. DE C.V.",8871,0,18,0,0,8889
517975,15/12/2021,2021,12,C751,NEWWW,C0751,NEWWW,"TALENTO NET, S. DE R.L. DE C.V.",7249,0,19,0,0,7268
517975,15/01/2022,2022,1,C751,NEWWW,C0751,NEWWW,"TALENTO NET, S. DE R.L. DE C.V.",7683,0,18,0,0,7701
517975,15/02/2022,2022,2,C751,NEWWW,C0751,NEWWW,"TALENTO NET, S. DE R.L. DE C.V.",5456,0,48,0,0,5504
517975,15/03/2022,2022,3,C751,NEWWW,C0751,NEWWW,"TALENTO NET, S. DE R.L. DE C.V.",6345,0,50,0,0,6395
517975,15/04/2022,2022,4,C751,NEWWW,C0751,NEWWW,"TALENTO NET, S. DE R.L. DE C.V.",239985,0,15558,0,0,255543
517975,15/05/2022,2022,5,C751,NEWWW,C0751,NEWWW,"TALENTO NET, S. DE R.L. DE C.V.",245892,0,15580,0,0,261472
517975,15/06/2022,2022,6,C751,NEWWW,C0751,NEWWW,"TALENTO NET, S. DE R.L. DE C.V.",252043,0,15595,0,0,267638
517975,15/07/2022,2022,7,C751,NEWWW,C0751,NEWWW,"TALENTO NET, S. DE R.L. DE C.V.",256160,0,16927,0,0,273087
517975,15/08/2022,2022,8,C751,NEWWW,C0751,NEWWW,"TALENTO NET, S. DE R.L. DE C.V.",262027,0,16932,0,0,278959
517975,15/09/2022,2022,9,C751,NEWWW,C0751,NEWWW,"TALENTO NET, S. DE R.L. DE C.V.",267360,0,16935,0,0,284295
517975,15/10/2022,2022,10,C751,NEWWW,C0751,NEWWW,"TALENTO NET, S. DE R.L. DE C.V.",274915,0,14664,0,0,289579
517975,15/11/2022,2022,11,C751,NEWWW,C0751,NEWWW,"TALENTO NET, S. DE R.L. DE C.V.",280507,0,14670,0,0,295177
517975,15/12/2022,2022,12,C751,NEWWW,C0751,NEWWW,"TALENTO NET, S. DE R.L. DE C.V.",286064,0,14693,0,0,300757
517975,15/01/2023,2023,1,C751,NEWWW,C0751,NEWWW,"TALENTO NET, S. DE R.L. DE C.V.",289087,0,0,16993,0,306080
517975,15/02/2023,2023,2,C751,NEWWW,C0751,NEWWW,"TALENTO NET, S. DE R.L. DE C.V.",293633,0,0,17000,0,310633
517975,15/03/2023,2023,3,C751,NEWWW,C0751,NEWWW,"TALENTO NET, S. DE R.L. DE C.V.",299771,0,0,17005,0,316776
517975,15/04/2023,2023,4,C751,NEWWW,C0751,NEWWW,"TALENTO NET, S. DE R.L. DE C.V.",304763,0,0,17091,0,321854
517975,15/05/2023,2023,5,C751,NEWWW,C0751,NEWWW,"TALENTO NET, S. DE R.L. DE C.V.",310657,0,0,17100,0,327757
517975,15/06/2023,2023,6,C751,NEWWW,C0751,NEWWW,"TALENTO NET, S. DE R.L. DE C.V.",316923,0,0,17110,0,334033
517975,15/07/2023,2023,7,C751,NEWWW,C0751,NEWWW,"TALENTO NET, S. DE R.L. DE C.V.",322351,0,0,17123,0,339474
517975,15/08/2023,2023,8,C751,NEWWW,C0751,NEWWW,"TALENTO NET, S. DE R.L. DE C.V.",329085,0,0,18940,0,348025
517975,15/09/2023,2023,9,C751,NEWWW,C0751,NEWWW,"TALENTO NET, S. DE R.L. DE C.V.",335392,0,0,20271,0,355663
517975,15/10/2023,2023,10,C751,NEWWW,C0751,NEWWW,"TALENTO NET, S. DE R.L. DE C.V.",342613,0,0,21315,0,363928
517975,15/11/2023,2023,11,C751,NEWWW,C0751,NEWWW,"TALENTO NET, S. DE R.L. DE C.V.",352598,0,0,21410,0,374008
517975,15/12/2023,2023,12,C751,NEWWW,C0751,NEWWW,"TALENTO NET, S. DE R.L. DE C.V.",363773,0,0,21523,0,385296
517975,15/01/2024,2024,1,C751,NEWWW,C0751,NEWWW,"TALENTO NET, S. DE R.L. DE C.V.",376663,0,0,21618,0,398281
517975,15/02/2024,2024,2,C751,NEWWW,C0751,NEWWW,"TALENTO NET, S. DE R.L. DE C.V.",394868,0,0,21933,0,416801
517975,15/03/2024,2024,3,C751,NEWWW,C0751,NEWWW,"TALENTO NET, S. DE R.L. DE C.V.",409441,0,0,21971,0,431412
517975,15/04/2024,2024,4,C751,NEWWW,C0751,NEWWW,"TALENTO NET, S. DE R.L. DE C.V.",426565,0,0,22371,0,448936
517975,15/05/2024,2024,5,C751,NEWWW,C0751,NEWWW,"TALENTO NET, S. DE R.L. DE C.V.",447247,0,0,22438,0,469685
517975,15/06/2024,2024,6,C751,NEWWW,C0751,NEWWW,"TALENTO NET, S. DE R.L. DE C.V.",461594,0,0,22460,0,484054
517975,15/07/2024,2024,7,C751,NEWWW,C0751,NEWWW,"TALENTO NET, S. DE R.L. DE C.V.",475326,0,0,22488,0,497814
517975,15/08/2024,2024,8,C751,NEWWW,C0751,NEWWW,"TALENTO NET, S. DE R.L. DE C.V.",489659,0,0,22525,0,512184
517975,15/09/2024,2024,9,C751,NEWWW,C0751,NEWWW,"TALENTO NET, S. DE R.L. DE C.V.",503139,0,0,22558,0,525697
517975,15/10/2024,2024,10,C751,NEWWW,C0751,NEWWW,"TALENTO NET, S. DE R.L. DE C.V.",514604,0,0,22604,0,537208
517975,15/11/2024,2024,11,C751,NEWWW,C0751,NEWWW,"TALENTO NET, S. DE R.L. DE C.V.",525830,0,0,22640,0,548470
517975,15/12/2024,2024,12,C751,NEWWW,C0751,NEWWW,"TALENTO NET, S. DE R.L. DE C.V.",542893,0,0,22682,0,565575
518185,15/01/2022,2022,1,C781,GUGACOM,C0781,GUGACOM,"GUGA TELECOM, S.A.P.I. DE C.V.",0,0,0,0,2092,2092
518185,15/02/2022,2022,2,C781,GUGACOM,C0781,GUGACOM,"GUGA TELECOM, S.A.P.I. DE C.V.",0,0,0,0,42,42
518185,15/03/2022,2022,3,C781,GUGACOM,C0781,GUGACOM,"GUGA TELECOM, S.A.P.I. DE C.V.",0,0,0,0,1994,1994
518185,15/04/2022,2022,4,C781,GUGACOM,C0781,GUGACOM,"GUGA TELECOM, S.A.P.I. DE C.V.",0,0,0,0,5021,5021
518185,15/05/2022,2022,5,C781,GUGACOM,C0781,GUGACOM,"GUGA TELECOM, S.A.P.I. DE C.V.",0,0,0,0,535,535
518185,15/06/2022,2022,6,C781,GUGACOM,C0781,GUGACOM,"GUGA TELECOM, S.A.P.I. DE C.V.",0,0,0,0,14,14
518185,15/07/2022,2022,7,C781,GUGACOM,C0781,GUGACOM,"GUGA TELECOM, S.A.P.I. DE C.V.",0,0,0,0,3086,3086
518205,15/01/2021,2021,1,C754,MEXFON,C0754,MEXFON,"ADS MOBILE SERVICES, S. DE R.L. DE C.V.",0,0,0,0,3466,3466
518205,15/02/2021,2021,2,C754,MEXFON,C0754,MEXFON,"ADS MOBILE SERVICES, S. DE R.L. DE C.V.",0,0,0,0,3710,3710
518205,15/03/2021,2021,3,C754,MEXFON,C0754,MEXFON,"ADS MOBILE SERVICES, S. DE R.L. DE C.V.",0,0,0,0,3984,3984
518205,15/04/2021,2021,4,C754,MEXFON,C0754,MEXFON,"ADS MOBILE SERVICES, S. DE R.L. DE C.V.",0,0,0,0,4254,4254
518205,15/05/2021,2021,5,C754,MEXFON,C0754,MEXFON,"ADS MOBILE SERVICES, S. DE R.L. DE C.V.",0,0,0,0,4552,4552
518205,15/06/2021,2021,6,C754,MEXFON,C0754,MEXFON,"ADS MOBILE SERVICES, S. DE R.L. DE C.V.",0,0,0,0,4715,4715
518205,15/07/2021,2021,7,C754,MEXFON,C0754,MEXFON,"ADS MOBILE SERVICES, S. DE R.L. DE C.V.",0,0,0,0,4909,4909
518205,15/08/2021,2021,8,C754,MEXFON,C0754,MEXFON,"ADS MOBILE SERVICES, S. DE R.L. DE C.V.",0,0,0,0,5356,5356
518205,15/09/2021,2021,9,C754,MEXFON,C0754,MEXFON,"ADS MOBILE SERVICES, S. DE R.L. DE C.V.",0,0,0,0,5846,5846
518205,15/10/2021,2021,10,C754,MEXFON,C0754,MEXFON,"ADS MOBILE SERVICES, S. DE R.L. DE C.V.",0,0,0,0,6196,6196
518205,15/11/2021,2021,11,C754,MEXFON,C0754,MEXFON,"ADS MOBILE SERVICES, S. DE R.L. DE C.V.",0,0,0,0,6671,6671
518205,15/12/2021,2021,12,C754,MEXFON,C0754,MEXFON,"ADS MOBILE SERVICES, S. DE R.L. DE C.V.",0,0,0,0,7147,7147
518205,15/01/2022,2022,1,C754,MEXFON,C0754,MEXFON,"ADS MOBILE SERVICES, S. DE R.L. DE C.V.",0,0,0,0,7435,7435
518205,15/02/2022,2022,2,C754,MEXFON,C0754,MEXFON,"ADS MOBILE SERVICES, S. DE R.L. DE C.V.",0,0,0,0,7829,7829
518205,15/03/2022,2022,3,C754,MEXFON,C0754,MEXFON,"ADS MOBILE SERVICES, S. DE R.L. DE C.V.",0,0,0,0,8604,8604
518205,15/04/2022,2022,4,C754,MEXFON,C0754,MEXFON,"ADS MOBILE SERVICES, S. DE R.L. DE C.V.",0,0,0,0,8740,8740
518205,15/05/2022,2022,5,C754,MEXFON,C0754,MEXFON,"ADS MOBILE SERVICES, S. DE R.L. DE C.V.",0,0,0,0,9102,9102
518205,15/06/2022,2022,6,C754,MEXFON,C0754,MEXFON,"ADS MOBILE SERVICES, S. DE R.L. DE C.V.",0,0,0,0,9474,9474
518205,15/07/2022,2022,7,C754,MEXFON,C0754,MEXFON,"ADS MOBILE SERVICES, S. DE R.L. DE C.V.",0,0,0,0,9801,9801
518205,15/08/2022,2022,8,C754,MEXFON,C0754,MEXFON,"ADS MOBILE SERVICES, S. DE R.L. DE C.V.",0,0,0,0,10118,10118
518205,15/09/2022,2022,9,C754,MEXFON,C0754,MEXFON,"ADS MOBILE SERVICES, S. DE R.L. DE C.V.",0,0,0,0,10493,10493
518205,15/10/2022,2022,10,C754,MEXFON,C0754,MEXFON,"ADS MOBILE SERVICES, S. DE R.L. DE C.V.",0,0,0,0,10735,10735
518205,15/11/2022,2022,11,C754,MEXFON,C0754,MEXFON,"ADS MOBILE SERVICES, S. DE R.L. DE C.V.",0,0,0,0,11622,11622
518205,15/12/2022,2022,12,C754,MEXFON,C0754,MEXFON,"ADS MOBILE SERVICES, S. DE R.L. DE C.V.",0,0,0,0,12153,12153
518205,15/01/2023,2023,1,C754,MEXFON,C0754,MEXFON,"ADS MOBILE SERVICES, S. DE R.L. DE C.V.",0,0,0,0,7866,7866
518205,15/02/2023,2023,2,C754,MEXFON,C0754,MEXFON,"ADS MOBILE SERVICES, S. DE R.L. DE C.V.",0,0,0,0,8492,8492
518205,15/03/2023,2023,3,C754,MEXFON,C0754,MEXFON,"ADS MOBILE SERVICES, S. DE R.L. DE C.V.",0,0,0,0,9060,9060
518205,15/04/2023,2023,4,C754,MEXFON,C0754,MEXFON,"ADS MOBILE SERVICES, S. DE R.L. DE C.V.",524,0,0,0,0,524
518205,15/05/2023,2023,5,C754,MEXFON,C0754,MEXFON,"ADS MOBILE SERVICES, S. DE R.L. DE C.V.",539,0,0,0,0,539
518205,15/06/2023,2023,6,C754,MEXFON,C0754,MEXFON,"ADS MOBILE SERVICES, S. DE R.L. DE C.V.",496,0,0,0,0,496
518205,15/07/2023,2023,7,C754,MEXFON,C0754,MEXFON,"ADS MOBILE SERVICES, S. DE R.L. DE C.V.",496,0,0,0,0,496
518205,15/08/2023,2023,8,C754,MEXFON,C0754,MEXFON,"ADS MOBILE SERVICES, S. DE R.L. DE C.V.",727,0,0,0,0,727
518205,15/09/2023,2023,9,C754,MEXFON,C0754,MEXFON,"ADS MOBILE SERVICES, S. DE R.L. DE C.V.",1236,0,0,0,0,1236
518205,15/10/2023,2023,10,C754,MEXFON,C0754,MEXFON,"ADS MOBILE SERVICES, S. DE R.L. DE C.V.",1272,0,0,0,0,1272
518205,15/11/2023,2023,11,C754,MEXFON,C0754,MEXFON,"ADS MOBILE SERVICES, S. DE R.L. DE C.V.",1267,0,0,0,0,1267
518205,15/12/2023,2023,12,C754,MEXFON,C0754,MEXFON,"ADS MOBILE SERVICES, S. DE R.L. DE C.V.",1827,0,0,0,0,1827
518205,15/01/2024,2024,1,C754,MEXFON,C0754,MEXFON,"ADS MOBILE SERVICES, S. DE R.L. DE C.V.",5573,0,0,0,0,5573
518205,15/02/2024,2024,2,C754,MEXFON,C0754,MEXFON,"ADS MOBILE SERVICES, S. DE R.L. DE C.V.",5654,0,0,0,0,5654
518205,15/03/2024,2024,3,C754,MEXFON,C0754,MEXFON,"ADS MOBILE SERVICES, S. DE R.L. DE C.V.",6304,0,0,0,0,6304
518205,15/04/2024,2024,4,C754,MEXFON,C0754,MEXFON,"ADS MOBILE SERVICES, S. DE R.L. DE C.V.",16373,0,0,0,0,16373
518205,15/05/2024,2024,5,C754,MEXFON,C0754,MEXFON,"ADS MOBILE SERVICES, S. DE R.L. DE C.V.",16419,0,0,0,0,16419
518205,15/06/2024,2024,6,C754,MEXFON,C0754,MEXFON,"ADS MOBILE SERVICES, S. DE R.L. DE C.V.",22394,0,0,0,0,22394
518394,15/09/2020,2020,9,C782,YONDER,C0782,YONDER,"YONDER MEDIA MOBILE MEXICO, S. DE R.L. DE C.V.",0,0,0,0,83,83
518394,15/10/2020,2020,10,C782,YONDER,C0782,YONDER,"YONDER MEDIA MOBILE MEXICO, S. DE R.L. DE C.V.",0,0,0,0,562,562
518394,15/11/2020,2020,11,C782,YONDER,C0782,YONDER,"YONDER MEDIA MOBILE MEXICO, S. DE R.L. DE C.V.",0,0,0,0,607,607
518394,15/12/2020,2020,12,C782,YONDER,C0782,YONDER,"YONDER MEDIA MOBILE MEXICO, S. DE R.L. DE C.V.",0,0,0,0,6469,6469
518394,15/01/2022,2022,1,C782,YONDER,C0782,YONDER,"YONDER MEDIA MOBILE MEXICO, S. DE R.L. DE C.V.",99925,0,0,0,0,99925
518394,15/02/2022,2022,2,C782,YONDER,C0782,YONDER,"YONDER MEDIA MOBILE MEXICO, S. DE R.L. DE C.V.",110533,0,0,0,0,110533
518394,15/03/2022,2022,3,C782,YONDER,C0782,YONDER,"YONDER MEDIA MOBILE MEXICO, S. DE R.L. DE C.V.",119990,0,0,0,0,119990
518633,15/01/2021,2021,1,C758,WIMOTELECOM,C0758,WIMOTELECOM,"WIMOTELECOM, S.A. DE C.V.",7239,0,0,0,0,7239
518633,15/02/2021,2021,2,C758,WIMOTELECOM,C0758,WIMOTELECOM,"WIMOTELECOM, S.A. DE C.V.",9473,0,0,0,0,9473
518633,15/03/2021,2021,3,C758,WIMOTELECOM,C0758,WIMOTELECOM,"WIMOTELECOM, S.A. DE C.V.",11790,0,0,0,0,11790
518633,15/04/2021,2021,4,C758,WIMOTELECOM,C0758,WIMOTELECOM,"WIMOTELECOM, S.A. DE C.V.",12733,0,0,0,0,12733
518633,15/05/2021,2021,5,C758,WIMOTELECOM,C0758,WIMOTELECOM,"WIMOTELECOM, S.A. DE C.V.",13440,0,0,0,0,13440
518633,15/06/2021,2021,6,C758,WIMOTELECOM,C0758,WIMOTELECOM,"WIMOTELECOM, S.A. DE C.V.",13679,0,0,0,0,13679
518633,15/07/2021,2021,7,C758,WIMOTELECOM,C0758,WIMOTELECOM,"WIMOTELECOM, S.A. DE C.V.",13383,0,0,0,0,13383
518633,15/08/2021,2021,8,C758,WIMOTELECOM,C0758,WIMOTELECOM,"WIMOTELECOM, S.A. DE C.V.",15394,0,0,0,0,15394
518633,15/09/2021,2021,9,C758,WIMOTELECOM,C0758,WIMOTELECOM,"WIMOTELECOM, S.A. DE C.V.",12999,0,0,0,0,12999
518633,15/10/2021,2021,10,C758,WIMOTELECOM,C0758,WIMOTELECOM,"WIMOTELECOM, S.A. DE C.V.",40451,0,0,0,0,40451
518633,15/11/2021,2021,11,C758,WIMOTELECOM,C0758,WIMOTELECOM,"WIMOTELECOM, S.A. DE C.V.",40864,0,0,0,0,40864
518633,15/12/2021,2021,12,C758,WIMOTELECOM,C0758,WIMOTELECOM,"WIMOTELECOM, S.A. DE C.V.",41369,0,0,0,0,41369
518633,15/01/2022,2022,1,C758,WIMOTELECOM,C0758,WIMOTELECOM,"WIMOTELECOM, S.A. DE C.V.",40742,0,0,0,0,40742
518633,15/02/2022,2022,2,C758,WIMOTELECOM,C0758,WIMOTELECOM,"WIMOTELECOM, S.A. DE C.V.",19975,0,0,0,0,19975
518633,15/03/2022,2022,3,C758,WIMOTELECOM,C0758,WIMOTELECOM,"WIMOTELECOM, S.A. DE C.V.",20607,0,0,0,0,20607
518633,15/04/2022,2022,4,C758,WIMOTELECOM,C0758,WIMOTELECOM,"WIMOTELECOM, S.A. DE C.V.",28834,0,0,0,0,28834
518633,15/05/2022,2022,5,C758,WIMOTELECOM,C0758,WIMOTELECOM,"WIMOTELECOM, S.A. DE C.V.",29751,0,0,0,0,29751
518633,15/06/2022,2022,6,C758,WIMOTELECOM,C0758,WIMOTELECOM,"WIMOTELECOM, S.A. DE C.V.",28834,0,0,0,0,28834
518633,15/07/2022,2022,7,C758,WIMOTELECOM,C0758,WIMOTELECOM,"WIMOTELECOM, S.A. DE C.V.",25621,0,0,0,0,25621
518633,15/08/2022,2022,8,C758,WIMOTELECOM,C0758,WIMOTELECOM,"WIMOTELECOM, S.A. DE C.V.",26615,0,0,0,0,26615
518633,15/09/2022,2022,9,C758,WIMOTELECOM,C0758,WIMOTELECOM,"WIMOTELECOM, S.A. DE C.V.",27351,0,0,0,0,27351
518633,15/10/2022,2022,10,C758,WIMOTELECOM,C0758,WIMOTELECOM,"WIMOTELECOM, S.A. DE C.V.",28764,0,0,0,0,28764
518633,15/11/2022,2022,11,C758,WIMOTELECOM,C0758,WIMOTELECOM,"WIMOTELECOM, S.A. DE C.V.",30056,0,0,0,0,30056
518633,15/12/2022,2022,12,C758,WIMOTELECOM,C0758,WIMOTELECOM,"WIMOTELECOM, S.A. DE C.V.",31405,0,0,0,0,31405
518633,15/01/2023,2023,1,C758,WIMOTELECOM,C0758,WIMOTELECOM,"WIMOTELECOM, S.A. DE C.V.",32681,0,0,0,0,32681
518633,15/02/2023,2023,2,C758,WIMOTELECOM,C0758,WIMOTELECOM,"WIMOTELECOM, S.A. DE C.V.",16022,0,0,0,0,16022
518633,15/03/2023,2023,3,C758,WIMOTELECOM,C0758,WIMOTELECOM,"WIMOTELECOM, S.A. DE C.V.",17106,0,0,0,0,17106
518633,15/04/2023,2023,4,C758,WIMOTELECOM,C0758,WIMOTELECOM,"WIMOTELECOM, S.A. DE C.V.",18273,0,0,0,0,18273
518633,15/05/2023,2023,5,C758,WIMOTELECOM,C0758,WIMOTELECOM,"WIMOTELECOM, S.A. DE C.V.",19752,0,0,0,0,19752
518633,15/06/2023,2023,6,C758,WIMOTELECOM,C0758,WIMOTELECOM,"WIMOTELECOM, S.A. DE C.V.",21321,0,0,0,0,21321
518633,15/07/2023,2023,7,C758,WIMOTELECOM,C0758,WIMOTELECOM,"WIMOTELECOM, S.A. DE C.V.",23113,0,0,0,0,23113
518633,15/08/2023,2023,8,C758,WIMOTELECOM,C0758,WIMOTELECOM,"WIMOTELECOM, S.A. DE C.V.",24640,0,0,0,0,24640
518633,15/09/2023,2023,9,C758,WIMOTELECOM,C0758,WIMOTELECOM,"WIMOTELECOM, S.A. DE C.V.",26141,0,0,0,0,26141
518633,15/10/2023,2023,10,C758,WIMOTELECOM,C0758,WIMOTELECOM,"WIMOTELECOM, S.A. DE C.V.",27573,0,0,0,0,27573
518633,15/11/2023,2023,11,C758,WIMOTELECOM,C0758,WIMOTELECOM,"WIMOTELECOM, S.A. DE C.V.",28961,0,0,0,0,28961
518633,15/12/2023,2023,12,C758,WIMOTELECOM,C0758,WIMOTELECOM,"WIMOTELECOM, S.A. DE C.V.",30912,0,0,0,0,30912
518633,15/01/2024,2024,1,C758,WIMOTELECOM,C0758,WIMOTELECOM,"WIMOTELECOM, S.A. DE C.V.",35086,0,0,0,0,35086
518633,15/02/2024,2024,2,C758,WIMOTELECOM,C0758,WIMOTELECOM,"WIMOTELECOM, S.A. DE C.V.",35816,0,0,0,0,35816
518633,15/03/2024,2024,3,C758,WIMOTELECOM,C0758,WIMOTELECOM,"WIMOTELECOM, S.A. DE C.V.",25952,0,0,0,0,25952
518633,15/04/2024,2024,4,C758,WIMOTELECOM,C0758,WIMOTELECOM,"WIMOTELECOM, S.A. DE C.V.",25250,0,0,0,0,25250
518633,15/05/2024,2024,5,C758,WIMOTELECOM,C0758,WIMOTELECOM,"WIMOTELECOM, S.A. DE C.V.",25894,0,0,0,0,25894
518633,15/06/2024,2024,6,C758,WIMOTELECOM,C0758,WIMOTELECOM,"WIMOTELECOM, S.A. DE C.V.",26610,0,0,0,0,26610
518633,15/07/2024,2024,7,C758,WIMOTELECOM,C0758,WIMOTELECOM,"WIMOTELECOM, S.A. DE C.V.",27257,0,0,0,0,27257
518633,15/08/2024,2024,8,C758,WIMOTELECOM,C0758,WIMOTELECOM,"WIMOTELECOM, S.A. DE C.V.",28065,0,0,0,0,28065
518633,15/09/2024,2024,9,C758,WIMOTELECOM,C0758,WIMOTELECOM,"WIMOTELECOM, S.A. DE C.V.",28881,0,0,0,0,28881
518633,15/10/2024,2024,10,C758,WIMOTELECOM,C0758,WIMOTELECOM,"WIMOTELECOM, S.A. DE C.V.",29646,0,0,0,0,29646
518633,15/11/2024,2024,11,C758,WIMOTELECOM,C0758,WIMOTELECOM,"WIMOTELECOM, S.A. DE C.V.",28784,0,0,0,0,28784
518633,15/12/2024,2024,12,C758,WIMOTELECOM,C0758,WIMOTELECOM,"WIMOTELECOM, S.A. DE C.V.",28026,0,0,0,0,28026
518753,15/06/2023,2023,6,C070,GRUPO BALESIA,C0070,BALESIA TECHNOLOGIES,"BALESIA TECHNOLOGIES, S.A. DE C.V.",0,0,0,0,1,1
518753,15/07/2023,2023,7,C070,GRUPO BALESIA,C0070,BALESIA TECHNOLOGIES,"BALESIA TECHNOLOGIES, S.A. DE C.V.",0,0,0,0,3,3
518753,15/08/2023,2023,8,C070,GRUPO BALESIA,C0070,BALESIA TECHNOLOGIES,"BALESIA TECHNOLOGIES, S.A. DE C.V.",0,0,0,0,12,12
518753,15/09/2023,2023,9,C070,GRUPO BALESIA,C0070,BALESIA TECHNOLOGIES,"BALESIA TECHNOLOGIES, S.A. DE C.V.",0,0,0,0,5,5
518753,15/10/2023,2023,10,C070,GRUPO BALESIA,C0070,BALESIA TECHNOLOGIES,"BALESIA TECHNOLOGIES, S.A. DE C.V.",0,0,0,0,4,4
518753,15/11/2023,2023,11,C070,GRUPO BALESIA,C0070,BALESIA TECHNOLOGIES,"BALESIA TECHNOLOGIES, S.A. DE C.V.",0,0,0,0,34,34
518753,15/12/2023,2023,12,C070,GRUPO BALESIA,C0070,BALESIA TECHNOLOGIES,"BALESIA TECHNOLOGIES, S.A. DE C.V.",0,0,0,0,59,59
518753,15/01/2024,2024,1,C070,GRUPO BALESIA,C0070,BALESIA TECHNOLOGIES,"BALESIA TECHNOLOGIES, S.A. DE C.V.",0,0,0,0,7,7
518753,15/02/2024,2024,2,C070,GRUPO BALESIA,C0070,BALESIA TECHNOLOGIES,"BALESIA TECHNOLOGIES, S.A. DE C.V.",0,0,0,0,1,1
518753,15/03/2024,2024,3,C070,GRUPO BALESIA,C0070,BALESIA TECHNOLOGIES,"BALESIA TECHNOLOGIES, S.A. DE C.V.",0,0,0,0,1,1
518753,15/05/2024,2024,5,C070,GRUPO BALESIA,C0070,BALESIA TECHNOLOGIES,"BALESIA TECHNOLOGIES, S.A. DE C.V.",0,0,0,0,2,2
518753,15/08/2024,2024,8,C070,GRUPO BALESIA,C0070,BALESIA TECHNOLOGIES,"BALESIA TECHNOLOGIES, S.A. DE C.V.",0,0,0,0,3,3
518753,15/09/2024,2024,9,C070,GRUPO BALESIA,C0070,BALESIA TECHNOLOGIES,"BALESIA TECHNOLOGIES, S.A. DE C.V.",0,0,0,0,5,5
518753,15/10/2024,2024,10,C070,GRUPO BALESIA,C0070,BALESIA TECHNOLOGIES,"BALESIA TECHNOLOGIES, S.A. DE C.V.",0,0,0,0,3,3
518753,15/11/2024,2024,11,C070,GRUPO BALESIA,C0070,BALESIA TECHNOLOGIES,"BALESIA TECHNOLOGIES, S.A. DE C.V.",0,0,0,0,2,2
518782,15/01/2022,2022,1,C804,GRUPO WALMART,C0804,BODEGA AURRERA INTERNET Y TELEFONÍA BAIT,"WAL-MART INNOVACION, S. DE R.L. DE C.V.",2144889,0,0,0,0,2144889
518782,15/02/2022,2022,2,C804,GRUPO WALMART,C0804,BODEGA AURRERA INTERNET Y TELEFONÍA BAIT,"WAL-MART INNOVACION, S. DE R.L. DE C.V.",2334511,0,0,0,0,2334511
518782,15/03/2022,2022,3,C804,GRUPO WALMART,C0804,BODEGA AURRERA INTERNET Y TELEFONÍA BAIT,"WAL-MART INNOVACION, S. DE R.L. DE C.V.",2192674,0,0,0,0,2192674
518782,15/04/2022,2022,4,C804,GRUPO WALMART,C0804,BODEGA AURRERA INTERNET Y TELEFONÍA BAIT,"WAL-MART INNOVACION, S. DE R.L. DE C.V.",2513377,0,0,0,0,2513377
518782,15/05/2022,2022,5,C804,GRUPO WALMART,C0804,BODEGA AURRERA INTERNET Y TELEFONÍA BAIT,"WAL-MART INNOVACION, S. DE R.L. DE C.V.",2830296,0,0,0,0,2830296
518782,15/06/2022,2022,6,C804,GRUPO WALMART,C0804,BODEGA AURRERA INTERNET Y TELEFONÍA BAIT,"WAL-MART INNOVACION, S. DE R.L. DE C.V.",3211791,0,0,0,0,3211791
518782,15/07/2022,2022,7,C804,GRUPO WALMART,C0804,BODEGA AURRERA INTERNET Y TELEFONÍA BAIT,"WAL-MART INNOVACION, S. DE R.L. DE C.V.",3586360,0,0,0,0,3586360
518782,15/08/2022,2022,8,C804,GRUPO WALMART,C0804,BODEGA AURRERA INTERNET Y TELEFONÍA BAIT,"WAL-MART INNOVACION, S. DE R.L. DE C.V.",3878497,0,0,0,0,3878497
518782,15/09/2022,2022,9,C804,GRUPO WALMART,C0804,BODEGA AURRERA INTERNET Y TELEFONÍA BAIT,"WAL-MART INNOVACION, S. DE R.L. DE C.V.",4315589,0,0,0,0,4315589
518782,15/10/2022,2022,10,C804,GRUPO WALMART,C0804,BODEGA AURRERA INTERNET Y TELEFONÍA BAIT,"WAL-MART INNOVACION, S. DE R.L. DE C.V.",4743580,0,0,0,0,4743580
518782,15/11/2022,2022,11,C804,GRUPO WALMART,C0804,BODEGA AURRERA INTERNET Y TELEFONÍA BAIT,"WAL-MART INNOVACION, S. DE R.L. DE C.V.",5138022,0,0,0,0,5138022
518782,15/12/2022,2022,12,C804,GRUPO WALMART,C0804,BODEGA AURRERA INTERNET Y TELEFONÍA BAIT,"WAL-MART INNOVACION, S. DE R.L. DE C.V.",5597662,0,0,0,0,5597662
518782,15/01/2023,2023,1,C804,GRUPO WALMART,C0804,BODEGA AURRERA INTERNET Y TELEFONÍA BAIT,"WAL-MART INNOVACION, S. DE R.L. DE C.V.",5578107,0,0,0,0,5578107
518782,15/02/2023,2023,2,C804,GRUPO WALMART,C0804,BODEGA AURRERA INTERNET Y TELEFONÍA BAIT,"WAL-MART INNOVACION, S. DE R.L. DE C.V.",5800846,0,0,0,0,5800846
518782,15/03/2023,2023,3,C804,GRUPO WALMART,C0804,BODEGA AURRERA INTERNET Y TELEFONÍA BAIT,"WAL-MART INNOVACION, S. DE R.L. DE C.V.",6178304,0,0,0,0,6178304
518782,15/04/2023,2023,4,C804,GRUPO WALMART,C0804,BODEGA AURRERA INTERNET Y TELEFONÍA BAIT,"WAL-MART INNOVACION, S. DE R.L. DE C.V.",6430587,0,0,0,0,6430587
518782,15/05/2023,2023,5,C804,GRUPO WALMART,C0804,BODEGA AURRERA INTERNET Y TELEFONÍA BAIT,"WAL-MART INNOVACION, S. DE R.L. DE C.V.",6421125,0,0,0,0,6421125
518782,15/06/2023,2023,6,C804,GRUPO WALMART,C0804,BODEGA AURRERA INTERNET Y TELEFONÍA BAIT,"WAL-MART INNOVACION, S. DE R.L. DE C.V.",6392601,0,0,0,0,6392601
518782,15/07/2023,2023,7,C804,GRUPO WALMART,C0804,BODEGA AURRERA INTERNET Y TELEFONÍA BAIT,"WAL-MART INNOVACION, S. DE R.L. DE C.V.",0,0,0,0,6941251,6941251
518782,15/08/2023,2023,8,C804,GRUPO WALMART,C0804,BODEGA AURRERA INTERNET Y TELEFONÍA BAIT,"WAL-MART INNOVACION, S. DE R.L. DE C.V.",0,0,0,0,7444218,7444218
518782,15/09/2023,2023,9,C804,GRUPO WALMART,C0804,BODEGA AURRERA INTERNET Y TELEFONÍA BAIT,"WAL-MART INNOVACION, S. DE R.L. DE C.V.",0,0,0,0,7976879,7976879
518782,15/10/2023,2023,10,C804,GRUPO WALMART,C0804,BODEGA AURRERA INTERNET Y TELEFONÍA BAIT,"WAL-MART INNOVACION, S. DE R.L. DE C.V.",9042584,0,0,0,0,9042584
518782,15/11/2023,2023,11,C804,GRUPO WALMART,C0804,BODEGA AURRERA INTERNET Y TELEFONÍA BAIT,"WAL-MART INNOVACION, S. DE R.L. DE C.V.",10470174,0,0,0,0,10470174
518782,15/12/2023,2023,12,C804,GRUPO WALMART,C0804,BODEGA AURRERA INTERNET Y TELEFONÍA BAIT,"WAL-MART INNOVACION, S. DE R.L. DE C.V.",11847794,0,0,0,0,11847794
518782,15/01/2024,2024,1,C804,GRUPO WALMART,C0804,BODEGA AURRERA INTERNET Y TELEFONÍA BAIT,"WAL-MART INNOVACION, S. DE R.L. DE C.V.",12395947,0,0,0,0,12395947
518782,15/02/2024,2024,2,C804,GRUPO WALMART,C0804,BODEGA AURRERA INTERNET Y TELEFONÍA BAIT,"WAL-MART INNOVACION, S. DE R.L. DE C.V.",12837363,0,0,0,0,12837363
518782,15/03/2024,2024,3,C804,GRUPO WALMART,C0804,BODEGA AURRERA INTERNET Y TELEFONÍA BAIT,"WAL-MART INNOVACION, S. DE R.L. DE C.V.",13340036,0,0,0,0,13340036
518782,15/04/2024,2024,4,C804,GRUPO WALMART,C0804,BODEGA AURRERA INTERNET Y TELEFONÍA BAIT,"WAL-MART INNOVACION, S. DE R.L. DE C.V.",13431476,0,0,0,0,13431476
518782,15/05/2024,2024,5,C804,GRUPO WALMART,C0804,BODEGA AURRERA INTERNET Y TELEFONÍA BAIT,"WAL-MART INNOVACION, S. DE R.L. DE C.V.",13644937,0,0,0,0,13644937
518782,15/06/2024,2024,6,C804,GRUPO WALMART,C0804,BODEGA AURRERA INTERNET Y TELEFONÍA BAIT,"WAL-MART INNOVACION, S. DE R.L. DE C.V.",13754234,0,0,0,0,13754234
518782,15/07/2024,2024,7,C804,GRUPO WALMART,C0804,BODEGA AURRERA INTERNET Y TELEFONÍA BAIT,"WAL-MART INNOVACION, S. DE R.L. DE C.V.",13813607,0,0,0,0,13813607
518782,15/08/2024,2024,8,C804,GRUPO WALMART,C0804,BODEGA AURRERA INTERNET Y TELEFONÍA BAIT,"WAL-MART INNOVACION, S. DE R.L. DE C.V.",14328246,0,0,0,0,14328246
518782,15/09/2024,2024,9,C804,GRUPO WALMART,C0804,BODEGA AURRERA INTERNET Y TELEFONÍA BAIT,"WAL-MART INNOVACION, S. DE R.L. DE C.V.",14913169,0,0,0,0,14913169
518782,15/10/2024,2024,10,C804,GRUPO WALMART,C0804,BODEGA AURRERA INTERNET Y TELEFONÍA BAIT,"WAL-MART INNOVACION, S. DE R.L. DE C.V.",15830544,0,0,0,0,15830544
518782,15/11/2024,2024,11,C804,GRUPO WALMART,C0804,BODEGA AURRERA INTERNET Y TELEFONÍA BAIT,"WAL-MART INNOVACION, S. DE R.L. DE C.V.",17024173,0,0,0,0,17024173
518782,15/12/2024,2024,12,C804,GRUPO WALMART,C0804,BODEGA AURRERA INTERNET Y TELEFONÍA BAIT,"WAL-MART INNOVACION, S. DE R.L. DE C.V.",18056913,0,0,0,0,18056913
518853,15/01/2022,2022,1,C465,R&R NEGOCIOS ALTERNOS,C0465,R&R NEGOCIOS ALTERNOS,"R&R NEGOCIOS ALTERNOS, S.A. DE C.V.",0,0,0,0,2230,2230
518853,15/02/2022,2022,2,C465,R&R NEGOCIOS ALTERNOS,C0465,R&R NEGOCIOS ALTERNOS,"R&R NEGOCIOS ALTERNOS, S.A. DE C.V.",0,0,0,0,2617,2617
518853,15/03/2022,2022,3,C465,R&R NEGOCIOS ALTERNOS,C0465,R&R NEGOCIOS ALTERNOS,"R&R NEGOCIOS ALTERNOS, S.A. DE C.V.",0,0,0,0,3043,3043
518853,15/04/2022,2022,4,C465,R&R NEGOCIOS ALTERNOS,C0465,R&R NEGOCIOS ALTERNOS,"R&R NEGOCIOS ALTERNOS, S.A. DE C.V.",0,0,0,0,3412,3412
518853,15/05/2022,2022,5,C465,R&R NEGOCIOS ALTERNOS,C0465,R&R NEGOCIOS ALTERNOS,"R&R NEGOCIOS ALTERNOS, S.A. DE C.V.",0,0,0,0,3727,3727
518853,15/06/2022,2022,6,C465,R&R NEGOCIOS ALTERNOS,C0465,R&R NEGOCIOS ALTERNOS,"R&R NEGOCIOS ALTERNOS, S.A. DE C.V.",0,0,0,0,4276,4276
518853,15/07/2022,2022,7,C465,R&R NEGOCIOS ALTERNOS,C0465,R&R NEGOCIOS ALTERNOS,"R&R NEGOCIOS ALTERNOS, S.A. DE C.V.",0,0,0,0,4997,4997
518853,15/08/2022,2022,8,C465,R&R NEGOCIOS ALTERNOS,C0465,R&R NEGOCIOS ALTERNOS,"R&R NEGOCIOS ALTERNOS, S.A. DE C.V.",0,0,0,0,5708,5708
518853,15/09/2022,2022,9,C465,R&R NEGOCIOS ALTERNOS,C0465,R&R NEGOCIOS ALTERNOS,"R&R NEGOCIOS ALTERNOS, S.A. DE C.V.",0,0,0,0,6495,6495
518853,15/10/2022,2022,10,C465,R&R NEGOCIOS ALTERNOS,C0465,R&R NEGOCIOS ALTERNOS,"R&R NEGOCIOS ALTERNOS, S.A. DE C.V.",0,0,0,0,7338,7338
518853,15/11/2022,2022,11,C465,R&R NEGOCIOS ALTERNOS,C0465,R&R NEGOCIOS ALTERNOS,"R&R NEGOCIOS ALTERNOS, S.A. DE C.V.",0,0,0,0,8392,8392
518853,15/12/2022,2022,12,C465,R&R NEGOCIOS ALTERNOS,C0465,R&R NEGOCIOS ALTERNOS,"R&R NEGOCIOS ALTERNOS, S.A. DE C.V.",0,0,0,0,9572,9572
518853,15/01/2023,2023,1,C465,R&R NEGOCIOS ALTERNOS,C0465,R&R NEGOCIOS ALTERNOS,"R&R NEGOCIOS ALTERNOS, S.A. DE C.V.",0,0,0,0,12751,12751
518853,15/02/2023,2023,2,C465,R&R NEGOCIOS ALTERNOS,C0465,R&R NEGOCIOS ALTERNOS,"R&R NEGOCIOS ALTERNOS, S.A. DE C.V.",0,0,0,0,14225,14225
518853,15/03/2023,2023,3,C465,R&R NEGOCIOS ALTERNOS,C0465,R&R NEGOCIOS ALTERNOS,"R&R NEGOCIOS ALTERNOS, S.A. DE C.V.",0,0,0,0,14925,14925
518853,15/04/2023,2023,4,C465,R&R NEGOCIOS ALTERNOS,C0465,R&R NEGOCIOS ALTERNOS,"R&R NEGOCIOS ALTERNOS, S.A. DE C.V.",0,0,0,0,16762,16762
518853,15/05/2023,2023,5,C465,R&R NEGOCIOS ALTERNOS,C0465,R&R NEGOCIOS ALTERNOS,"R&R NEGOCIOS ALTERNOS, S.A. DE C.V.",0,0,0,0,19146,19146
518853,15/06/2023,2023,6,C465,R&R NEGOCIOS ALTERNOS,C0465,R&R NEGOCIOS ALTERNOS,"R&R NEGOCIOS ALTERNOS, S.A. DE C.V.",0,0,0,0,21906,21906
518853,15/07/2023,2023,7,C465,R&R NEGOCIOS ALTERNOS,C0465,R&R NEGOCIOS ALTERNOS,"R&R NEGOCIOS ALTERNOS, S.A. DE C.V.",0,0,0,0,23811,23811
518853,15/08/2023,2023,8,C465,R&R NEGOCIOS ALTERNOS,C0465,R&R NEGOCIOS ALTERNOS,"R&R NEGOCIOS ALTERNOS, S.A. DE C.V.",0,0,0,0,22881,22881
518853,15/09/2023,2023,9,C465,R&R NEGOCIOS ALTERNOS,C0465,R&R NEGOCIOS ALTERNOS,"R&R NEGOCIOS ALTERNOS, S.A. DE C.V.",0,0,0,0,22584,22584
518853,15/10/2023,2023,10,C465,R&R NEGOCIOS ALTERNOS,C0465,R&R NEGOCIOS ALTERNOS,"R&R NEGOCIOS ALTERNOS, S.A. DE C.V.",0,0,0,0,23630,23630
518853,15/11/2023,2023,11,C465,R&R NEGOCIOS ALTERNOS,C0465,R&R NEGOCIOS ALTERNOS,"R&R NEGOCIOS ALTERNOS, S.A. DE C.V.",0,0,0,0,25275,25275
518853,15/12/2023,2023,12,C465,R&R NEGOCIOS ALTERNOS,C0465,R&R NEGOCIOS ALTERNOS,"R&R NEGOCIOS ALTERNOS, S.A. DE C.V.",0,0,0,0,25807,25807
518853,15/01/2024,2024,1,C465,R&R NEGOCIOS ALTERNOS,C0465,R&R NEGOCIOS ALTERNOS,"R&R NEGOCIOS ALTERNOS, S.A. DE C.V.",26715,0,0,0,0,26715
518853,15/02/2024,2024,2,C465,R&R NEGOCIOS ALTERNOS,C0465,R&R NEGOCIOS ALTERNOS,"R&R NEGOCIOS ALTERNOS, S.A. DE C.V.",24927,0,0,0,0,24927
518853,15/03/2024,2024,3,C465,R&R NEGOCIOS ALTERNOS,C0465,R&R NEGOCIOS ALTERNOS,"R&R NEGOCIOS ALTERNOS, S.A. DE C.V.",26185,0,0,0,0,26185
518853,15/04/2024,2024,4,C465,R&R NEGOCIOS ALTERNOS,C0465,R&R NEGOCIOS ALTERNOS,"R&R NEGOCIOS ALTERNOS, S.A. DE C.V.",24902,0,0,0,0,24902
518853,15/05/2024,2024,5,C465,R&R NEGOCIOS ALTERNOS,C0465,R&R NEGOCIOS ALTERNOS,"R&R NEGOCIOS ALTERNOS, S.A. DE C.V.",25662,0,0,0,0,25662
518853,15/06/2024,2024,6,C465,R&R NEGOCIOS ALTERNOS,C0465,R&R NEGOCIOS ALTERNOS,"R&R NEGOCIOS ALTERNOS, S.A. DE C.V.",26071,0,0,0,0,26071
518853,15/07/2024,2024,7,C465,R&R NEGOCIOS ALTERNOS,C0465,R&R NEGOCIOS ALTERNOS,"R&R NEGOCIOS ALTERNOS, S.A. DE C.V.",23625,0,0,0,0,23625
518853,15/08/2024,2024,8,C465,R&R NEGOCIOS ALTERNOS,C0465,R&R NEGOCIOS ALTERNOS,"R&R NEGOCIOS ALTERNOS, S.A. DE C.V.",23517,0,0,0,0,23517
518853,15/09/2024,2024,9,C465,R&R NEGOCIOS ALTERNOS,C0465,R&R NEGOCIOS ALTERNOS,"R&R NEGOCIOS ALTERNOS, S.A. DE C.V.",23319,0,0,0,0,23319
518853,15/10/2024,2024,10,C465,R&R NEGOCIOS ALTERNOS,C0465,R&R NEGOCIOS ALTERNOS,"R&R NEGOCIOS ALTERNOS, S.A. DE C.V.",23025,0,0,0,0,23025
518853,15/11/2024,2024,11,C465,R&R NEGOCIOS ALTERNOS,C0465,R&R NEGOCIOS ALTERNOS,"R&R NEGOCIOS ALTERNOS, S.A. DE C.V.",22334,0,0,0,0,22334
518853,15/12/2024,2024,12,C465,R&R NEGOCIOS ALTERNOS,C0465,R&R NEGOCIOS ALTERNOS,"R&R NEGOCIOS ALTERNOS, S.A. DE C.V.",21735,0,0,0,0,21735
518861,15/01/2022,2022,1,C020,ALESTRA,C0783,ALESTRA,"ALESTRA SERVICIOS MOVILES, S.A. DE C.V.",0,0,0,0,116,116
518861,15/02/2022,2022,2,C020,ALESTRA,C0783,ALESTRA,"ALESTRA SERVICIOS MOVILES, S.A. DE C.V.",0,0,0,0,129,129
518861,15/03/2022,2022,3,C020,ALESTRA,C0783,ALESTRA,"ALESTRA SERVICIOS MOVILES, S.A. DE C.V.",0,0,0,0,159,159
518861,15/04/2022,2022,4,C020,ALESTRA,C0783,ALESTRA,"ALESTRA SERVICIOS MOVILES, S.A. DE C.V.",0,0,0,0,200,200
518861,15/05/2022,2022,5,C020,ALESTRA,C0783,ALESTRA,"ALESTRA SERVICIOS MOVILES, S.A. DE C.V.",0,0,0,0,231,231
518861,15/06/2022,2022,6,C020,ALESTRA,C0783,ALESTRA,"ALESTRA SERVICIOS MOVILES, S.A. DE C.V.",0,0,0,0,267,267
518861,15/07/2022,2022,7,C020,ALESTRA,C0783,ALESTRA,"ALESTRA SERVICIOS MOVILES, S.A. DE C.V.",0,0,0,0,313,313
518861,15/08/2022,2022,8,C020,ALESTRA,C0783,ALESTRA,"ALESTRA SERVICIOS MOVILES, S.A. DE C.V.",0,0,0,0,363,363
518861,15/09/2022,2022,9,C020,ALESTRA,C0783,ALESTRA,"ALESTRA SERVICIOS MOVILES, S.A. DE C.V.",0,0,0,0,386,386
518861,15/10/2022,2022,10,C020,ALESTRA,C0783,ALESTRA,"ALESTRA SERVICIOS MOVILES, S.A. DE C.V.",0,0,0,0,426,426
518861,15/11/2022,2022,11,C020,ALESTRA,C0783,ALESTRA,"ALESTRA SERVICIOS MOVILES, S.A. DE C.V.",0,0,0,0,462,462
518861,15/12/2022,2022,12,C020,ALESTRA,C0783,ALESTRA,"ALESTRA SERVICIOS MOVILES, S.A. DE C.V.",0,0,0,0,488,488
518861,15/01/2023,2023,1,C020,ALESTRA,C0783,ALESTRA,"ALESTRA SERVICIOS MOVILES, S.A. DE C.V.",0,0,0,0,574,574
518861,15/02/2023,2023,2,C020,ALESTRA,C0783,ALESTRA,"ALESTRA SERVICIOS MOVILES, S.A. DE C.V.",0,0,0,0,723,723
518861,15/03/2023,2023,3,C020,ALESTRA,C0783,ALESTRA,"ALESTRA SERVICIOS MOVILES, S.A. DE C.V.",0,0,0,0,741,741
518861,15/04/2023,2023,4,C020,ALESTRA,C0783,ALESTRA,"ALESTRA SERVICIOS MOVILES, S.A. DE C.V.",0,0,0,0,852,852
518861,15/05/2023,2023,5,C020,ALESTRA,C0783,ALESTRA,"ALESTRA SERVICIOS MOVILES, S.A. DE C.V.",0,0,0,0,874,874
518861,15/06/2023,2023,6,C020,ALESTRA,C0783,ALESTRA,"ALESTRA SERVICIOS MOVILES, S.A. DE C.V.",0,0,0,0,919,919
518861,15/07/2023,2023,7,C020,ALESTRA,C0783,ALESTRA,"ALESTRA SERVICIOS MOVILES, S.A. DE C.V.",0,0,0,0,963,963
518861,15/08/2023,2023,8,C020,ALESTRA,C0783,ALESTRA,"ALESTRA SERVICIOS MOVILES, S.A. DE C.V.",0,0,0,0,1018,1018
518861,15/09/2023,2023,9,C020,ALESTRA,C0783,ALESTRA,"ALESTRA SERVICIOS MOVILES, S.A. DE C.V.",0,0,0,0,1073,1073
518861,15/10/2023,2023,10,C020,ALESTRA,C0783,ALESTRA,"ALESTRA SERVICIOS MOVILES, S.A. DE C.V.",0,0,0,0,1172,1172
518861,15/11/2023,2023,11,C020,ALESTRA,C0783,ALESTRA,"ALESTRA SERVICIOS MOVILES, S.A. DE C.V.",0,0,0,0,1270,1270
518861,15/12/2023,2023,12,C020,ALESTRA,C0783,ALESTRA,"ALESTRA SERVICIOS MOVILES, S.A. DE C.V.",0,0,0,0,1402,1402
518861,15/01/2024,2024,1,C020,ALESTRA,C0783,ALESTRA,"ALESTRA SERVICIOS MOVILES, S.A. DE C.V.",0,0,0,0,1488,1488
518861,15/02/2024,2024,2,C020,ALESTRA,C0783,ALESTRA,"ALESTRA SERVICIOS MOVILES, S.A. DE C.V.",0,0,0,0,1547,1547
518861,15/03/2024,2024,3,C020,ALESTRA,C0783,ALESTRA,"ALESTRA SERVICIOS MOVILES, S.A. DE C.V.",0,0,0,0,1597,1597
518861,15/10/2024,2024,10,C020,ALESTRA,C0783,ALESTRA,"ALESTRA SERVICIOS MOVILES, S.A. DE C.V.",0,0,0,0,2141,2141
518861,15/11/2024,2024,11,C020,ALESTRA,C0783,ALESTRA,"ALESTRA SERVICIOS MOVILES, S.A. DE C.V.",0,0,0,0,2285,2285
518861,15/12/2024,2024,12,C020,ALESTRA,C0783,ALESTRA,"ALESTRA SERVICIOS MOVILES, S.A. DE C.V.",0,0,0,0,2358,2358
518870,15/01/2021,2021,1,C656,WEEX,C0566,WEEX,"COMRELOADED, S.A.P.I. DE C.V.",97259,0,0,0,0,97259
518870,15/02/2021,2021,2,C656,WEEX,C0566,WEEX,"COMRELOADED, S.A.P.I. DE C.V.",96309,0,0,0,0,96309
518870,15/03/2021,2021,3,C656,WEEX,C0566,WEEX,"COMRELOADED, S.A.P.I. DE C.V.",94383,0,0,0,0,94383
518870,15/04/2021,2021,4,C656,WEEX,C0566,WEEX,"COMRELOADED, S.A.P.I. DE C.V.",92961,0,0,0,0,92961
518870,15/05/2021,2021,5,C656,WEEX,C0566,WEEX,"COMRELOADED, S.A.P.I. DE C.V.",93072,0,0,0,0,93072
518870,15/06/2021,2021,6,C656,WEEX,C0566,WEEX,"COMRELOADED, S.A.P.I. DE C.V.",91894,0,0,0,0,91894
518870,15/07/2021,2021,7,C656,WEEX,C0566,WEEX,"COMRELOADED, S.A.P.I. DE C.V.",91366,0,0,0,0,91366
518870,15/08/2021,2021,8,C656,WEEX,C0566,WEEX,"COMRELOADED, S.A.P.I. DE C.V.",90583,0,0,0,0,90583
518870,15/09/2021,2021,9,C656,WEEX,C0566,WEEX,"COMRELOADED, S.A.P.I. DE C.V.",90290,0,0,0,0,90290
518870,15/10/2021,2021,10,C656,WEEX,C0566,WEEX,"COMRELOADED, S.A.P.I. DE C.V.",89829,0,0,0,0,89829
518870,15/11/2021,2021,11,C656,WEEX,C0566,WEEX,"COMRELOADED, S.A.P.I. DE C.V.",89545,0,0,0,0,89545
518870,15/12/2021,2021,12,C656,WEEX,C0566,WEEX,"COMRELOADED, S.A.P.I. DE C.V.",89039,0,0,0,0,89039
518870,15/01/2022,2022,1,C656,WEEX,C0566,WEEX,"COMRELOADED, S.A.P.I. DE C.V.",88419,0,0,0,0,88419
518870,15/02/2022,2022,2,C656,WEEX,C0566,WEEX,"COMRELOADED, S.A.P.I. DE C.V.",88053,0,0,0,0,88053
518870,15/03/2022,2022,3,C656,WEEX,C0566,WEEX,"COMRELOADED, S.A.P.I. DE C.V.",87203,0,0,0,0,87203
518870,15/04/2022,2022,4,C656,WEEX,C0566,WEEX,"COMRELOADED, S.A.P.I. DE C.V.",86109,0,0,0,0,86109
518870,15/05/2022,2022,5,C656,WEEX,C0566,WEEX,"COMRELOADED, S.A.P.I. DE C.V.",85813,0,0,0,0,85813
518870,15/06/2022,2022,6,C656,WEEX,C0566,WEEX,"COMRELOADED, S.A.P.I. DE C.V.",85378,0,0,0,0,85378
518870,15/07/2022,2022,7,C656,WEEX,C0566,WEEX,"COMRELOADED, S.A.P.I. DE C.V.",85204,0,0,0,0,85204
518870,15/08/2022,2022,8,C656,WEEX,C0566,WEEX,"COMRELOADED, S.A.P.I. DE C.V.",85009,0,0,0,0,85009
518870,15/09/2022,2022,9,C656,WEEX,C0566,WEEX,"COMRELOADED, S.A.P.I. DE C.V.",84524,0,0,0,0,84524
518870,15/10/2022,2022,10,C656,WEEX,C0566,WEEX,"COMRELOADED, S.A.P.I. DE C.V.",84156,0,0,0,0,84156
518870,15/11/2022,2022,11,C656,WEEX,C0566,WEEX,"COMRELOADED, S.A.P.I. DE C.V.",84089,0,0,0,0,84089
518870,15/12/2022,2022,12,C656,WEEX,C0566,WEEX,"COMRELOADED, S.A.P.I. DE C.V.",83750,0,0,0,0,83750
518870,15/01/2023,2023,1,C656,WEEX,C0566,WEEX,"COMRELOADED, S.A.P.I. DE C.V.",83196,0,0,0,0,83196
518870,15/02/2023,2023,2,C656,WEEX,C0566,WEEX,"COMRELOADED, S.A.P.I. DE C.V.",82090,0,0,0,0,82090
518870,15/03/2023,2023,3,C656,WEEX,C0566,WEEX,"COMRELOADED, S.A.P.I. DE C.V.",81234,0,0,0,0,81234
518870,15/04/2023,2023,4,C656,WEEX,C0566,WEEX,"COMRELOADED, S.A.P.I. DE C.V.",80303,0,0,0,0,80303
518870,15/05/2023,2023,5,C656,WEEX,C0566,WEEX,"COMRELOADED, S.A.P.I. DE C.V.",80220,0,0,0,0,80220
518870,15/06/2023,2023,6,C656,WEEX,C0566,WEEX,"COMRELOADED, S.A.P.I. DE C.V.",80242,0,0,0,0,80242
518870,15/07/2023,2023,7,C656,WEEX,C0566,WEEX,"COMRELOADED, S.A.P.I. DE C.V.",80190,0,0,0,0,80190
518870,15/08/2023,2023,8,C656,WEEX,C0566,WEEX,"COMRELOADED, S.A.P.I. DE C.V.",80269,0,0,0,0,80269
518870,15/09/2023,2023,9,C656,WEEX,C0566,WEEX,"COMRELOADED, S.A.P.I. DE C.V.",79942,0,0,0,0,79942
518870,15/10/2023,2023,10,C656,WEEX,C0566,WEEX,"COMRELOADED, S.A.P.I. DE C.V.",79900,0,0,0,0,79900
518870,15/11/2023,2023,11,C656,WEEX,C0566,WEEX,"COMRELOADED, S.A.P.I. DE C.V.",79420,0,0,0,0,79420
518870,15/12/2023,2023,12,C656,WEEX,C0566,WEEX,"COMRELOADED, S.A.P.I. DE C.V.",78996,0,0,0,0,78996
518870,15/01/2024,2024,1,C656,WEEX,C0566,WEEX,"COMRELOADED, S.A.P.I. DE C.V.",78255,0,0,0,0,78255
518870,15/02/2024,2024,2,C656,WEEX,C0566,WEEX,"COMRELOADED, S.A.P.I. DE C.V.",77340,0,0,0,0,77340
518870,15/03/2024,2024,3,C656,WEEX,C0566,WEEX,"COMRELOADED, S.A.P.I. DE C.V.",76629,0,0,0,0,76629
518870,15/04/2024,2024,4,C656,WEEX,C0566,WEEX,"COMRELOADED, S.A.P.I. DE C.V.",76083,0,0,0,0,76083
518870,15/05/2024,2024,5,C656,WEEX,C0566,WEEX,"COMRELOADED, S.A.P.I. DE C.V.",76107,0,0,0,0,76107
518870,15/06/2024,2024,6,C656,WEEX,C0566,WEEX,"COMRELOADED, S.A.P.I. DE C.V.",75493,0,0,0,0,75493
518870,15/07/2024,2024,7,C656,WEEX,C0566,WEEX,"COMRELOADED, S.A.P.I. DE C.V.",74716,0,0,0,0,74716
518870,15/08/2024,2024,8,C656,WEEX,C0566,WEEX,"COMRELOADED, S.A.P.I. DE C.V.",73873,0,0,0,0,73873
518870,15/09/2024,2024,9,C656,WEEX,C0566,WEEX,"COMRELOADED, S.A.P.I. DE C.V.",74199,0,0,0,0,74199
518870,15/10/2024,2024,10,C656,WEEX,C0566,WEEX,"COMRELOADED, S.A.P.I. DE C.V.",74021,0,0,0,0,74021
518870,15/11/2024,2024,11,C656,WEEX,C0566,WEEX,"COMRELOADED, S.A.P.I. DE C.V.",100706,0,0,0,0,100706
518870,15/12/2024,2024,12,C656,WEEX,C0566,WEEX,"COMRELOADED, S.A.P.I. DE C.V.",124629,0,0,0,0,124629
519163,15/01/2024,2024,1,C807,RED DOG,C0807,RED DOG,"CONVERGENCIA Y DESARROLLO DIGITAL, S.A. DE C.V.",0,0,0,0,45,45
519163,15/02/2024,2024,2,C807,RED DOG,C0807,RED DOG,"CONVERGENCIA Y DESARROLLO DIGITAL, S.A. DE C.V.",0,0,0,0,45,45
519163,15/03/2024,2024,3,C807,RED DOG,C0807,RED DOG,"CONVERGENCIA Y DESARROLLO DIGITAL, S.A. DE C.V.",0,0,0,0,23,23
519163,15/04/2024,2024,4,C807,RED DOG,C0807,RED DOG,"CONVERGENCIA Y DESARROLLO DIGITAL, S.A. DE C.V.",0,0,0,0,28,28
519163,15/05/2024,2024,5,C807,RED DOG,C0807,RED DOG,"CONVERGENCIA Y DESARROLLO DIGITAL, S.A. DE C.V.",0,0,0,0,36,36
519163,15/06/2024,2024,6,C807,RED DOG,C0807,RED DOG,"CONVERGENCIA Y DESARROLLO DIGITAL, S.A. DE C.V.",0,0,0,0,64,64
519163,15/07/2024,2024,7,C807,RED DOG,C0807,RED DOG,"CONVERGENCIA Y DESARROLLO DIGITAL, S.A. DE C.V.",0,0,0,0,141,141
519163,15/08/2024,2024,8,C807,RED DOG,C0807,RED DOG,"CONVERGENCIA Y DESARROLLO DIGITAL, S.A. DE C.V.",0,0,0,0,210,210
519163,15/09/2024,2024,9,C807,RED DOG,C0807,RED DOG,"CONVERGENCIA Y DESARROLLO DIGITAL, S.A. DE C.V.",0,0,0,0,223,223
519163,15/10/2024,2024,10,C807,RED DOG,C0807,RED DOG,"CONVERGENCIA Y DESARROLLO DIGITAL, S.A. DE C.V.",0,0,0,0,229,229
519163,15/11/2024,2024,11,C807,RED DOG,C0807,RED DOG,"CONVERGENCIA Y DESARROLLO DIGITAL, S.A. DE C.V.",0,0,0,0,239,239
519163,15/12/2024,2024,12,C807,RED DOG,C0807,RED DOG,"CONVERGENCIA Y DESARROLLO DIGITAL, S.A. DE C.V.",0,0,0,0,244,244
519208,15/03/2021,2021,3,C080,TELMOVIL,C0080,TELMOVIL,"TELMOV MOVIL, S.A. DE C.V.",0,0,0,0,901,901
519208,15/04/2021,2021,4,C080,TELMOVIL,C0080,TELMOVIL,"TELMOV MOVIL, S.A. DE C.V.",0,0,0,0,9376,9376
519208,15/05/2021,2021,5,C080,TELMOVIL,C0080,TELMOVIL,"TELMOV MOVIL, S.A. DE C.V.",0,0,0,0,22611,22611
519208,15/06/2021,2021,6,C080,TELMOVIL,C0080,TELMOVIL,"TELMOV MOVIL, S.A. DE C.V.",0,0,0,0,37058,37058
519208,15/07/2021,2021,7,C080,TELMOVIL,C0080,TELMOVIL,"TELMOV MOVIL, S.A. DE C.V.",0,0,0,0,52510,52510
519208,15/08/2021,2021,8,C080,TELMOVIL,C0080,TELMOVIL,"TELMOV MOVIL, S.A. DE C.V.",0,0,0,0,67895,67895
519208,15/09/2021,2021,9,C080,TELMOVIL,C0080,TELMOVIL,"TELMOV MOVIL, S.A. DE C.V.",0,0,0,0,68347,68347
519208,15/10/2021,2021,10,C080,TELMOVIL,C0080,TELMOVIL,"TELMOV MOVIL, S.A. DE C.V.",0,0,0,0,68703,68703
519208,15/11/2021,2021,11,C080,TELMOVIL,C0080,TELMOVIL,"TELMOV MOVIL, S.A. DE C.V.",0,0,0,0,86236,86236
519208,15/12/2021,2021,12,C080,TELMOVIL,C0080,TELMOVIL,"TELMOV MOVIL, S.A. DE C.V.",0,0,0,0,112104,112104
519208,15/01/2022,2022,1,C080,TELMOVIL,C0080,TELMOVIL,"TELMOV MOVIL, S.A. DE C.V.",112977,0,0,0,0,112977
519208,15/02/2022,2022,2,C080,TELMOVIL,C0080,TELMOVIL,"TELMOV MOVIL, S.A. DE C.V.",114332,0,0,0,0,114332
519208,15/03/2022,2022,3,C080,TELMOVIL,C0080,TELMOVIL,"TELMOV MOVIL, S.A. DE C.V.",113923,0,0,0,0,113923
519208,15/04/2022,2022,4,C080,TELMOVIL,C0080,TELMOVIL,"TELMOV MOVIL, S.A. DE C.V.",114650,0,0,0,0,114650
519208,15/05/2022,2022,5,C080,TELMOVIL,C0080,TELMOVIL,"TELMOV MOVIL, S.A. DE C.V.",115584,0,0,0,0,115584
519208,15/06/2022,2022,6,C080,TELMOVIL,C0080,TELMOVIL,"TELMOV MOVIL, S.A. DE C.V.",116464,0,0,0,0,116464
519208,15/07/2022,2022,7,C080,TELMOVIL,C0080,TELMOVIL,"TELMOV MOVIL, S.A. DE C.V.",117223,0,0,0,0,117223
519208,15/08/2022,2022,8,C080,TELMOVIL,C0080,TELMOVIL,"TELMOV MOVIL, S.A. DE C.V.",118078,0,0,0,0,118078
519208,15/09/2022,2022,9,C080,TELMOVIL,C0080,TELMOVIL,"TELMOV MOVIL, S.A. DE C.V.",118926,0,0,0,0,118926
519208,15/10/2022,2022,10,C080,TELMOVIL,C0080,TELMOVIL,"TELMOV MOVIL, S.A. DE C.V.",25605,0,0,0,0,25605
519208,15/11/2022,2022,11,C080,TELMOVIL,C0080,TELMOVIL,"TELMOV MOVIL, S.A. DE C.V.",26456,0,0,0,0,26456
519208,15/12/2022,2022,12,C080,TELMOVIL,C0080,TELMOVIL,"TELMOV MOVIL, S.A. DE C.V.",27445,0,0,0,0,27445
519208,15/01/2023,2023,1,C080,TELMOVIL,C0080,TELMOVIL,"TELMOV MOVIL, S.A. DE C.V.",28684,0,0,0,0,28684
519208,15/02/2023,2023,2,C080,TELMOVIL,C0080,TELMOVIL,"TELMOV MOVIL, S.A. DE C.V.",29809,0,0,0,0,29809
519208,15/03/2023,2023,3,C080,TELMOVIL,C0080,TELMOVIL,"TELMOV MOVIL, S.A. DE C.V.",12438,0,0,0,0,12438
519208,15/04/2023,2023,4,C080,TELMOVIL,C0080,TELMOVIL,"TELMOV MOVIL, S.A. DE C.V.",10709,0,0,0,0,10709
519208,15/05/2023,2023,5,C080,TELMOVIL,C0080,TELMOVIL,"TELMOV MOVIL, S.A. DE C.V.",9852,0,0,0,0,9852
519208,15/06/2023,2023,6,C080,TELMOVIL,C0080,TELMOVIL,"TELMOV MOVIL, S.A. DE C.V.",10863,0,0,0,0,10863
519208,15/07/2023,2023,7,C080,TELMOVIL,C0080,TELMOVIL,"TELMOV MOVIL, S.A. DE C.V.",13143,0,0,0,0,13143
519208,15/08/2023,2023,8,C080,TELMOVIL,C0080,TELMOVIL,"TELMOV MOVIL, S.A. DE C.V.",11803,0,0,0,0,11803
519208,15/09/2023,2023,9,C080,TELMOVIL,C0080,TELMOVIL,"TELMOV MOVIL, S.A. DE C.V.",12260,0,0,0,0,12260
519208,15/10/2023,2023,10,C080,TELMOVIL,C0080,TELMOVIL,"TELMOV MOVIL, S.A. DE C.V.",12488,0,0,0,0,12488
519208,15/11/2023,2023,11,C080,TELMOVIL,C0080,TELMOVIL,"TELMOV MOVIL, S.A. DE C.V.",13276,0,0,0,0,13276
519208,15/12/2023,2023,12,C080,TELMOVIL,C0080,TELMOVIL,"TELMOV MOVIL, S.A. DE C.V.",14110,0,0,0,0,14110
519208,15/01/2024,2024,1,C080,TELMOVIL,C0080,TELMOVIL,"TELMOV MOVIL, S.A. DE C.V.",16742,0,0,0,0,16742
519208,15/02/2024,2024,2,C080,TELMOVIL,C0080,TELMOVIL,"TELMOV MOVIL, S.A. DE C.V.",21025,0,0,0,0,21025
519208,15/03/2024,2024,3,C080,TELMOVIL,C0080,TELMOVIL,"TELMOV MOVIL, S.A. DE C.V.",27076,0,0,0,0,27076
519208,15/04/2024,2024,4,C080,TELMOVIL,C0080,TELMOVIL,"TELMOV MOVIL, S.A. DE C.V.",34233,0,0,0,0,34233
519208,15/05/2024,2024,5,C080,TELMOVIL,C0080,TELMOVIL,"TELMOV MOVIL, S.A. DE C.V.",32168,0,0,0,0,32168
519208,15/06/2024,2024,6,C080,TELMOVIL,C0080,TELMOVIL,"TELMOV MOVIL, S.A. DE C.V.",32877,0,0,0,0,32877
519208,15/07/2024,2024,7,C080,TELMOVIL,C0080,TELMOVIL,"TELMOV MOVIL, S.A. DE C.V.",34188,0,0,0,0,34188
519208,15/08/2024,2024,8,C080,TELMOVIL,C0080,TELMOVIL,"TELMOV MOVIL, S.A. DE C.V.",35919,0,0,0,0,35919
519208,15/09/2024,2024,9,C080,TELMOVIL,C0080,TELMOVIL,"TELMOV MOVIL, S.A. DE C.V.",37140,0,0,0,0,37140
519208,15/10/2024,2024,10,C080,TELMOVIL,C0080,TELMOVIL,"TELMOV MOVIL, S.A. DE C.V.",34697,0,0,0,0,34697
519208,15/11/2024,2024,11,C080,TELMOVIL,C0080,TELMOVIL,"TELMOV MOVIL, S.A. DE C.V.",34723,0,0,0,0,34723
519208,15/12/2024,2024,12,C080,TELMOVIL,C0080,TELMOVIL,"TELMOV MOVIL, S.A. DE C.V.",36069,0,0,0,0,36069
519363,15/04/2021,2021,4,C473,MARKETING 358,C0473,MARKETING 358,"MARKETING 358, S.A. DE C.V.",0,0,0,0,1,1
519363,15/05/2021,2021,5,C473,MARKETING 358,C0473,MARKETING 358,"MARKETING 358, S.A. DE C.V.",0,0,0,0,1,1
519363,15/06/2021,2021,6,C473,MARKETING 358,C0473,MARKETING 358,"MARKETING 358, S.A. DE C.V.",0,0,0,0,2,2
519363,15/07/2021,2021,7,C473,MARKETING 358,C0473,MARKETING 358,"MARKETING 358, S.A. DE C.V.",0,0,0,0,1945,1945
519363,15/08/2021,2021,8,C473,MARKETING 358,C0473,MARKETING 358,"MARKETING 358, S.A. DE C.V.",0,0,0,0,5027,5027
519363,15/09/2021,2021,9,C473,MARKETING 358,C0473,MARKETING 358,"MARKETING 358, S.A. DE C.V.",0,0,0,0,14344,14344
519363,15/10/2021,2021,10,C473,MARKETING 358,C0473,MARKETING 358,"MARKETING 358, S.A. DE C.V.",0,0,0,0,22815,22815
519363,15/11/2021,2021,11,C473,MARKETING 358,C0473,MARKETING 358,"MARKETING 358, S.A. DE C.V.",0,0,0,0,27841,27841
519363,15/12/2021,2021,12,C473,MARKETING 358,C0473,MARKETING 358,"MARKETING 358, S.A. DE C.V.",0,0,0,0,31736,31736
519363,15/01/2022,2022,1,C473,MARKETING 358,C0473,MARKETING 358,"MARKETING 358, S.A. DE C.V.",37687,0,0,0,0,37687
519363,15/02/2022,2022,2,C473,MARKETING 358,C0473,MARKETING 358,"MARKETING 358, S.A. DE C.V.",42111,0,0,0,0,42111
519363,15/03/2022,2022,3,C473,MARKETING 358,C0473,MARKETING 358,"MARKETING 358, S.A. DE C.V.",32869,0,0,0,0,32869
519363,15/04/2022,2022,4,C473,MARKETING 358,C0473,MARKETING 358,"MARKETING 358, S.A. DE C.V.",35057,0,0,0,0,35057
519363,15/05/2022,2022,5,C473,MARKETING 358,C0473,MARKETING 358,"MARKETING 358, S.A. DE C.V.",37681,0,0,0,0,37681
519363,15/06/2022,2022,6,C473,MARKETING 358,C0473,MARKETING 358,"MARKETING 358, S.A. DE C.V.",40137,0,0,0,0,40137
519363,15/07/2022,2022,7,C473,MARKETING 358,C0473,MARKETING 358,"MARKETING 358, S.A. DE C.V.",39101,0,0,0,0,39101
519363,15/08/2022,2022,8,C473,MARKETING 358,C0473,MARKETING 358,"MARKETING 358, S.A. DE C.V.",40934,0,0,0,0,40934
519363,15/09/2022,2022,9,C473,MARKETING 358,C0473,MARKETING 358,"MARKETING 358, S.A. DE C.V.",42991,0,0,0,0,42991
519363,15/10/2022,2022,10,C473,MARKETING 358,C0473,MARKETING 358,"MARKETING 358, S.A. DE C.V.",44984,0,0,0,0,44984
519363,15/11/2022,2022,11,C473,MARKETING 358,C0473,MARKETING 358,"MARKETING 358, S.A. DE C.V.",34926,0,0,0,0,34926
519363,15/12/2022,2022,12,C473,MARKETING 358,C0473,MARKETING 358,"MARKETING 358, S.A. DE C.V.",38105,0,0,0,0,38105
519363,15/01/2023,2023,1,C473,MARKETING 358,C0473,MARKETING 358,"MARKETING 358, S.A. DE C.V.",41464,0,0,0,0,41464
519363,15/02/2023,2023,2,C473,MARKETING 358,C0473,MARKETING 358,"MARKETING 358, S.A. DE C.V.",35507,0,0,0,0,35507
519363,15/03/2023,2023,3,C473,MARKETING 358,C0473,MARKETING 358,"MARKETING 358, S.A. DE C.V.",33340,0,0,0,0,33340
519363,15/04/2023,2023,4,C473,MARKETING 358,C0473,MARKETING 358,"MARKETING 358, S.A. DE C.V.",35415,0,0,0,0,35415
519363,15/05/2023,2023,5,C473,MARKETING 358,C0473,MARKETING 358,"MARKETING 358, S.A. DE C.V.",37857,0,0,0,0,37857
519363,15/06/2023,2023,6,C473,MARKETING 358,C0473,MARKETING 358,"MARKETING 358, S.A. DE C.V.",38304,0,0,0,0,38304
519363,15/10/2023,2023,10,C473,MARKETING 358,C0473,MARKETING 358,"MARKETING 358, S.A. DE C.V.",34133,0,0,0,0,34133
519363,15/11/2023,2023,11,C473,MARKETING 358,C0473,MARKETING 358,"MARKETING 358, S.A. DE C.V.",32085,0,0,0,0,32085
519363,15/12/2023,2023,12,C473,MARKETING 358,C0473,MARKETING 358,"MARKETING 358, S.A. DE C.V.",32988,0,0,0,0,32988
519363,15/01/2024,2024,1,C473,MARKETING 358,C0473,MARKETING 358,"MARKETING 358, S.A. DE C.V.",29350,0,0,0,0,29350
519363,15/02/2024,2024,2,C473,MARKETING 358,C0473,MARKETING 358,"MARKETING 358, S.A. DE C.V.",30221,0,0,0,0,30221
519363,15/03/2024,2024,3,C473,MARKETING 358,C0473,MARKETING 358,"MARKETING 358, S.A. DE C.V.",30910,0,0,0,0,30910
519363,15/04/2024,2024,4,C473,MARKETING 358,C0473,MARKETING 358,"MARKETING 358, S.A. DE C.V.",28708,0,0,0,0,28708
519363,15/05/2024,2024,5,C473,MARKETING 358,C0473,MARKETING 358,"MARKETING 358, S.A. DE C.V.",29395,0,0,0,0,29395
519363,15/06/2024,2024,6,C473,MARKETING 358,C0473,MARKETING 358,"MARKETING 358, S.A. DE C.V.",27408,0,0,0,0,27408
519363,15/07/2024,2024,7,C473,MARKETING 358,C0473,MARKETING 358,"MARKETING 358, S.A. DE C.V.",28163,0,0,0,0,28163
519363,15/08/2024,2024,8,C473,MARKETING 358,C0473,MARKETING 358,"MARKETING 358, S.A. DE C.V.",26949,0,0,0,0,26949
519363,15/09/2024,2024,9,C473,MARKETING 358,C0473,MARKETING 358,"MARKETING 358, S.A. DE C.V.",27821,0,0,0,0,27821
519413,15/04/2022,2022,4,C467,VIRAL,C0467,VIRAL,"VIRAL CEL, S.A. DE C.V.",0,0,0,0,199,199
519413,15/05/2022,2022,5,C467,VIRAL,C0467,VIRAL,"VIRAL CEL, S.A. DE C.V.",0,0,0,0,221,221
519413,15/06/2022,2022,6,C467,VIRAL,C0467,VIRAL,"VIRAL CEL, S.A. DE C.V.",0,0,0,0,224,224
519413,15/07/2022,2022,7,C467,VIRAL,C0467,VIRAL,"VIRAL CEL, S.A. DE C.V.",0,0,0,0,249,249
519413,15/08/2022,2022,8,C467,VIRAL,C0467,VIRAL,"VIRAL CEL, S.A. DE C.V.",0,0,0,0,269,269
519413,15/09/2022,2022,9,C467,VIRAL,C0467,VIRAL,"VIRAL CEL, S.A. DE C.V.",0,0,0,0,280,280
519413,15/10/2022,2022,10,C467,VIRAL,C0467,VIRAL,"VIRAL CEL, S.A. DE C.V.",0,0,0,0,270,270
519413,15/11/2022,2022,11,C467,VIRAL,C0467,VIRAL,"VIRAL CEL, S.A. DE C.V.",0,0,0,0,293,293
519413,15/12/2022,2022,12,C467,VIRAL,C0467,VIRAL,"VIRAL CEL, S.A. DE C.V.",0,0,0,0,305,305
519422,15/04/2021,2021,4,C511,BROMOVIL,C0511,BROMOVIL,"BROCOMUNICACIONES MOVILES, S.A.P.I. DE C.V.",0,0,0,0,2,2
519422,15/05/2021,2021,5,C511,BROMOVIL,C0511,BROMOVIL,"BROCOMUNICACIONES MOVILES, S.A.P.I. DE C.V.",0,0,0,0,1,1
519422,15/06/2021,2021,6,C511,BROMOVIL,C0511,BROMOVIL,"BROCOMUNICACIONES MOVILES, S.A.P.I. DE C.V.",0,0,0,0,6,6
519422,15/07/2021,2021,7,C511,BROMOVIL,C0511,BROMOVIL,"BROCOMUNICACIONES MOVILES, S.A.P.I. DE C.V.",0,0,0,0,22,22
519422,15/08/2021,2021,8,C511,BROMOVIL,C0511,BROMOVIL,"BROCOMUNICACIONES MOVILES, S.A.P.I. DE C.V.",0,0,0,0,84,84
519422,15/09/2021,2021,9,C511,BROMOVIL,C0511,BROMOVIL,"BROCOMUNICACIONES MOVILES, S.A.P.I. DE C.V.",0,0,0,0,114,114
519422,15/10/2021,2021,10,C511,BROMOVIL,C0511,BROMOVIL,"BROCOMUNICACIONES MOVILES, S.A.P.I. DE C.V.",0,0,0,0,166,166
519422,15/11/2021,2021,11,C511,BROMOVIL,C0511,BROMOVIL,"BROCOMUNICACIONES MOVILES, S.A.P.I. DE C.V.",0,0,0,0,136,136
519422,15/12/2021,2021,12,C511,BROMOVIL,C0511,BROMOVIL,"BROCOMUNICACIONES MOVILES, S.A.P.I. DE C.V.",0,0,0,0,193,193
519422,15/01/2022,2022,1,C511,BROMOVIL,C0511,BROMOVIL,"BROCOMUNICACIONES MOVILES, S.A.P.I. DE C.V.",0,0,0,0,831,831
519422,15/02/2022,2022,2,C511,BROMOVIL,C0511,BROMOVIL,"BROCOMUNICACIONES MOVILES, S.A.P.I. DE C.V.",0,0,0,0,1046,1046
519422,15/03/2022,2022,3,C511,BROMOVIL,C0511,BROMOVIL,"BROCOMUNICACIONES MOVILES, S.A.P.I. DE C.V.",0,0,0,0,1358,1358
519422,15/04/2022,2022,4,C511,BROMOVIL,C0511,BROMOVIL,"BROCOMUNICACIONES MOVILES, S.A.P.I. DE C.V.",0,0,0,0,1720,1720
519422,15/05/2022,2022,5,C511,BROMOVIL,C0511,BROMOVIL,"BROCOMUNICACIONES MOVILES, S.A.P.I. DE C.V.",0,0,0,0,2049,2049
519422,15/06/2022,2022,6,C511,BROMOVIL,C0511,BROMOVIL,"BROCOMUNICACIONES MOVILES, S.A.P.I. DE C.V.",0,0,0,0,2441,2441
519422,15/07/2022,2022,7,C511,BROMOVIL,C0511,BROMOVIL,"BROCOMUNICACIONES MOVILES, S.A.P.I. DE C.V.",0,0,0,0,2900,2900
519422,15/08/2022,2022,8,C511,BROMOVIL,C0511,BROMOVIL,"BROCOMUNICACIONES MOVILES, S.A.P.I. DE C.V.",0,0,0,0,3434,3434
519422,15/09/2022,2022,9,C511,BROMOVIL,C0511,BROMOVIL,"BROCOMUNICACIONES MOVILES, S.A.P.I. DE C.V.",0,0,0,0,3748,3748
519422,15/10/2022,2022,10,C511,BROMOVIL,C0511,BROMOVIL,"BROCOMUNICACIONES MOVILES, S.A.P.I. DE C.V.",0,0,0,0,4335,4335
519422,15/11/2022,2022,11,C511,BROMOVIL,C0511,BROMOVIL,"BROCOMUNICACIONES MOVILES, S.A.P.I. DE C.V.",0,0,0,0,4836,4836
519422,15/12/2022,2022,12,C511,BROMOVIL,C0511,BROMOVIL,"BROCOMUNICACIONES MOVILES, S.A.P.I. DE C.V.",0,0,0,0,5340,5340
519422,15/01/2023,2023,1,C511,BROMOVIL,C0511,BROMOVIL,"BROCOMUNICACIONES MOVILES, S.A.P.I. DE C.V.",0,0,0,0,6616,6616
519422,15/02/2023,2023,2,C511,BROMOVIL,C0511,BROMOVIL,"BROCOMUNICACIONES MOVILES, S.A.P.I. DE C.V.",0,0,0,0,7503,7503
519422,15/03/2023,2023,3,C511,BROMOVIL,C0511,BROMOVIL,"BROCOMUNICACIONES MOVILES, S.A.P.I. DE C.V.",0,0,0,0,8624,8624
519422,15/04/2023,2023,4,C511,BROMOVIL,C0511,BROMOVIL,"BROCOMUNICACIONES MOVILES, S.A.P.I. DE C.V.",0,0,0,0,9478,9478
519422,15/05/2023,2023,5,C511,BROMOVIL,C0511,BROMOVIL,"BROCOMUNICACIONES MOVILES, S.A.P.I. DE C.V.",0,0,0,0,10219,10219
519422,15/06/2023,2023,6,C511,BROMOVIL,C0511,BROMOVIL,"BROCOMUNICACIONES MOVILES, S.A.P.I. DE C.V.",0,0,0,0,11160,11160
519422,15/07/2023,2023,7,C511,BROMOVIL,C0511,BROMOVIL,"BROCOMUNICACIONES MOVILES, S.A.P.I. DE C.V.",0,0,0,0,12469,12469
519422,15/08/2023,2023,8,C511,BROMOVIL,C0511,BROMOVIL,"BROCOMUNICACIONES MOVILES, S.A.P.I. DE C.V.",0,0,0,0,12937,12937
519422,15/09/2023,2023,9,C511,BROMOVIL,C0511,BROMOVIL,"BROCOMUNICACIONES MOVILES, S.A.P.I. DE C.V.",0,0,0,0,14241,14241
519422,15/10/2023,2023,10,C511,BROMOVIL,C0511,BROMOVIL,"BROCOMUNICACIONES MOVILES, S.A.P.I. DE C.V.",0,0,0,0,16379,16379
519422,15/11/2023,2023,11,C511,BROMOVIL,C0511,BROMOVIL,"BROCOMUNICACIONES MOVILES, S.A.P.I. DE C.V.",0,0,0,0,17978,17978
519422,15/12/2023,2023,12,C511,BROMOVIL,C0511,BROMOVIL,"BROCOMUNICACIONES MOVILES, S.A.P.I. DE C.V.",0,0,0,0,19865,19865
519422,15/01/2024,2024,1,C511,BROMOVIL,C0511,BROMOVIL,"BROCOMUNICACIONES MOVILES, S.A.P.I. DE C.V.",20962,0,0,0,0,20962
519422,15/02/2024,2024,2,C511,BROMOVIL,C0511,BROMOVIL,"BROCOMUNICACIONES MOVILES, S.A.P.I. DE C.V.",20719,0,0,0,0,20719
519422,15/03/2024,2024,3,C511,BROMOVIL,C0511,BROMOVIL,"BROCOMUNICACIONES MOVILES, S.A.P.I. DE C.V.",21877,0,0,0,0,21877
519422,15/04/2024,2024,4,C511,BROMOVIL,C0511,BROMOVIL,"BROCOMUNICACIONES MOVILES, S.A.P.I. DE C.V.",15076,0,0,0,0,15076
519422,15/05/2024,2024,5,C511,BROMOVIL,C0511,BROMOVIL,"BROCOMUNICACIONES MOVILES, S.A.P.I. DE C.V.",16567,0,0,0,0,16567
519422,15/06/2024,2024,6,C511,BROMOVIL,C0511,BROMOVIL,"BROCOMUNICACIONES MOVILES, S.A.P.I. DE C.V.",16279,0,0,0,0,16279
519422,15/07/2024,2024,7,C511,BROMOVIL,C0511,BROMOVIL,"BROCOMUNICACIONES MOVILES, S.A.P.I. DE C.V.",17416,0,0,0,0,17416
519422,15/08/2024,2024,8,C511,BROMOVIL,C0511,BROMOVIL,"BROCOMUNICACIONES MOVILES, S.A.P.I. DE C.V.",17993,0,0,0,0,17993
519422,15/09/2024,2024,9,C511,BROMOVIL,C0511,BROMOVIL,"BROCOMUNICACIONES MOVILES, S.A.P.I. DE C.V.",18614,0,0,0,0,18614
519422,15/10/2024,2024,10,C511,BROMOVIL,C0511,BROMOVIL,"BROCOMUNICACIONES MOVILES, S.A.P.I. DE C.V.",20750,0,0,0,0,20750
519422,15/11/2024,2024,11,C511,BROMOVIL,C0511,BROMOVIL,"BROCOMUNICACIONES MOVILES, S.A.P.I. DE C.V.",19560,0,0,0,0,19560
519422,15/12/2024,2024,12,C511,BROMOVIL,C0511,BROMOVIL,"BROCOMUNICACIONES MOVILES, S.A.P.I. DE C.V.",20030,0,0,0,0,20030
519528,15/01/2024,2024,1,C551,BIEN CEL,C0551,BIEN CEL,"LIDER EN PREPAGO, S.A. DE C.V.",0,0,0,0,2896,2896
519528,15/02/2024,2024,2,C551,BIEN CEL,C0551,BIEN CEL,"LIDER EN PREPAGO, S.A. DE C.V.",0,0,0,0,2894,2894
519528,15/03/2024,2024,3,C551,BIEN CEL,C0551,BIEN CEL,"LIDER EN PREPAGO, S.A. DE C.V.",0,0,0,0,3011,3011
519528,15/04/2024,2024,4,C551,BIEN CEL,C0551,BIEN CEL,"LIDER EN PREPAGO, S.A. DE C.V.",0,0,0,0,3013,3013
519528,15/05/2024,2024,5,C551,BIEN CEL,C0551,BIEN CEL,"LIDER EN PREPAGO, S.A. DE C.V.",0,0,0,0,2851,2851
519528,15/06/2024,2024,6,C551,BIEN CEL,C0551,BIEN CEL,"LIDER EN PREPAGO, S.A. DE C.V.",0,0,0,0,2779,2779
519528,15/07/2024,2024,7,C551,BIEN CEL,C0551,BIEN CEL,"LIDER EN PREPAGO, S.A. DE C.V.",0,0,0,0,2839,2839
519528,15/08/2024,2024,8,C551,BIEN CEL,C0551,BIEN CEL,"LIDER EN PREPAGO, S.A. DE C.V.",0,0,0,0,2849,2849
519528,15/09/2024,2024,9,C551,BIEN CEL,C0551,BIEN CEL,"LIDER EN PREPAGO, S.A. DE C.V.",0,0,0,0,2773,2773
519528,15/10/2024,2024,10,C551,BIEN CEL,C0551,BIEN CEL,"LIDER EN PREPAGO, S.A. DE C.V.",0,0,0,0,2735,2735
519528,15/11/2024,2024,11,C551,BIEN CEL,C0551,BIEN CEL,"LIDER EN PREPAGO, S.A. DE C.V.",0,0,0,0,2668,2668
519528,15/12/2024,2024,12,C551,BIEN CEL,C0551,BIEN CEL,"LIDER EN PREPAGO, S.A. DE C.V.",0,0,0,0,2621,2621
519546,15/01/2022,2022,1,C794,GAMERS,C0794,GAMERS,"GAMEPLANET, S.A. DE C.V.",0,0,0,0,756,756
519546,15/02/2022,2022,2,C794,GAMERS,C0794,GAMERS,"GAMEPLANET, S.A. DE C.V.",0,0,0,0,448,448
519546,15/03/2022,2022,3,C794,GAMERS,C0794,GAMERS,"GAMEPLANET, S.A. DE C.V.",0,0,0,0,205,205
519546,15/04/2022,2022,4,C794,GAMERS,C0794,GAMERS,"GAMEPLANET, S.A. DE C.V.",0,0,0,0,140,140
519546,15/05/2022,2022,5,C794,GAMERS,C0794,GAMERS,"GAMEPLANET, S.A. DE C.V.",0,0,0,0,185,185
519546,15/06/2022,2022,6,C794,GAMERS,C0794,GAMERS,"GAMEPLANET, S.A. DE C.V.",0,0,0,0,125,125
519546,15/07/2022,2022,7,C794,GAMERS,C0794,GAMERS,"GAMEPLANET, S.A. DE C.V.",0,0,0,0,121,121
519546,15/08/2022,2022,8,C794,GAMERS,C0794,GAMERS,"GAMEPLANET, S.A. DE C.V.",0,0,0,0,107,107
519546,15/09/2022,2022,9,C794,GAMERS,C0794,GAMERS,"GAMEPLANET, S.A. DE C.V.",0,0,0,0,94,94
519546,15/10/2022,2022,10,C794,GAMERS,C0794,GAMERS,"GAMEPLANET, S.A. DE C.V.",0,0,0,0,125,125
519546,15/11/2022,2022,11,C794,GAMERS,C0794,GAMERS,"GAMEPLANET, S.A. DE C.V.",0,0,0,0,105,105
519546,15/12/2022,2022,12,C794,GAMERS,C0794,GAMERS,"GAMEPLANET, S.A. DE C.V.",0,0,0,0,130,130
519546,15/01/2023,2023,1,C794,GAMERS,C0794,GAMERS,"GAMEPLANET, S.A. DE C.V.",0,0,0,0,212,212
519546,15/02/2023,2023,2,C794,GAMERS,C0794,GAMERS,"GAMEPLANET, S.A. DE C.V.",0,0,0,0,132,132
519546,15/03/2023,2023,3,C794,GAMERS,C0794,GAMERS,"GAMEPLANET, S.A. DE C.V.",0,0,0,0,128,128
519546,15/04/2023,2023,4,C794,GAMERS,C0794,GAMERS,"GAMEPLANET, S.A. DE C.V.",0,0,0,0,193,193
519546,15/05/2023,2023,5,C794,GAMERS,C0794,GAMERS,"GAMEPLANET, S.A. DE C.V.",0,0,0,0,144,144
519546,15/06/2023,2023,6,C794,GAMERS,C0794,GAMERS,"GAMEPLANET, S.A. DE C.V.",0,0,0,0,176,176
519546,15/07/2023,2023,7,C794,GAMERS,C0794,GAMERS,"GAMEPLANET, S.A. DE C.V.",0,0,0,0,216,216
519546,15/08/2023,2023,8,C794,GAMERS,C0794,GAMERS,"GAMEPLANET, S.A. DE C.V.",0,0,0,0,174,174
519546,15/09/2023,2023,9,C794,GAMERS,C0794,GAMERS,"GAMEPLANET, S.A. DE C.V.",0,0,0,0,165,165
519546,15/10/2023,2023,10,C794,GAMERS,C0794,GAMERS,"GAMEPLANET, S.A. DE C.V.",0,0,0,0,142,142
519546,15/11/2023,2023,11,C794,GAMERS,C0794,GAMERS,"GAMEPLANET, S.A. DE C.V.",0,0,0,0,159,159
519546,15/12/2023,2023,12,C794,GAMERS,C0794,GAMERS,"GAMEPLANET, S.A. DE C.V.",0,0,0,0,124,124
519546,15/01/2024,2024,1,C794,GAMERS,C0794,GAMERS,"GAMEPLANET, S.A. DE C.V.",0,0,0,0,1263,1263
519546,15/02/2024,2024,2,C794,GAMERS,C0794,GAMERS,"GAMEPLANET, S.A. DE C.V.",0,0,0,0,1215,1215
519546,15/03/2024,2024,3,C794,GAMERS,C0794,GAMERS,"GAMEPLANET, S.A. DE C.V.",0,0,0,0,1124,1124
519546,15/04/2024,2024,4,C794,GAMERS,C0794,GAMERS,"GAMEPLANET, S.A. DE C.V.",0,0,0,0,1367,1367
519546,15/05/2024,2024,5,C794,GAMERS,C0794,GAMERS,"GAMEPLANET, S.A. DE C.V.",0,0,0,0,1371,1371
519546,15/06/2024,2024,6,C794,GAMERS,C0794,GAMERS,"GAMEPLANET, S.A. DE C.V.",0,0,0,0,1328,1328
519546,15/07/2024,2024,7,C794,GAMERS,C0794,GAMERS,"GAMEPLANET, S.A. DE C.V.",0,0,0,0,1291,1291
519546,15/08/2024,2024,8,C794,GAMERS,C0794,GAMERS,"GAMEPLANET, S.A. DE C.V.",0,0,0,0,1296,1296
519546,15/09/2024,2024,9,C794,GAMERS,C0794,GAMERS,"GAMEPLANET, S.A. DE C.V.",0,0,0,0,1294,1294
519546,15/10/2024,2024,10,C794,GAMERS,C0794,GAMERS,"GAMEPLANET, S.A. DE C.V.",0,0,0,0,1242,1242
519546,15/11/2024,2024,11,C794,GAMERS,C0794,GAMERS,"GAMEPLANET, S.A. DE C.V.",0,0,0,0,1083,1083
519546,15/12/2024,2024,12,C794,GAMERS,C0794,GAMERS,"GAMEPLANET, S.A. DE C.V.",0,0,0,0,950,950
519552,15/01/2022,2022,1,C806,CELFI,C0806,CELFI,"CELSFI, S.A. DE C.V.",0,0,0,0,191,191
519552,15/02/2022,2022,2,C806,CELFI,C0806,CELFI,"CELSFI, S.A. DE C.V.",0,0,0,0,204,204
519552,15/03/2022,2022,3,C806,CELFI,C0806,CELFI,"CELSFI, S.A. DE C.V.",0,0,0,0,208,208
519552,15/04/2022,2022,4,C806,CELFI,C0806,CELFI,"CELSFI, S.A. DE C.V.",0,0,0,0,209,209
519552,15/05/2022,2022,5,C806,CELFI,C0806,CELFI,"CELSFI, S.A. DE C.V.",0,0,0,0,213,213
519552,15/06/2022,2022,6,C806,CELFI,C0806,CELFI,"CELSFI, S.A. DE C.V.",0,0,0,0,218,218
519552,15/07/2022,2022,7,C806,CELFI,C0806,CELFI,"CELSFI, S.A. DE C.V.",0,0,0,0,189,189
519552,15/08/2022,2022,8,C806,CELFI,C0806,CELFI,"CELSFI, S.A. DE C.V.",0,0,0,0,190,190
519552,15/09/2022,2022,9,C806,CELFI,C0806,CELFI,"CELSFI, S.A. DE C.V.",0,0,0,0,194,194
519552,15/10/2022,2022,10,C806,CELFI,C0806,CELFI,"CELSFI, S.A. DE C.V.",0,0,0,0,208,208
519552,15/11/2022,2022,11,C806,CELFI,C0806,CELFI,"CELSFI, S.A. DE C.V.",0,0,0,0,299,299
519552,15/12/2022,2022,12,C806,CELFI,C0806,CELFI,"CELSFI, S.A. DE C.V.",0,0,0,0,391,391
519552,15/01/2023,2023,1,C806,CELFI,C0806,CELFI,"CELSFI, S.A. DE C.V.",0,0,0,0,500,500
519552,15/02/2023,2023,2,C806,CELFI,C0806,CELFI,"CELSFI, S.A. DE C.V.",0,0,0,0,524,524
519552,15/03/2023,2023,3,C806,CELFI,C0806,CELFI,"CELSFI, S.A. DE C.V.",0,0,0,0,624,624
519552,15/04/2023,2023,4,C806,CELFI,C0806,CELFI,"CELSFI, S.A. DE C.V.",0,0,0,0,640,640
519552,15/05/2023,2023,5,C806,CELFI,C0806,CELFI,"CELSFI, S.A. DE C.V.",0,0,0,0,746,746
519552,15/06/2023,2023,6,C806,CELFI,C0806,CELFI,"CELSFI, S.A. DE C.V.",0,0,0,0,779,779
519552,15/07/2023,2023,7,C806,CELFI,C0806,CELFI,"CELSFI, S.A. DE C.V.",0,0,0,0,801,801
519552,15/08/2023,2023,8,C806,CELFI,C0806,CELFI,"CELSFI, S.A. DE C.V.",0,0,0,0,882,882
519552,15/09/2023,2023,9,C806,CELFI,C0806,CELFI,"CELSFI, S.A. DE C.V.",0,0,0,0,1051,1051
519552,15/10/2023,2023,10,C806,CELFI,C0806,CELFI,"CELSFI, S.A. DE C.V.",0,0,0,0,1074,1074
519552,15/11/2023,2023,11,C806,CELFI,C0806,CELFI,"CELSFI, S.A. DE C.V.",0,0,0,0,1172,1172
519552,15/12/2023,2023,12,C806,CELFI,C0806,CELFI,"CELSFI, S.A. DE C.V.",0,0,0,0,1514,1514
519552,15/01/2024,2024,1,C806,CELFI,C0806,CELFI,"CELSFI, S.A. DE C.V.",0,0,0,0,1545,1545
519552,15/02/2024,2024,2,C806,CELFI,C0806,CELFI,"CELSFI, S.A. DE C.V.",0,0,0,0,1582,1582
519552,15/03/2024,2024,3,C806,CELFI,C0806,CELFI,"CELSFI, S.A. DE C.V.",0,0,0,0,1411,1411
519552,15/04/2024,2024,4,C806,CELFI,C0806,CELFI,"CELSFI, S.A. DE C.V.",0,0,0,0,1448,1448
519552,15/05/2024,2024,5,C806,CELFI,C0806,CELFI,"CELSFI, S.A. DE C.V.",0,0,0,0,1392,1392
519552,15/06/2024,2024,6,C806,CELFI,C0806,CELFI,"CELSFI, S.A. DE C.V.",0,0,0,0,1408,1408
519552,15/07/2024,2024,7,C806,CELFI,C0806,CELFI,"CELSFI, S.A. DE C.V.",0,0,0,0,1431,1431
519552,15/08/2024,2024,8,C806,CELFI,C0806,CELFI,"CELSFI, S.A. DE C.V.",0,0,0,0,1493,1493
519552,15/09/2024,2024,9,C806,CELFI,C0806,CELFI,"CELSFI, S.A. DE C.V.",0,0,0,0,1518,1518
519552,15/10/2024,2024,10,C806,CELFI,C0806,CELFI,"CELSFI, S.A. DE C.V.",0,0,0,0,1533,1533
519552,15/11/2024,2024,11,C806,CELFI,C0806,CELFI,"CELSFI, S.A. DE C.V.",0,0,0,0,1529,1529
519552,15/12/2024,2024,12,C806,CELFI,C0806,CELFI,"CELSFI, S.A. DE C.V.",0,0,0,0,1529,1529
519622,15/01/2022,2022,1,C832,MO!NET,C0832,MO!NET,"PLASMA VISION, S.A. DE C.V.",0,0,0,0,72,72
519622,15/02/2022,2022,2,C832,MO!NET,C0832,MO!NET,"PLASMA VISION, S.A. DE C.V.",0,0,0,0,104,104
519622,15/03/2022,2022,3,C832,MO!NET,C0832,MO!NET,"PLASMA VISION, S.A. DE C.V.",0,0,0,0,219,219
519622,15/04/2022,2022,4,C832,MO!NET,C0832,MO!NET,"PLASMA VISION, S.A. DE C.V.",0,0,0,0,355,355
519622,15/05/2022,2022,5,C832,MO!NET,C0832,MO!NET,"PLASMA VISION, S.A. DE C.V.",0,0,0,0,491,491
519622,15/06/2022,2022,6,C832,MO!NET,C0832,MO!NET,"PLASMA VISION, S.A. DE C.V.",0,0,0,0,656,656
519622,15/07/2022,2022,7,C832,MO!NET,C0832,MO!NET,"PLASMA VISION, S.A. DE C.V.",0,0,0,0,737,737
519622,15/08/2022,2022,8,C832,MO!NET,C0832,MO!NET,"PLASMA VISION, S.A. DE C.V.",0,0,0,0,774,774
519622,15/09/2022,2022,9,C832,MO!NET,C0832,MO!NET,"PLASMA VISION, S.A. DE C.V.",0,0,0,0,816,816
519622,15/10/2022,2022,10,C832,MO!NET,C0832,MO!NET,"PLASMA VISION, S.A. DE C.V.",0,0,0,0,851,851
519622,15/11/2022,2022,11,C832,MO!NET,C0832,MO!NET,"PLASMA VISION, S.A. DE C.V.",0,0,0,0,882,882
519622,15/12/2022,2022,12,C832,MO!NET,C0832,MO!NET,"PLASMA VISION, S.A. DE C.V.",0,0,0,0,927,927
519623,15/01/2022,2022,1,C805,AXIOS MOBILE,C0805,AXIOS MOBILE,"AXIOS COMUNICACIONES, S. DE R.L. DE C.V.",0,0,0,0,1518,1518
519623,15/02/2022,2022,2,C805,AXIOS MOBILE,C0805,AXIOS MOBILE,"AXIOS COMUNICACIONES, S. DE R.L. DE C.V.",0,0,0,0,1873,1873
519623,15/03/2022,2022,3,C805,AXIOS MOBILE,C0805,AXIOS MOBILE,"AXIOS COMUNICACIONES, S. DE R.L. DE C.V.",0,0,0,0,2633,2633
519623,15/04/2022,2022,4,C805,AXIOS MOBILE,C0805,AXIOS MOBILE,"AXIOS COMUNICACIONES, S. DE R.L. DE C.V.",0,0,0,0,2254,2254
519623,15/05/2022,2022,5,C805,AXIOS MOBILE,C0805,AXIOS MOBILE,"AXIOS COMUNICACIONES, S. DE R.L. DE C.V.",0,0,0,0,2496,2496
519623,15/06/2022,2022,6,C805,AXIOS MOBILE,C0805,AXIOS MOBILE,"AXIOS COMUNICACIONES, S. DE R.L. DE C.V.",0,0,0,0,2790,2790
519623,15/07/2022,2022,7,C805,AXIOS MOBILE,C0805,AXIOS MOBILE,"AXIOS COMUNICACIONES, S. DE R.L. DE C.V.",0,0,0,0,3065,3065
519623,15/08/2022,2022,8,C805,AXIOS MOBILE,C0805,AXIOS MOBILE,"AXIOS COMUNICACIONES, S. DE R.L. DE C.V.",0,0,0,0,3667,3667
519623,15/09/2022,2022,9,C805,AXIOS MOBILE,C0805,AXIOS MOBILE,"AXIOS COMUNICACIONES, S. DE R.L. DE C.V.",0,0,0,0,4014,4014
519623,15/10/2022,2022,10,C805,AXIOS MOBILE,C0805,AXIOS MOBILE,"AXIOS COMUNICACIONES, S. DE R.L. DE C.V.",0,0,0,0,4090,4090
519623,15/11/2022,2022,11,C805,AXIOS MOBILE,C0805,AXIOS MOBILE,"AXIOS COMUNICACIONES, S. DE R.L. DE C.V.",0,0,0,0,4547,4547
519623,15/12/2022,2022,12,C805,AXIOS MOBILE,C0805,AXIOS MOBILE,"AXIOS COMUNICACIONES, S. DE R.L. DE C.V.",0,0,0,0,5016,5016
519623,15/01/2024,2024,1,C805,AXIOS MOBILE,C0805,AXIOS MOBILE,"AXIOS COMUNICACIONES, S. DE R.L. DE C.V.",0,0,0,0,8456,8456
519623,15/02/2024,2024,2,C805,AXIOS MOBILE,C0805,AXIOS MOBILE,"AXIOS COMUNICACIONES, S. DE R.L. DE C.V.",0,0,0,0,8790,8790
519623,15/03/2024,2024,3,C805,AXIOS MOBILE,C0805,AXIOS MOBILE,"AXIOS COMUNICACIONES, S. DE R.L. DE C.V.",0,0,0,0,8336,8336
519623,15/04/2024,2024,4,C805,AXIOS MOBILE,C0805,AXIOS MOBILE,"AXIOS COMUNICACIONES, S. DE R.L. DE C.V.",0,0,0,0,6946,6946
519623,15/05/2024,2024,5,C805,AXIOS MOBILE,C0805,AXIOS MOBILE,"AXIOS COMUNICACIONES, S. DE R.L. DE C.V.",0,0,0,0,7400,7400
519623,15/06/2024,2024,6,C805,AXIOS MOBILE,C0805,AXIOS MOBILE,"AXIOS COMUNICACIONES, S. DE R.L. DE C.V.",0,0,0,0,7984,7984
519623,15/07/2024,2024,7,C805,AXIOS MOBILE,C0805,AXIOS MOBILE,"AXIOS COMUNICACIONES, S. DE R.L. DE C.V.",0,0,0,0,8742,8742
519623,15/08/2024,2024,8,C805,AXIOS MOBILE,C0805,AXIOS MOBILE,"AXIOS COMUNICACIONES, S. DE R.L. DE C.V.",0,0,0,0,9038,9038
519623,15/09/2024,2024,9,C805,AXIOS MOBILE,C0805,AXIOS MOBILE,"AXIOS COMUNICACIONES, S. DE R.L. DE C.V.",0,0,0,0,902,902
519623,15/10/2024,2024,10,C805,AXIOS MOBILE,C0805,AXIOS MOBILE,"AXIOS COMUNICACIONES, S. DE R.L. DE C.V.",0,0,0,0,8909,8909
519623,15/11/2024,2024,11,C805,AXIOS MOBILE,C0805,AXIOS MOBILE,"AXIOS COMUNICACIONES, S. DE R.L. DE C.V.",0,0,0,0,7656,7656
519623,15/12/2024,2024,12,C805,AXIOS MOBILE,C0805,AXIOS MOBILE,"AXIOS COMUNICACIONES, S. DE R.L. DE C.V.",0,0,0,0,9356,9356
519778,15/01/2022,2022,1,C816,CONECTA2,C0816,CONECTA2,"AL ALCANCE DE LA MANO, S.A. DE C.V.",0,0,0,0,1325,1325
519778,15/02/2022,2022,2,C816,CONECTA2,C0816,CONECTA2,"AL ALCANCE DE LA MANO, S.A. DE C.V.",0,0,0,0,3119,3119
519778,15/03/2022,2022,3,C816,CONECTA2,C0816,CONECTA2,"AL ALCANCE DE LA MANO, S.A. DE C.V.",0,0,0,0,3695,3695
519778,15/04/2022,2022,4,C816,CONECTA2,C0816,CONECTA2,"AL ALCANCE DE LA MANO, S.A. DE C.V.",0,0,0,0,4080,4080
519778,15/05/2022,2022,5,C816,CONECTA2,C0816,CONECTA2,"AL ALCANCE DE LA MANO, S.A. DE C.V.",0,0,0,0,4637,4637
519778,15/06/2022,2022,6,C816,CONECTA2,C0816,CONECTA2,"AL ALCANCE DE LA MANO, S.A. DE C.V.",0,0,0,0,5107,5107
519778,15/07/2022,2022,7,C816,CONECTA2,C0816,CONECTA2,"AL ALCANCE DE LA MANO, S.A. DE C.V.",0,0,0,0,6040,6040
519778,15/08/2022,2022,8,C816,CONECTA2,C0816,CONECTA2,"AL ALCANCE DE LA MANO, S.A. DE C.V.",0,0,0,0,6073,6073
519778,15/09/2022,2022,9,C816,CONECTA2,C0816,CONECTA2,"AL ALCANCE DE LA MANO, S.A. DE C.V.",0,0,0,0,6143,6143
519778,15/10/2022,2022,10,C816,CONECTA2,C0816,CONECTA2,"AL ALCANCE DE LA MANO, S.A. DE C.V.",0,0,0,0,6170,6170
519778,15/11/2022,2022,11,C816,CONECTA2,C0816,CONECTA2,"AL ALCANCE DE LA MANO, S.A. DE C.V.",0,0,0,0,6217,6217
519778,15/12/2022,2022,12,C816,CONECTA2,C0816,CONECTA2,"AL ALCANCE DE LA MANO, S.A. DE C.V.",0,0,0,0,6214,6214
519778,15/01/2023,2023,1,C816,CONECTA2,C0816,CONECTA2,"AL ALCANCE DE LA MANO, S.A. DE C.V.",0,0,0,0,6333,6333
519778,15/01/2023,2023,1,C816,CONECTA2,C0816,CONECTA2,"AL ALCANCE DE LA MANO, S.A. DE C.V.",0,0,0,0,6333,6333
519778,15/02/2023,2023,2,C816,CONECTA2,C0816,CONECTA2,"AL ALCANCE DE LA MANO, S.A. DE C.V.",0,0,0,0,6273,6273
519778,15/02/2023,2023,2,C816,CONECTA2,C0816,CONECTA2,"AL ALCANCE DE LA MANO, S.A. DE C.V.",0,0,0,0,6273,6273
519778,15/03/2023,2023,3,C816,CONECTA2,C0816,CONECTA2,"AL ALCANCE DE LA MANO, S.A. DE C.V.",0,0,0,0,6365,6365
519778,15/03/2023,2023,3,C816,CONECTA2,C0816,CONECTA2,"AL ALCANCE DE LA MANO, S.A. DE C.V.",0,0,0,0,6365,6365
519778,15/04/2023,2023,4,C816,CONECTA2,C0816,CONECTA2,"AL ALCANCE DE LA MANO, S.A. DE C.V.",0,0,0,0,6503,6503
519778,15/04/2023,2023,4,C816,CONECTA2,C0816,CONECTA2,"AL ALCANCE DE LA MANO, S.A. DE C.V.",0,0,0,0,6503,6503
519778,15/05/2023,2023,5,C816,CONECTA2,C0816,CONECTA2,"AL ALCANCE DE LA MANO, S.A. DE C.V.",0,0,0,0,6508,6508
519778,15/05/2023,2023,5,C816,CONECTA2,C0816,CONECTA2,"AL ALCANCE DE LA MANO, S.A. DE C.V.",0,0,0,0,6508,6508
519778,15/06/2023,2023,6,C816,CONECTA2,C0816,CONECTA2,"AL ALCANCE DE LA MANO, S.A. DE C.V.",0,0,0,0,6506,6506
519778,15/06/2023,2023,6,C816,CONECTA2,C0816,CONECTA2,"AL ALCANCE DE LA MANO, S.A. DE C.V.",0,0,0,0,6506,6506
519778,15/07/2023,2023,7,C816,CONECTA2,C0816,CONECTA2,"AL ALCANCE DE LA MANO, S.A. DE C.V.",0,0,0,0,6484,6484
519778,15/07/2023,2023,7,C816,CONECTA2,C0816,CONECTA2,"AL ALCANCE DE LA MANO, S.A. DE C.V.",0,0,0,0,6484,6484
519778,15/08/2023,2023,8,C816,CONECTA2,C0816,CONECTA2,"AL ALCANCE DE LA MANO, S.A. DE C.V.",0,0,0,0,6527,6527
519778,15/08/2023,2023,8,C816,CONECTA2,C0816,CONECTA2,"AL ALCANCE DE LA MANO, S.A. DE C.V.",0,0,0,0,6527,6527
519778,15/09/2023,2023,9,C816,CONECTA2,C0816,CONECTA2,"AL ALCANCE DE LA MANO, S.A. DE C.V.",0,0,0,0,6649,6649
519778,15/09/2023,2023,9,C816,CONECTA2,C0816,CONECTA2,"AL ALCANCE DE LA MANO, S.A. DE C.V.",0,0,0,0,6649,6649
519778,15/10/2023,2023,10,C816,CONECTA2,C0816,CONECTA2,"AL ALCANCE DE LA MANO, S.A. DE C.V.",0,0,0,0,6717,6717
519778,15/10/2023,2023,10,C816,CONECTA2,C0816,CONECTA2,"AL ALCANCE DE LA MANO, S.A. DE C.V.",0,0,0,0,6717,6717
519778,15/11/2023,2023,11,C816,CONECTA2,C0816,CONECTA2,"AL ALCANCE DE LA MANO, S.A. DE C.V.",0,0,0,0,6708,6708
519778,15/11/2023,2023,11,C816,CONECTA2,C0816,CONECTA2,"AL ALCANCE DE LA MANO, S.A. DE C.V.",0,0,0,0,6708,6708
519778,15/12/2023,2023,12,C816,CONECTA2,C0816,CONECTA2,"AL ALCANCE DE LA MANO, S.A. DE C.V.",0,0,0,0,6706,6706
519778,15/12/2023,2023,12,C816,CONECTA2,C0816,CONECTA2,"AL ALCANCE DE LA MANO, S.A. DE C.V.",0,0,0,0,6706,6706
519778,15/01/2024,2024,1,C816,CONECTA2,C0816,CONECTA2,"AL ALCANCE DE LA MANO, S.A. DE C.V.",0,0,0,0,5458,5458
519778,15/02/2024,2024,2,C816,CONECTA2,C0816,CONECTA2,"AL ALCANCE DE LA MANO, S.A. DE C.V.",0,0,0,0,5411,5411
519778,15/03/2024,2024,3,C816,CONECTA2,C0816,CONECTA2,"AL ALCANCE DE LA MANO, S.A. DE C.V.",0,0,0,0,4818,4818
519778,15/04/2024,2024,4,C816,CONECTA2,C0816,CONECTA2,"AL ALCANCE DE LA MANO, S.A. DE C.V.",0,0,0,0,4739,4739
519778,15/05/2024,2024,5,C816,CONECTA2,C0816,CONECTA2,"AL ALCANCE DE LA MANO, S.A. DE C.V.",0,0,0,0,4625,4625
519778,15/06/2024,2024,6,C816,CONECTA2,C0816,CONECTA2,"AL ALCANCE DE LA MANO, S.A. DE C.V.",0,0,0,0,4426,4426
519778,15/07/2024,2024,7,C816,CONECTA2,C0816,CONECTA2,"AL ALCANCE DE LA MANO, S.A. DE C.V.",0,0,0,0,4278,4278
519778,15/08/2024,2024,8,C816,CONECTA2,C0816,CONECTA2,"AL ALCANCE DE LA MANO, S.A. DE C.V.",0,0,0,0,4274,4274
519778,15/09/2024,2024,9,C816,CONECTA2,C0816,CONECTA2,"AL ALCANCE DE LA MANO, S.A. DE C.V.",0,0,0,0,4265,4265
519778,15/10/2024,2024,10,C816,CONECTA2,C0816,CONECTA2,"AL ALCANCE DE LA MANO, S.A. DE C.V.",0,0,0,0,4213,4213
519778,15/11/2024,2024,11,C816,CONECTA2,C0816,CONECTA2,"AL ALCANCE DE LA MANO, S.A. DE C.V.",0,0,0,0,4164,4164
519778,15/12/2024,2024,12,C816,CONECTA2,C0816,CONECTA2,"AL ALCANCE DE LA MANO, S.A. DE C.V.",0,0,0,0,4072,4072
519779,15/01/2022,2022,1,C818,MOBIG,C0818,MOBIG,"FEMASEISA, S.A. DE C.V.",0,0,0,0,338,338
519779,15/02/2022,2022,2,C818,MOBIG,C0818,MOBIG,"FEMASEISA, S.A. DE C.V.",0,0,0,0,491,491
519779,15/03/2022,2022,3,C818,MOBIG,C0818,MOBIG,"FEMASEISA, S.A. DE C.V.",0,0,0,0,780,780
519779,15/04/2022,2022,4,C818,MOBIG,C0818,MOBIG,"FEMASEISA, S.A. DE C.V.",0,0,0,0,1239,1239
519779,15/05/2022,2022,5,C818,MOBIG,C0818,MOBIG,"FEMASEISA, S.A. DE C.V.",0,0,0,0,1744,1744
519779,15/06/2022,2022,6,C818,MOBIG,C0818,MOBIG,"FEMASEISA, S.A. DE C.V.",0,0,0,0,2398,2398
519779,15/07/2022,2022,7,C818,MOBIG,C0818,MOBIG,"FEMASEISA, S.A. DE C.V.",0,0,0,0,3149,3149
519779,15/08/2022,2022,8,C818,MOBIG,C0818,MOBIG,"FEMASEISA, S.A. DE C.V.",0,0,0,0,4294,4294
519779,15/09/2022,2022,9,C818,MOBIG,C0818,MOBIG,"FEMASEISA, S.A. DE C.V.",0,0,0,0,4692,4692
519779,15/10/2022,2022,10,C818,MOBIG,C0818,MOBIG,"FEMASEISA, S.A. DE C.V.",0,0,0,0,5078,5078
519779,15/11/2022,2022,11,C818,MOBIG,C0818,MOBIG,"FEMASEISA, S.A. DE C.V.",0,0,0,0,5856,5856
519779,15/12/2022,2022,12,C818,MOBIG,C0818,MOBIG,"FEMASEISA, S.A. DE C.V.",0,0,0,0,6702,6702
519779,15/01/2023,2023,1,C818,MOBIG,C0818,MOBIG,"FEMASEISA, S.A. DE C.V.",0,0,0,0,7978,7978
519779,15/02/2023,2023,2,C818,MOBIG,C0818,MOBIG,"FEMASEISA, S.A. DE C.V.",0,0,0,0,8396,8396
519779,15/03/2023,2023,3,C818,MOBIG,C0818,MOBIG,"FEMASEISA, S.A. DE C.V.",0,0,0,0,8813,8813
519779,15/04/2023,2023,4,C818,MOBIG,C0818,MOBIG,"FEMASEISA, S.A. DE C.V.",0,0,0,0,9174,9174
519779,15/05/2023,2023,5,C818,MOBIG,C0818,MOBIG,"FEMASEISA, S.A. DE C.V.",0,0,0,0,9402,9402
519779,15/06/2023,2023,6,C818,MOBIG,C0818,MOBIG,"FEMASEISA, S.A. DE C.V.",0,0,0,0,9756,9756
519779,15/07/2023,2023,7,C818,MOBIG,C0818,MOBIG,"FEMASEISA, S.A. DE C.V.",0,0,0,0,9865,9865
519779,15/08/2023,2023,8,C818,MOBIG,C0818,MOBIG,"FEMASEISA, S.A. DE C.V.",0,0,0,0,10189,10189
519779,15/09/2023,2023,9,C818,MOBIG,C0818,MOBIG,"FEMASEISA, S.A. DE C.V.",0,0,0,0,9460,9460
519779,15/10/2023,2023,10,C818,MOBIG,C0818,MOBIG,"FEMASEISA, S.A. DE C.V.",0,0,0,0,9665,9665
519779,15/11/2023,2023,11,C818,MOBIG,C0818,MOBIG,"FEMASEISA, S.A. DE C.V.",0,0,0,0,9883,9883
519779,15/12/2023,2023,12,C818,MOBIG,C0818,MOBIG,"FEMASEISA, S.A. DE C.V.",0,0,0,0,10150,10150
519779,15/01/2024,2024,1,C818,MOBIG,C0818,MOBIG,"FEMASEISA, S.A. DE C.V.",0,0,0,0,297,297
519779,15/02/2024,2024,2,C818,MOBIG,C0818,MOBIG,"FEMASEISA, S.A. DE C.V.",0,0,0,0,155,155
519779,15/03/2024,2024,3,C818,MOBIG,C0818,MOBIG,"FEMASEISA, S.A. DE C.V.",0,0,0,0,109,109
519779,15/04/2024,2024,4,C818,MOBIG,C0818,MOBIG,"FEMASEISA, S.A. DE C.V.",0,0,0,0,136,136
519779,15/05/2024,2024,5,C818,MOBIG,C0818,MOBIG,"FEMASEISA, S.A. DE C.V.",0,0,0,0,160,160
519779,15/06/2024,2024,6,C818,MOBIG,C0818,MOBIG,"FEMASEISA, S.A. DE C.V.",0,0,0,0,110,110
519779,15/07/2024,2024,7,C818,MOBIG,C0818,MOBIG,"FEMASEISA, S.A. DE C.V.",0,0,0,0,84,84
519779,15/08/2024,2024,8,C818,MOBIG,C0818,MOBIG,"FEMASEISA, S.A. DE C.V.",0,0,0,0,103,103
519779,15/09/2024,2024,9,C818,MOBIG,C0818,MOBIG,"FEMASEISA, S.A. DE C.V.",0,0,0,0,93,93
519779,15/10/2024,2024,10,C818,MOBIG,C0818,MOBIG,"FEMASEISA, S.A. DE C.V.",0,0,0,0,113,113
519779,15/11/2024,2024,11,C818,MOBIG,C0818,MOBIG,"FEMASEISA, S.A. DE C.V.",0,0,0,0,58,58
519779,15/12/2024,2024,12,C818,MOBIG,C0818,MOBIG,"FEMASEISA, S.A. DE C.V.",0,0,0,0,7619,7619
519992,15/02/2022,2022,2,C646,REDPHONE,C0646,REDPHONE,"NEGOCIOS INTEGRALES DE MEXICO, S.A. DE C.V.",0,0,0,0,5,5
519992,15/03/2022,2022,3,C646,REDPHONE,C0646,REDPHONE,"NEGOCIOS INTEGRALES DE MEXICO, S.A. DE C.V.",0,0,0,0,248,248
519992,15/04/2022,2022,4,C646,REDPHONE,C0646,REDPHONE,"NEGOCIOS INTEGRALES DE MEXICO, S.A. DE C.V.",0,0,0,0,114,114
519992,15/05/2022,2022,5,C646,REDPHONE,C0646,REDPHONE,"NEGOCIOS INTEGRALES DE MEXICO, S.A. DE C.V.",0,0,0,0,397,397
519992,15/06/2022,2022,6,C646,REDPHONE,C0646,REDPHONE,"NEGOCIOS INTEGRALES DE MEXICO, S.A. DE C.V.",0,0,0,0,243,243
519992,15/07/2022,2022,7,C646,REDPHONE,C0646,REDPHONE,"NEGOCIOS INTEGRALES DE MEXICO, S.A. DE C.V.",0,0,0,0,186,186
519992,15/08/2022,2022,8,C646,REDPHONE,C0646,REDPHONE,"NEGOCIOS INTEGRALES DE MEXICO, S.A. DE C.V.",0,0,0,0,430,430
519992,15/09/2022,2022,9,C646,REDPHONE,C0646,REDPHONE,"NEGOCIOS INTEGRALES DE MEXICO, S.A. DE C.V.",0,0,0,0,410,410
519992,15/10/2022,2022,10,C646,REDPHONE,C0646,REDPHONE,"NEGOCIOS INTEGRALES DE MEXICO, S.A. DE C.V.",0,0,0,0,550,550
519992,15/11/2022,2022,11,C646,REDPHONE,C0646,REDPHONE,"NEGOCIOS INTEGRALES DE MEXICO, S.A. DE C.V.",0,0,0,0,406,406
519992,15/12/2022,2022,12,C646,REDPHONE,C0646,REDPHONE,"NEGOCIOS INTEGRALES DE MEXICO, S.A. DE C.V.",0,0,0,0,807,807
519992,15/01/2023,2023,1,C646,REDPHONE,C0646,REDPHONE,"NEGOCIOS INTEGRALES DE MEXICO, S.A. DE C.V.",0,0,0,0,1295,1295
519992,15/02/2023,2023,2,C646,REDPHONE,C0646,REDPHONE,"NEGOCIOS INTEGRALES DE MEXICO, S.A. DE C.V.",0,0,0,0,1718,1718
519992,15/03/2023,2023,3,C646,REDPHONE,C0646,REDPHONE,"NEGOCIOS INTEGRALES DE MEXICO, S.A. DE C.V.",0,0,0,0,2482,2482
519992,15/04/2023,2023,4,C646,REDPHONE,C0646,REDPHONE,"NEGOCIOS INTEGRALES DE MEXICO, S.A. DE C.V.",0,0,0,0,3785,3785
519992,15/05/2023,2023,5,C646,REDPHONE,C0646,REDPHONE,"NEGOCIOS INTEGRALES DE MEXICO, S.A. DE C.V.",0,0,0,0,5961,5961
519992,15/06/2023,2023,6,C646,REDPHONE,C0646,REDPHONE,"NEGOCIOS INTEGRALES DE MEXICO, S.A. DE C.V.",0,0,0,0,8409,8409
519992,15/07/2023,2023,7,C646,REDPHONE,C0646,REDPHONE,"NEGOCIOS INTEGRALES DE MEXICO, S.A. DE C.V.",0,0,0,0,11698,11698
519992,15/08/2023,2023,8,C646,REDPHONE,C0646,REDPHONE,"NEGOCIOS INTEGRALES DE MEXICO, S.A. DE C.V.",0,0,0,0,15620,15620
519992,15/09/2023,2023,9,C646,REDPHONE,C0646,REDPHONE,"NEGOCIOS INTEGRALES DE MEXICO, S.A. DE C.V.",0,0,0,0,18963,18963
519992,15/10/2023,2023,10,C646,REDPHONE,C0646,REDPHONE,"NEGOCIOS INTEGRALES DE MEXICO, S.A. DE C.V.",0,0,0,0,22547,22547
519992,15/11/2023,2023,11,C646,REDPHONE,C0646,REDPHONE,"NEGOCIOS INTEGRALES DE MEXICO, S.A. DE C.V.",0,0,0,0,26651,26651
519992,15/12/2023,2023,12,C646,REDPHONE,C0646,REDPHONE,"NEGOCIOS INTEGRALES DE MEXICO, S.A. DE C.V.",0,0,0,0,29722,29722
519992,15/01/2024,2024,1,C646,REDPHONE,C0646,REDPHONE,"NEGOCIOS INTEGRALES DE MEXICO, S.A. DE C.V.",25002,0,0,0,0,25002
519992,15/02/2024,2024,2,C646,REDPHONE,C0646,REDPHONE,"NEGOCIOS INTEGRALES DE MEXICO, S.A. DE C.V.",26115,0,0,0,0,26115
519992,15/03/2024,2024,3,C646,REDPHONE,C0646,REDPHONE,"NEGOCIOS INTEGRALES DE MEXICO, S.A. DE C.V.",27148,0,0,0,0,27148
519992,15/04/2024,2024,4,C646,REDPHONE,C0646,REDPHONE,"NEGOCIOS INTEGRALES DE MEXICO, S.A. DE C.V.",28534,0,0,0,0,28534
519992,15/05/2024,2024,5,C646,REDPHONE,C0646,REDPHONE,"NEGOCIOS INTEGRALES DE MEXICO, S.A. DE C.V.",30244,0,0,0,0,30244
519992,15/06/2024,2024,6,C646,REDPHONE,C0646,REDPHONE,"NEGOCIOS INTEGRALES DE MEXICO, S.A. DE C.V.",31829,0,0,0,0,31829
519992,15/07/2024,2024,7,C646,REDPHONE,C0646,REDPHONE,"NEGOCIOS INTEGRALES DE MEXICO, S.A. DE C.V.",27738,0,0,0,0,27738
519992,15/08/2024,2024,8,C646,REDPHONE,C0646,REDPHONE,"NEGOCIOS INTEGRALES DE MEXICO, S.A. DE C.V.",31705,0,0,0,0,31705
519992,15/09/2024,2024,9,C646,REDPHONE,C0646,REDPHONE,"NEGOCIOS INTEGRALES DE MEXICO, S.A. DE C.V.",34832,0,0,0,0,34832
519992,15/10/2024,2024,10,C646,REDPHONE,C0646,REDPHONE,"NEGOCIOS INTEGRALES DE MEXICO, S.A. DE C.V.",27382,0,0,0,0,27382
519992,15/11/2024,2024,11,C646,REDPHONE,C0646,REDPHONE,"NEGOCIOS INTEGRALES DE MEXICO, S.A. DE C.V.",30695,0,0,0,0,30695
519992,15/12/2024,2024,12,C646,REDPHONE,C0646,REDPHONE,"NEGOCIOS INTEGRALES DE MEXICO, S.A. DE C.V.",35196,0,0,0,0,35196
519996,15/02/2022,2022,2,C647,BENELEIT MOVIL,C0647,BENELEIT MOVIL,"BENE LEIT, S.A. DE C.V.",0,0,0,0,30000,30000
519996,15/03/2022,2022,3,C647,BENELEIT MOVIL,C0647,BENELEIT MOVIL,"BENE LEIT, S.A. DE C.V.",0,0,0,0,50000,50000
519996,15/04/2022,2022,4,C647,BENELEIT MOVIL,C0647,BENELEIT MOVIL,"BENE LEIT, S.A. DE C.V.",0,0,0,0,100000,100000
519996,15/05/2022,2022,5,C647,BENELEIT MOVIL,C0647,BENELEIT MOVIL,"BENE LEIT, S.A. DE C.V.",0,0,0,0,130000,130000
519996,15/06/2022,2022,6,C647,BENELEIT MOVIL,C0647,BENELEIT MOVIL,"BENE LEIT, S.A. DE C.V.",0,0,0,0,130000,130000
519996,15/07/2022,2022,7,C647,BENELEIT MOVIL,C0647,BENELEIT MOVIL,"BENE LEIT, S.A. DE C.V.",0,0,0,0,130000,130000
519996,15/08/2022,2022,8,C647,BENELEIT MOVIL,C0647,BENELEIT MOVIL,"BENE LEIT, S.A. DE C.V.",0,0,0,0,130000,130000
519996,15/09/2022,2022,9,C647,BENELEIT MOVIL,C0647,BENELEIT MOVIL,"BENE LEIT, S.A. DE C.V.",0,0,0,0,130000,130000
519996,15/10/2022,2022,10,C647,BENELEIT MOVIL,C0647,BENELEIT MOVIL,"BENE LEIT, S.A. DE C.V.",0,0,0,0,130000,130000
519996,15/11/2022,2022,11,C647,BENELEIT MOVIL,C0647,BENELEIT MOVIL,"BENE LEIT, S.A. DE C.V.",0,0,0,0,130000,130000
519996,15/12/2022,2022,12,C647,BENELEIT MOVIL,C0647,BENELEIT MOVIL,"BENE LEIT, S.A. DE C.V.",0,0,0,0,130000,130000
519996,15/01/2023,2023,1,C647,BENELEIT MOVIL,C0647,BENELEIT MOVIL,"BENE LEIT, S.A. DE C.V.",17448,0,0,0,0,17448
519996,15/02/2023,2023,2,C647,BENELEIT MOVIL,C0647,BENELEIT MOVIL,"BENE LEIT, S.A. DE C.V.",18103,0,0,0,0,18103
519996,15/03/2023,2023,3,C647,BENELEIT MOVIL,C0647,BENELEIT MOVIL,"BENE LEIT, S.A. DE C.V.",18763,0,0,0,0,18763
519996,15/04/2023,2023,4,C647,BENELEIT MOVIL,C0647,BENELEIT MOVIL,"BENE LEIT, S.A. DE C.V.",18664,0,0,0,0,18664
519996,15/05/2023,2023,5,C647,BENELEIT MOVIL,C0647,BENELEIT MOVIL,"BENE LEIT, S.A. DE C.V.",19327,0,0,0,0,19327
519996,15/06/2023,2023,6,C647,BENELEIT MOVIL,C0647,BENELEIT MOVIL,"BENE LEIT, S.A. DE C.V.",19890,0,0,0,0,19890
519996,15/07/2023,2023,7,C647,BENELEIT MOVIL,C0647,BENELEIT MOVIL,"BENE LEIT, S.A. DE C.V.",20061,0,0,0,0,20061
519996,15/08/2023,2023,8,C647,BENELEIT MOVIL,C0647,BENELEIT MOVIL,"BENE LEIT, S.A. DE C.V.",20706,0,0,0,0,20706
519996,15/09/2023,2023,9,C647,BENELEIT MOVIL,C0647,BENELEIT MOVIL,"BENE LEIT, S.A. DE C.V.",21027,0,0,0,0,21027
519996,15/10/2023,2023,10,C647,BENELEIT MOVIL,C0647,BENELEIT MOVIL ,"BENE LEIT, S.A. DE C.V.",21254,0,0,0,0,21254
519996,15/11/2023,2023,11,C647,BENELEIT MOVIL,C0647,BENELEIT MOVIL ,"BENE LEIT, S.A. DE C.V.",17695,0,0,0,0,17695
519996,15/12/2023,2023,12,C647,BENELEIT MOVIL,C0647,BENELEIT MOVIL ,"BENE LEIT, S.A. DE C.V.",14005,0,0,0,0,14005
519996,15/01/2024,2024,1,C647,BENELEIT MOVIL,C0647,BENELEIT MOVIL ,"BENE LEIT, S.A. DE C.V.",14357,0,0,0,0,14357
519996,15/02/2024,2024,2,C647,BENELEIT MOVIL,C0647,BENELEIT MOVIL ,"BENE LEIT, S.A. DE C.V.",14447,0,0,0,0,14447
519996,15/03/2024,2024,3,C647,BENELEIT MOVIL,C0647,BENELEIT MOVIL ,"BENE LEIT, S.A. DE C.V.",14997,0,0,0,0,14997
519996,15/04/2024,2024,4,C647,BENELEIT MOVIL,C0647,BENELEIT MOVIL ,"BENE LEIT, S.A. DE C.V.",13892,0,0,0,0,13892
519996,15/05/2024,2024,5,C647,BENELEIT MOVIL,C0647,BENELEIT MOVIL ,"BENE LEIT, S.A. DE C.V.",14046,0,0,0,0,14046
519996,15/06/2024,2024,6,C647,BENELEIT MOVIL,C0647,BENELEIT MOVIL ,"BENE LEIT, S.A. DE C.V.",13563,0,0,0,0,13563
519996,15/07/2024,2024,7,C647,BENELEIT MOVIL,C0647,BENELEIT MOVIL ,"BENE LEIT, S.A. DE C.V.",13031,0,0,0,0,13031
519996,15/08/2024,2024,8,C647,BENELEIT MOVIL,C0647,BENELEIT MOVIL ,"BENE LEIT, S.A. DE C.V.",12301,0,0,0,0,12301
519996,15/09/2024,2024,9,C647,BENELEIT MOVIL,C0647,BENELEIT MOVIL ,"BENE LEIT, S.A. DE C.V.",11262,0,0,0,0,11262
519996,15/10/2024,2024,10,C647,BENELEIT MOVIL,C0647,BENELEIT MOVIL ,"BENE LEIT, S.A. DE C.V.",11697,0,0,0,0,11697
519996,15/11/2024,2024,11,C647,BENELEIT MOVIL,C0647,BENELEIT MOVIL ,"BENE LEIT, S.A. DE C.V.",11516,0,0,0,0,11516
519996,15/12/2024,2024,12,C647,BENELEIT MOVIL,C0647,BENELEIT MOVIL ,"BENE LEIT, S.A. DE C.V.",11105,0,0,0,0,11105
520240,15/06/2022,2022,6,C866,COMERCIALIZADORA ROMEL,C0866,COMERCIALIZADORA ROMEL,"COMERCIALIZADORA ROMEL, S.A. DE C.V.",0,0,0,0,179,179
520240,15/07/2022,2022,7,C866,COMERCIALIZADORA ROMEL,C0866,COMERCIALIZADORA ROMEL,"COMERCIALIZADORA ROMEL, S.A. DE C.V.",0,0,0,0,124,124
520240,15/08/2022,2022,8,C866,COMERCIALIZADORA ROMEL,C0866,COMERCIALIZADORA ROMEL,"COMERCIALIZADORA ROMEL, S.A. DE C.V.",0,0,0,0,317,317
520240,15/09/2022,2022,9,C866,COMERCIALIZADORA ROMEL,C0866,COMERCIALIZADORA ROMEL,"COMERCIALIZADORA ROMEL, S.A. DE C.V.",0,0,0,0,232,232
520240,15/10/2022,2022,10,C866,COMERCIALIZADORA ROMEL,C0866,COMERCIALIZADORA ROMEL,"COMERCIALIZADORA ROMEL, S.A. DE C.V.",0,0,0,0,222,222
520240,15/11/2022,2022,11,C866,COMERCIALIZADORA ROMEL,C0866,COMERCIALIZADORA ROMEL,"COMERCIALIZADORA ROMEL, S.A. DE C.V.",0,0,0,0,225,225
520240,15/12/2022,2022,12,C866,COMERCIALIZADORA ROMEL,C0866,COMERCIALIZADORA ROMEL,"COMERCIALIZADORA ROMEL, S.A. DE C.V.",0,0,0,0,434,434
520240,15/01/2023,2023,1,C866,COMERCIALIZADORA ROMEL,C0866,COMERCIALIZADORA ROMEL,"COMERCIALIZADORA ROMEL, S.A. DE C.V.",0,0,0,0,747,747
520240,15/02/2023,2023,2,C866,COMERCIALIZADORA ROMEL,C0866,COMERCIALIZADORA ROMEL,"COMERCIALIZADORA ROMEL, S.A. DE C.V.",0,0,0,0,878,878
520240,15/03/2023,2023,3,C866,COMERCIALIZADORA ROMEL,C0866,COMERCIALIZADORA ROMEL,"COMERCIALIZADORA ROMEL, S.A. DE C.V.",0,0,0,0,1492,1492
520240,15/04/2023,2023,4,C866,COMERCIALIZADORA ROMEL,C0866,COMERCIALIZADORA ROMEL,"COMERCIALIZADORA ROMEL, S.A. DE C.V.",0,0,0,0,1914,1914
520240,15/05/2023,2023,5,C866,COMERCIALIZADORA ROMEL,C0866,COMERCIALIZADORA ROMEL,"COMERCIALIZADORA ROMEL, S.A. DE C.V.",0,0,0,0,2305,2305
520240,15/06/2023,2023,6,C866,COMERCIALIZADORA ROMEL,C0866,COMERCIALIZADORA ROMEL,"COMERCIALIZADORA ROMEL, S.A. DE C.V.",0,0,0,0,2779,2779
520240,15/07/2023,2023,7,C866,COMERCIALIZADORA ROMEL,C0866,COMERCIALIZADORA ROMEL,"COMERCIALIZADORA ROMEL, S.A. DE C.V.",0,0,0,0,3186,3186
520240,15/08/2023,2023,8,C866,COMERCIALIZADORA ROMEL,C0866,COMERCIALIZADORA ROMEL,"COMERCIALIZADORA ROMEL, S.A. DE C.V.",0,0,0,0,3445,3445
520240,15/09/2023,2023,9,C866,COMERCIALIZADORA ROMEL,C0866,COMERCIALIZADORA ROMEL,"COMERCIALIZADORA ROMEL, S.A. DE C.V.",0,0,0,0,3776,3776
520240,15/10/2023,2023,10,C866,COMERCIALIZADORA ROMEL,C0866,COMERCIALIZADORA ROMEL,"COMERCIALIZADORA ROMEL, S.A. DE C.V.",0,0,0,0,3990,3990
520240,15/11/2023,2023,11,C866,COMERCIALIZADORA ROMEL,C0866,COMERCIALIZADORA ROMEL,"COMERCIALIZADORA ROMEL, S.A. DE C.V.",0,0,0,0,4325,4325
520240,15/12/2023,2023,12,C866,COMERCIALIZADORA ROMEL,C0866,COMERCIALIZADORA ROMEL,"COMERCIALIZADORA ROMEL, S.A. DE C.V.",0,0,0,0,4605,4605
520261,15/01/2023,2023,1,C879,COOL MOBILE,C0879,COOL MOBILE,"AWAN TECHNOLOGY SERVICES, S. DE R.L. DE C.V.",0,0,0,0,15,15
520261,15/02/2023,2023,2,C879,COOL MOBILE,C0879,COOL MOBILE,"AWAN TECHNOLOGY SERVICES, S. DE R.L. DE C.V.",0,0,0,0,21,21
520261,15/03/2023,2023,3,C879,COOL MOBILE,C0879,COOL MOBILE,"AWAN TECHNOLOGY SERVICES, S. DE R.L. DE C.V.",0,0,0,0,34,34
520261,15/04/2023,2023,4,C879,COOL MOBILE,C0879,COOL MOBILE,"AWAN TECHNOLOGY SERVICES, S. DE R.L. DE C.V.",0,0,0,0,28,28
520261,15/05/2023,2023,5,C879,COOL MOBILE,C0879,COOL MOBILE,"AWAN TECHNOLOGY SERVICES, S. DE R.L. DE C.V.",0,0,0,0,26,26
520261,15/06/2023,2023,6,C879,COOL MOBILE,C0879,COOL MOBILE,"AWAN TECHNOLOGY SERVICES, S. DE R.L. DE C.V.",0,0,0,0,22,22
520261,15/07/2023,2023,7,C879,COOL MOBILE,C0879,COOL MOBILE,"AWAN TECHNOLOGY SERVICES, S. DE R.L. DE C.V.",0,0,0,0,69,69
520261,15/08/2023,2023,8,C879,COOL MOBILE,C0879,COOL MOBILE,"AWAN TECHNOLOGY SERVICES, S. DE R.L. DE C.V.",0,0,0,0,191,191
520261,15/09/2023,2023,9,C879,COOL MOBILE,C0879,COOL MOBILE,"AWAN TECHNOLOGY SERVICES, S. DE R.L. DE C.V.",0,0,0,0,233,233
520261,15/10/2023,2023,10,C879,COOL MOBILE,C0879,COOL MOBILE,"AWAN TECHNOLOGY SERVICES, S. DE R.L. DE C.V.",0,0,0,0,105,105
520261,15/11/2023,2023,11,C879,COOL MOBILE,C0879,COOL MOBILE,"AWAN TECHNOLOGY SERVICES, S. DE R.L. DE C.V.",0,0,0,0,220,220
520261,15/12/2023,2023,12,C879,COOL MOBILE,C0879,COOL MOBILE,"AWAN TECHNOLOGY SERVICES, S. DE R.L. DE C.V.",0,0,0,0,269,269
520620,15/01/2024,2024,1,C620,REDY MOVIL,C1458,REDY MOVIL ,"REDY MOVIL, S.A.P.I. DE C.V.",0,0,0,0,97,97
520620,15/02/2024,2024,2,C620,REDY MOVIL,C1458,REDY MOVIL ,"REDY MOVIL, S.A.P.I. DE C.V.",0,0,0,0,117,117
520620,15/03/2024,2024,3,C620,REDY MOVIL,C1458,REDY MOVIL ,"REDY MOVIL, S.A.P.I. DE C.V.",0,0,0,0,89,89
520620,15/04/2024,2024,4,C620,REDY MOVIL,C1458,REDY MOVIL ,"REDY MOVIL, S.A.P.I. DE C.V.",0,0,0,0,56,56
520620,15/05/2024,2024,5,C620,REDY MOVIL,C1458,REDY MOVIL ,"REDY MOVIL, S.A.P.I. DE C.V.",0,0,0,0,95,95
520620,15/06/2024,2024,6,C620,REDY MOVIL,C1458,REDY MOVIL ,"REDY MOVIL, S.A.P.I. DE C.V.",0,0,0,0,100,100
520620,15/07/2024,2024,7,C620,REDY MOVIL,C1458,REDY MOVIL ,"REDY MOVIL, S.A.P.I. DE C.V.",0,0,0,0,114,114
520620,15/08/2024,2024,8,C620,REDY MOVIL,C1458,REDY MOVIL ,"REDY MOVIL, S.A.P.I. DE C.V.",0,0,0,0,184,184
520620,15/09/2024,2024,9,C620,REDY MOVIL,C1458,REDY MOVIL ,"REDY MOVIL, S.A.P.I. DE C.V.",0,0,0,0,170,170
520620,15/10/2024,2024,10,C620,REDY MOVIL,C1458,REDY MOVIL ,"REDY MOVIL, S.A.P.I. DE C.V.",0,0,0,0,235,235
520620,15/11/2024,2024,11,C620,REDY MOVIL,C1458,REDY MOVIL ,"REDY MOVIL, S.A.P.I. DE C.V.",0,0,0,0,163,163
520620,15/12/2024,2024,12,C620,REDY MOVIL,C1458,REDY MOVIL ,"REDY MOVIL, S.A.P.I. DE C.V.",0,0,0,0,189,189
521056,15/01/2022,2022,1,C083,DALE FON,C1083,DALE FON,"DALE FON, S.A. DE C.V.",0,0,0,0,12,12
521056,15/02/2022,2022,2,C083,DALE FON,C1083,DALE FON,"DALE FON, S.A. DE C.V.",0,0,0,0,33,33
521056,15/03/2022,2022,3,C083,DALE FON,C1083,DALE FON,"DALE FON, S.A. DE C.V.",0,0,0,0,37,37
521056,15/04/2022,2022,4,C083,DALE FON,C1083,DALE FON,"DALE FON, S.A. DE C.V.",0,0,0,0,176,176
521056,15/05/2022,2022,5,C083,DALE FON,C1083,DALE FON,"DALE FON, S.A. DE C.V.",0,0,0,0,289,289
521056,15/06/2022,2022,6,C083,DALE FON,C1083,DALE FON,"DALE FON, S.A. DE C.V.",0,0,0,0,1348,1348
521056,15/07/2022,2022,7,C083,DALE FON,C1083,DALE FON,"DALE FON, S.A. DE C.V.",0,0,0,0,2725,2725
521056,15/08/2022,2022,8,C083,DALE FON,C1083,DALE FON,"DALE FON, S.A. DE C.V.",0,0,0,0,2532,2532
521056,15/09/2022,2022,9,C083,DALE FON,C1083,DALE FON,"DALE FON, S.A. DE C.V.",0,0,0,0,3171,3171
521056,15/10/2022,2022,10,C083,DALE FON,C1083,DALE FON,"DALE FON, S.A. DE C.V.",0,0,0,0,4253,4253
521056,15/11/2022,2022,11,C083,DALE FON,C1083,DALE FON,"DALE FON, S.A. DE C.V.",0,0,0,0,4928,4928
521056,15/12/2022,2022,12,C083,DALE FON,C1083,DALE FON,"DALE FON, S.A. DE C.V.",0,0,0,0,6178,6178
521056,15/01/2023,2023,1,C083,DALE FON,C1083,DALE FON,"DALE FON, S.A. DE C.V.",0,0,0,0,12,12
521056,15/02/2023,2023,2,C083,DALE FON,C1083,DALE FON,"DALE FON, S.A. DE C.V.",0,0,0,0,33,33
521056,15/03/2023,2023,3,C083,DALE FON,C1083,DALE FON,"DALE FON, S.A. DE C.V.",0,0,0,0,37,37
521056,15/04/2023,2023,4,C083,DALE FON,C1083,DALE FON,"DALE FON, S.A. DE C.V.",0,0,0,0,176,176
521056,15/05/2023,2023,5,C083,DALE FON,C1083,DALE FON,"DALE FON, S.A. DE C.V.",0,0,0,0,289,289
521056,15/06/2023,2023,6,C083,DALE FON,C1083,DALE FON,"DALE FON, S.A. DE C.V.",0,0,0,0,1348,1348
521056,15/07/2023,2023,7,C083,DALE FON,C1083,DALE FON,"DALE FON, S.A. DE C.V.",0,0,0,0,2725,2725
521056,15/08/2023,2023,8,C083,DALE FON,C1083,DALE FON,"DALE FON, S.A. DE C.V.",0,0,0,0,2532,2532
521056,15/09/2023,2023,9,C083,DALE FON,C1083,DALE FON,"DALE FON, S.A. DE C.V.",0,0,0,0,3171,3171
521056,15/10/2023,2023,10,C083,DALE FON,C1083,DALE FON,"DALE FON, S.A. DE C.V.",0,0,0,0,4253,4253
521056,15/11/2023,2023,11,C083,DALE FON,C1083,DALE FON,"DALE FON, S.A. DE C.V.",0,0,0,0,4928,4928
521056,15/12/2023,2023,12,C083,DALE FON,C1083,DALE FON,"DALE FON, S.A. DE C.V.",0,0,0,0,6178,6178
521206,15/10/2023,2023,10,C132,MOVIL PARA TODOS ,C1132,MOVIL PARA TODOS ,"MOVIL PARA TODOS, S.A. DE C.V.",0,0,0,0,111,111
521206,15/11/2023,2023,11,C132,MOVIL PARA TODOS ,C1132,MOVIL PARA TODOS ,"MOVIL PARA TODOS, S.A. DE C.V.",0,0,0,0,107,107
521206,15/12/2023,2023,12,C132,MOVIL PARA TODOS ,C1132,MOVIL PARA TODOS ,"MOVIL PARA TODOS, S.A. DE C.V.",0,0,0,0,207,207
521328,15/07/2023,2023,7,C113,TU VISION TELE-CABLE,C1123,TU VISION TELE-CABLE,"TU VISION TELECABLE, S.A. DE C.V.",17275,0,0,0,0,17275
521328,15/08/2023,2023,8,C113,TU VISION TELE-CABLE,C1123,TU VISION TELE-CABLE,"TU VISION TELECABLE, S.A. DE C.V.",18075,0,0,0,0,18075
521328,15/09/2023,2023,9,C113,TU VISION TELE-CABLE,C1123,TU VISION TELE-CABLE,"TU VISION TELECABLE, S.A. DE C.V.",19025,0,0,0,0,19025
521328,15/10/2023,2023,10,C113,TU VISION TELE-CABLE,C1123,TU VISION TELE-CABLE,"TU VISION TELECABLE, S.A. DE C.V.",19525,0,0,0,0,19525
521328,15/11/2023,2023,11,C113,TU VISION TELE-CABLE,C1123,TU VISION TELE-CABLE,"TU VISION TELECABLE, S.A. DE C.V.",20310,0,0,0,0,20310
521328,15/12/2023,2023,12,C113,TU VISION TELE-CABLE,C1123,TU VISION TELE-CABLE,"TU VISION TELECABLE, S.A. DE C.V.",21162,0,0,0,0,21162
521328,15/01/2024,2024,1,C113,TU VISION TELE-CABLE,C1123,TU VISION TELE-CABLE,"TU VISION TELECABLE, S.A. DE C.V.",24355,0,0,0,0,24355
521328,15/02/2024,2024,2,C113,TU VISION TELE-CABLE,C1123,TU VISION TELE-CABLE,"TU VISION TELECABLE, S.A. DE C.V.",26093,0,0,0,0,26093
521328,15/03/2024,2024,3,C113,TU VISION TELE-CABLE,C1123,TU VISION TELE-CABLE,"TU VISION TELECABLE, S.A. DE C.V.",28006,0,0,0,0,28006
521617,15/03/2024,2024,3,C984,YO SOY BIENESTAR,C1129,I AM ABUNDANCE,"I AM ABUNDANCE, S.A.P.I. DE C.V.",0,0,0,0,3,3
521617,15/04/2024,2024,4,C984,YO SOY BIENESTAR,C1129,I AM ABUNDANCE,"I AM ABUNDANCE, S.A.P.I. DE C.V.",0,0,0,0,1,1
521617,15/05/2024,2024,5,C984,YO SOY BIENESTAR,C1129,I AM ABUNDANCE,"I AM ABUNDANCE, S.A.P.I. DE C.V.",0,0,0,0,15,15
521617,15/06/2024,2024,6,C984,YO SOY BIENESTAR,C1129,I AM ABUNDANCE,"I AM ABUNDANCE, S.A.P.I. DE C.V.",0,0,0,0,119,119
521617,15/07/2024,2024,7,C984,YO SOY BIENESTAR,C1129,I AM ABUNDANCE,"I AM ABUNDANCE, S.A.P.I. DE C.V.",0,0,0,0,60,60
521617,15/08/2024,2024,8,C984,YO SOY BIENESTAR,C1129,I AM ABUNDANCE,"I AM ABUNDANCE, S.A.P.I. DE C.V.",0,0,0,0,273,273
521617,15/09/2024,2024,9,C984,YO SOY BIENESTAR,C1129,I AM ABUNDANCE,"I AM ABUNDANCE, S.A.P.I. DE C.V.",0,0,0,0,232,232
521617,15/10/2024,2024,10,C984,YO SOY BIENESTAR,C1129,I AM ABUNDANCE,"I AM ABUNDANCE, S.A.P.I. DE C.V.",0,0,0,0,236,236
521617,15/11/2024,2024,11,C984,YO SOY BIENESTAR,C1129,I AM ABUNDANCE,"I AM ABUNDANCE, S.A.P.I. DE C.V.",0,0,0,0,1061,1061
521617,15/12/2024,2024,12,C984,YO SOY BIENESTAR,C1129,I AM ABUNDANCE,"I AM ABUNDANCE, S.A.P.I. DE C.V.",0,0,0,0,246,246
100418,15/03/2025,2025,3,G008,MEGACABLE-MCM,C0378,MEGACABLE,"MEGA CABLE, S.A. DE C.V.",13516,1615908,0,0,0,1629424
100625,15/03/2025,2025,3,G006,AMÉRICA MÓVIL,C0517,TELCEL,"RADIOMOVIL DIPSA, S.A. DE C.V.",68339176,14915591,0,0,0,83254767
100647,15/03/2025,2025,3,G004,GRUPO TELEVISA,C0415,BESTEL,"OPERBES, S.A. DE C.V.",5299,0,0,0,0,5299
100692,15/03/2025,2025,3,G004,GRUPO TELEVISA,C0784,IZZI,"TELEVISION INTERNACIONAL, S.A. DE C.V.",374813,0,0,0,0,374813
100770,15/03/2025,2025,3,G004,GRUPO TELEVISA,C0508,SKY,"CORPORACION DE RADIO Y TELEVISION DEL NORTE DE MEXICO, S. DE R.L. DE C.V.",2464,9179,0,0,0,11643
100777,15/03/2025,2025,3,C590,COSMOCABLE,C0200,COSMOCABLE,"TV CABLE DEL GUADIANA, S.A. DE C.V.",0,0,0,0,226,226
101346,15/03/2025,2025,3,G003,TELEFÓNICA,C0422,MOVISTAR,"PEGASO PCS, S.A. DE C.V.",18490194,2616316,0,0,0,21106510
102273,15/03/2025,2025,3,C584,GRUPO SALINAS,C0655,OUI,"TELECOMUNICACIONES 360, S.A. DE C.V.",823035,0,0,0,0,823035
105695,15/03/2025,2025,3,G008,MEGACABLE-MCM,C0378,MEGACABLE,"SERVICIO Y EQUIPO EN TELEFONIA INTERNET Y TV, S.A. DE C.V.",1587,72529,0,0,0,74116
105899,15/03/2025,2025,3,G253,COPPEL,C1253,REDICOPPEL,"ORIONIDAS, S.A. DE C.V.",43652,0,0,0,0,43652
106835,15/03/2025,2025,3,C644,BUENO CELL,C0644,BUENO CELL,"IBO CELL, S.A.P.I. DE C.V.",19603,0,0,0,0,19603
107326,15/03/2025,2025,3,G007,AT&T,C0051,AT&T,"AT&T COMUNICACIONES DIGITALES, S. DE R.L. DE C.V.",17976547,5034624,0,0,0,23011171
509193,15/03/2025,2025,3,C709,FREEDOMPOP,C0709,FREEDOMPOP,"FREEDOMPOP MEXICO, S.A. DE C.V.",2143783,0,0,0,0,2143783
516798,15/03/2025,2025,3,C775,VASANTA,C0775,VASANTA,"VASANTA COMUNICACIONES, S.A.P.I. DE C.V.",14015,0,0,0,0,14015
517038,15/03/2025,2025,3,C747,YOBI TELECOM,C0747,YOBI TELECOM,"CELMAX MOVIL, S.A. DE C.V.",6581,0,0,0,0,6581
517149,15/03/2025,2025,3,C730,EDILAR,C0730,EDILAR,"EDILAR, S.A. DE C.V.",70003,0,0,0,0,70003
517944,15/03/2025,2025,3,C753,ROCKETEL,C0753,ROCKETEL,"ROCKETEL, S.A.P.I. DE C.V.",92680,0,0,0,0,92680
517975,15/03/2025,2025,3,C751,NEWWW,C0751,NEWWW,"TALENTO NET, S. DE R.L. DE C.V.",592959,2340,0,0,0,595299
518633,15/03/2025,2025,3,C758,WIMOTELECOM,C0758,WIMOTELECOM,"WIMOTELECOM, S.A. DE C.V.",26850,0,0,0,0,26850
518782,15/03/2025,2025,3,C804,GRUPO WALMART,C0804,BODEGA AURRERA INTERNET Y TELEFONÍA BAIT,"WAL-MART INNOVACION, S. DE R.L. DE C.V.",8381888,10430,0,0,0,8392318
518853,15/03/2025,2025,3,C465,R&R NEGOCIOS ALTERNOS,C0465,R&R NEGOCIOS ALTERNOS,"R&R NEGOCIOS ALTERNOS, S.A. DE C.V.",62520,0,0,0,0,62520
518861,15/03/2025,2025,3,C020,ALESTRA,C0783,ALESTRA,"ALESTRA SERVICIOS MOVILES, S.A. DE C.V.",0,48019,0,0,0,48019
518870,15/03/2025,2025,3,C656,WEEX,C0566,WEEX,"COMRELOADED, S.A.P.I. DE C.V.",88010,0,0,0,0,88010
519208,15/03/2025,2025,3,C080,TELMOVIL,C0080,TELMOVIL,"TELMOV MOVIL, S.A. DE C.V.",91302,0,0,0,0,91302
519363,15/03/2025,2025,3,C473,MARKETING 358,C0473,MARKETING 358,"MARKETING 358, S.A. DE C.V.",27116,0,0,0,0,27116
519422,15/03/2025,2025,3,C511,BROMOVIL,C0511,BROMOVIL,"BROCOMUNICACIONES MOVILES, S.A.P.I. DE C.V.",58109,2013,0,0,0,60122
519992,15/03/2025,2025,3,C646,REDPHONE,C0646,REDPHONE,"NEGOCIOS INTEGRALES DE MEXICO, S.A. DE C.V.",40796,0,0,0,0,40796
519996,15/03/2025,2025,3,C647,BENELEIT MOVIL,C0647,BENELEIT MOVIL,"BENE LEIT, S.A. DE C.V.",32225,0,0,0,0,32225
521056,15/03/2025,2025,3,C083,DALE FON,C1083,DALE FON,"DALE FON, S.A. DE C.V.",280271,0,0,0,0,280271
521206,15/03/2025,2025,3,C132,MOVIL PARA TODOS ,C1132,MOVIL PARA TODOS ,"MOVIL PARA TODOS, S.A. DE C.V.",2724,58633,0,0,0,61357
100625,15/06/2025,2025,6,G006,AMERICA MOVIL,C0517,TELCEL,"RADIOMOVIL DIPSA, S.A. DE C.V.",68422037,15043119,0,0,0,83465156
100649,15/06/2025,2025,6,,,,EUTELSAT AMERICAS,"SATELITES MEXICANOS, S.A. DE C.V.",0,0,0,0,92,92
100777,15/06/2025,2025,6,C590,COSMOCABLE,C0200,,"TV CABLE DEL GUADIANA, S.A. DE C.V.",0,0,0,0,234,234
101346,15/06/2025,2025,6,G003,TELEFONICA,C0422,TELEFONICA MOVISTAR,"PEGASO PCS, S.A. DE C.V.",18101473,2664453,0,0,0,20765926
107326,15/06/2025,2025,6,G007,AT&T,C0051,AT&T,"AT&T COMUNICACIONES DIGITALES, S. DE R.L. DE C.V.",17811543,5082266,0,0,0,22893809
100418,15/06/2025,2025,6,G008,MEGACABLE-MCM,C0378,MEGACABLE,"MEGA CABLE, S.A. DE C.V.",5498,587074,0,0,0,592572
100647,15/06/2025,2025,6,G004,GRUPO TELEVISA,C0415,BESTEL,"OPERBES, S.A. DE C.V.",0,0,0,0,5016,5016
100692,15/06/2025,2025,6,G004,GRUPO TELEVISA,C0784,IZZI,"TELEVISION INTERNACIONAL, S.A. DE C.V.",0,463601,0,0,0,463601
100770,15/06/2025,2025,6,G004,GRUPO TELEVISA,C0508,SKY/  SKY PREPAGO/  SKY INTERNET,"CORPORACION DE RADIO Y TELEVISION DEL NORTE DE MEXICO, S. DE R.L. DE C.V.",2472,9207,0,0,0,11679
102273,15/06/2025,2025,6,C584,GRUPO SALINAS,C0655,,"TELECOMUNICACIONES 360, S.A. DE C.V.",828585,0,0,0,0,828585
105899,15/06/2025,2025,6,G253,COPPEL,C1253,,"ORIONIDAS, S.A. DE C.V.",0,0,0,0,63521,63521
106835,15/06/2025,2025,6,C644,BUENO CELL,C0644,,"IBO CELL, S.A.P.I. DE C.V.",18728,0,0,0,0,18728
106870,15/06/2025,2025,6,C717,IENTC,C0717,IENTC TELECOMUNICACIONES,"IENTC, S. DE R.L. DE C.V.",2415,7726,0,0,0,10141
509193,15/06/2025,2025,6,C709,FREEDOMPOP,C0709,"FREEDOMPOP , OXXO CEL , UBER CEL , CHEDRAUI MOVIL , AHORROCEL","FREEDOMPOP MEXICO, S.A. DE C.V.",2355365,0,0,0,0,2355365
516798,15/06/2025,2025,6,C775,VASANTA,C0775,,"VASANTA COMUNICACIONES, S.A.P.I. DE C.V.",13576,0,0,0,0,13576
517038,15/06/2025,2025,6,C747,YOBI TELECOM,C0747,YOBI TELECOM,"CELMAX MOVIL, S.A. DE C.V.",5873,0,0,0,0,5873
517149,15/06/2025,2025,6,C730,EDILAR,C0730,,"EDILAR, S.A. DE  C.V.",83753,0,0,0,0,83753
517944,15/06/2025,2025,6,C753,ROCKETEL,C0753,,"ROCKETEL, S.A.P.I. DE C.V.",82477,0,0,0,0,82477
517975,15/06/2025,2025,6,C751,NEWWW,C0751,NEWWW/REDAGUILA/INTERNET PARA EL BIENESTAR/LINK MOVIL/SKYTEL,"TALENTO NET, S. DE R.L. DE C.V.",621441,2292,0,0,0,623733
518782,15/06/2025,2025,6,C804,GRUPO WALMART,C0804,BODEGA AURRERA INTERNET Y TELEFONIA BAIT,"WAL-MART INNOVACION, S. DE R.L. DE C.V.",9343173,0,0,0,0,9343173
518861,15/06/2025,2025,6,C020,ALESTRA,C0783,GO BIG DIGITAL,"ALESTRA SERVICIOS MOVILES, S.A. DE C.V.",0,56103,0,0,0,56103
518870,15/06/2025,2025,6,C656,WEEX,C0566,,"COMRELOADED, S.A.P.I. DE C.V.",72516,0,0,0,0,72516
519363,15/06/2025,2025,6,C473,MARKETING 358,C0473,RINCEL,"MARKETING 358, S.A. DE C.V.",32236,0,0,0,0,32236
519422,15/06/2025,2025,6,C511,BROMOVIL,C0511,BROMOVIL,"BROCOMUNICACIONES MOVILES, S.A.P.I. DE C.V.",61192,1031,0,0,0,62223
519992,15/06/2025,2025,6,C646,REDPHONE,C0646,REDPHONE,"NEGOCIOS INTEGRALES DE MEXICO, S.A. DE C.V.",52967,0,0,0,0,52967
519996,15/06/2025,2025,6,C647,BENELEIT MOVIL,C0647,BENELEIT MOVIL,"BENE LEIT, S.A. DE C.V.",30551,0,0,0,0,30551
521056,15/06/2025,2025,6,C083,DALE FON,C1083,INTERNET PARA EL BIENESTAR,"DALE FON, S.A. DE C.V.",347103,0,0,0,0,347103
521206,15/06/2025,2025,6,C132,MOVIL PARA TODOS,C1132,MOVIL PARA TODOS,"MOVIL PARA TODOS, S.A. DE C.V.",46340,0,0,0,0,46340
106830,15/06/2025,2025,6,C629,VIRGIN MOBILE,C0629,VIRGIN MOBILE,"VIRGIN MOBILE MEXICO, S. DE R.L. DE C.V.",904028,0,0,0,0,904028
100625,15/09/2025,2025,9,G006,AMERICA MOVIL,C0517,TELCEL,"RADIOMOVIL DIPSA, S.A. DE C.V.",68557505,15161501,0,0,0,83719006
100649,15/09/2025,2025,9,,,,EUTELSAT AMERICAS,"SATELITES MEXICANOS, S.A. DE C.V.",0,0,0,0,92,92
100777,15/09/2025,2025,9,C590,COSMOCABLE,C0200,,"TV CABLE DEL GUADIANA, S.A. DE C.V.",0,0,0,0,242,242
101346,15/09/2025,2025,9,G003,TELEFONICA,C0422,TELEFONICA MOVISTAR,"PEGASO PCS, S.A. DE C.V.",17610323,2697124,0,0,0,20307447
107326,15/09/2025,2025,9,G007,AT&T,C0051,AT&T,"AT&T COMUNICACIONES DIGITALES, S. DE R.L. DE C.V.",18590276,5146802,0,0,0,23737078
100418,15/09/2025,2025,9,G008,MEGACABLE-MCM,C0378,MEGACABLE,"MEGA CABLE, S.A. DE C.V.",4947,605290,0,0,0,610237
100692,15/09/2025,2025,9,G004,GRUPO TELEVISA,C0784,IZZI,"TELEVISION INTERNACIONAL, S.A. DE C.V.",0,557608,0,0,0,557608
100747,15/09/2025,2025,9,G002,DISH-MVS,C0149,DISH,"COMERCIALIZADORA DE FRECUENCIAS SATELITALES, S. DE R.L. DE C.V.",0,0,0,0,4131,4131
100770,15/09/2025,2025,9,G004,GRUPO TELEVISA,C0508,SKY/  SKY PREPAGO/  SKY INTERNET,"CORPORACION DE RADIO Y TELEVISION DEL NORTE DE MEXICO, S. DE R.L. DE C.V.",2243,8355,0,0,0,10598
100818,15/09/2025,2025,9,,,,BT LATAM,"BT LATAM MEXICO, S.A. DE C.V.",0,52907,0,0,0,52907
102273,15/09/2025,2025,9,C584,GRUPO SALINAS,C0655,,"TELECOMUNICACIONES 360, S.A. DE C.V.",833519,0,0,0,0,833519
105695,15/09/2025,2025,9,G008,MEGACABLE-MCM,C0378,MEGACABLE,"SERVICIO Y EQUIPO EN TELEFONIA INTERNET Y TV, S.A. DE C.V.",408,27382,0,0,0,27790
105899,15/09/2025,2025,9,G253,COPPEL,C1253,,"ORIONIDAS, S.A. DE C.V.",68966,0,0,0,0,68966
106835,15/09/2025,2025,9,C644,BUENO CELL,C0644,,"IBO CELL, S.A.P.I. DE C.V.",18479,0,0,0,0,18479
509193,15/09/2025,2025,9,C709,FREEDOMPOP,C0709,"FREEDOMPOP , OXXO CEL , UBER CEL , CHEDRAUI MOVIL , AHORROCEL","FREEDOMPOP MEXICO, S.A. DE C.V.",2029207,0,0,0,0,2029207
516798,15/09/2025,2025,9,C775,VASANTA,C0775,,"VASANTA COMUNICACIONES, S.A.P.I. DE C.V.",38477,0,0,0,0,38477
517038,15/09/2025,2025,9,C747,YOBI TELECOM,C0747,YOBI TELECOM,"CELMAX MOVIL, S.A. DE C.V.",5354,0,0,0,0,5354
517149,15/09/2025,2025,9,C730,EDILAR,C0730,,"EDILAR, S.A. DE  C.V.",83353,0,0,0,0,83353
517944,15/09/2025,2025,9,C753,ROCKETEL,C0753,,"ROCKETEL, S.A.P.I. DE C.V.",80297,0,0,0,0,80297
517975,15/09/2025,2025,9,C751,NEWWW,C0751,NEWWW/REDAGUILA/INTERNET PARA EL BIENESTAR/LINK MOVIL/SKYTEL,"TALENTO NET, S. DE R.L. DE C.V.",649823,2379,0,0,0,652202
518633,15/09/2025,2025,9,C758,WIMOTELECOM,C0758,WIMOTELECOM,"WIMOTELECOM, S.A. DE C.V.",19087,0,0,0,1847,20934
518782,15/09/2025,2025,9,C804,GRUPO WALMART,C0804,BODEGA AURRERA INTERNET Y TELEFONIA BAIT,"WAL-MART INNOVACION, S. DE R.L. DE C.V.",10161892,14939,0,0,0,10176831
518861,15/09/2025,2025,9,C020,ALESTRA,C0783,GO BIG DIGITAL,"ALESTRA SERVICIOS MOVILES, S.A. DE C.V.",0,52907,0,0,0,52907
518870,15/09/2025,2025,9,C656,WEEX,C0566,,"COMRELOADED, S.A.P.I. DE C.V.",72322,0,0,0,0,72322
519208,15/09/2025,2025,9,C080,TELMOVIL,C0080,,"TELMOV MOVIL, S.A. DE C.V.",82780,0,0,0,0,82780
519363,15/09/2025,2025,9,C473,MARKETING 358,C0473,RINCEL,"MARKETING 358, S.A. DE C.V.",31039,0,0,0,0,31039
519422,15/09/2025,2025,9,C511,BROMOVIL,C0511,BROMOVIL,"BROCOMUNICACIONES MOVILES, S.A.P.I. DE C.V.",63752,924,0,0,0,64676
519992,15/09/2025,2025,9,C646,REDPHONE,C0646,REDPHONE,"NEGOCIOS INTEGRALES DE MEXICO, S.A. DE C.V.",59495,0,0,0,0,59495
519996,15/09/2025,2025,9,C647,BENELEIT MOVIL,C0647,BENELEIT MOVIL,"BENE LEIT, S.A. DE C.V.",27605,0,0,0,0,27605
521056,15/09/2025,2025,9,C083,DALE FON,C1083,INTERNET PARA EL BIENESTAR,"DALE FON, S.A. DE C.V.",327947,0,0,0,0,327947
521206,15/09/2025,2025,9,C132,MOVIL PARA TODOS,C1132,MOVIL PARA TODOS,"MOVIL PARA TODOS, S.A. DE C.V.",50002,0,0,0,0,50002
106830,15/09/2025,2025,9,C629,VIRGIN MOBILE,C0629,VIRGIN MOBILE,"VIRGIN MOBILE MEXICO, S. DE R.L. DE C.V.",886353,0,0,0,0,886353
100625,15/12/2025,2025,12,G006,AMERICA MOVIL,C0517,TELCEL,"RADIOMOVIL DIPSA, S.A. DE C.V.",68753123,15319967,0,0,0,84073090
101346,15/12/2025,2025,12,G003,TELEFONICA,C0422,TELEFONICA MOVISTAR,"PEGASO PCS, S.A. DE C.V.",17477816,2653877,0,0,0,20131693
107326,15/12/2025,2025,12,G007,AT&T,C0051,AT&T,"AT&T COMUNICACIONES DIGITALES, S. DE R.L. DE C.V.",18832994,5230252,0,0,0,24063246
100418,15/12/2025,2025,12,G008,MEGACABLE-MCM,C0378,MEGACABLE,"MEGA CABLE, S.A. DE C.V.",4821,643367,0,0,0,648188
100647,15/12/2025,2025,12,G004,GRUPO TELEVISA,C0415,BESTEL,"OPERBES, S.A. DE C.V.",0,0,0,0,1257,1257
100692,15/12/2025,2025,12,G004,GRUPO TELEVISA,C0784,IZZI,"TELEVISION INTERNACIONAL, S.A. DE C.V.",0,652860,0,0,0,652860
100770,15/12/2025,2025,12,G004,GRUPO TELEVISA,C0508,SKY/  SKY PREPAGO/  SKY INTERNET,"CORPORACION DE RADIO Y TELEVISION DEL NORTE DE MEXICO, S. DE R.L. DE C.V.",1992,7419,0,0,0,9411
102273,15/12/2025,2025,12,C584,GRUPO SALINAS,C0655,,"TELECOMUNICACIONES 360, S.A. DE C.V.",819054,0,0,0,0,819054
105695,15/12/2025,2025,12,G008,MEGACABLE-MCM,C0378,MEGACABLE,"SERVICIO Y EQUIPO EN TELEFONIA INTERNET Y TV, S.A. DE C.V.",391,28262,0,0,0,28653
105899,15/12/2025,2025,12,G253,COPPEL,C1253,,"ORIONIDAS, S.A. DE C.V.",78701,0,0,0,0,78701
106835,15/12/2025,2025,12,C644,BUENO CELL,C0644,,"IBO CELL, S.A.P.I. DE C.V.",18212,0,0,0,0,18212
509193,15/12/2025,2025,12,C709,FREEDOMPOP,C0709,"FREEDOMPOP , OXXO CEL , UBER CEL , CHEDRAUI MOVIL , AHORROCEL","FREEDOMPOP MEXICO, S.A. DE C.V.",2261060,0,0,0,0,2261060
516798,15/12/2025,2025,12,C775,VASANTA,C0775,,"VASANTA COMUNICACIONES, S.A.P.I. DE C.V.",34870,0,0,0,0,34870
517038,15/12/2025,2025,12,C747,YOBI TELECOM,C0747,YOBI TELECOM,"CELMAX MOVIL, S.A. DE C.V.",8080,0,0,0,0,8080
517149,15/12/2025,2025,12,C730,EDILAR,C0730,,"EDILAR, S.A. DE  C.V.",83173,0,0,0,0,83173
517944,15/12/2025,2025,12,C753,ROCKETEL,C0753,,"ROCKETEL, S.A.P.I. DE C.V.",72713,0,0,0,0,72713
517975,15/12/2025,2025,12,C751,NEWWW,C0751,NEWWW/REDAGUILA/INTERNET PARA EL BIENESTAR/LINK MOVIL/SKYTEL,"TALENTO NET, S. DE R.L. DE C.V.",648856,2377,0,0,0,651233
518633,15/12/2025,2025,12,C758,WIMOTELECOM,C0758,WIMOTELECOM,"WIMOTELECOM, S.A. DE C.V.",19087,0,0,0,0,19087
518782,15/12/2025,2025,12,C804,GRUPO WALMART,C0804,BODEGA AURRERA INTERNET Y TELEFONIA BAIT,"WAL-MART INNOVACION, S. DE R.L. DE C.V.",10851997,47200,0,0,0,10899197
518861,15/12/2025,2025,12,C020,ALESTRA,C0783,GO BIG DIGITAL,"ALESTRA SERVICIOS MOVILES, S.A. DE C.V.",0,74203,0,0,0,74203
518870,15/12/2025,2025,12,C656,WEEX,C0566,,"COMRELOADED, S.A.P.I. DE C.V.",72100,0,0,0,0,72100
519208,15/12/2025,2025,12,C080,TELMOVIL,C0080,,"TELMOV MOVIL, S.A. DE C.V.",102084,0,0,0,0,102084
519363,15/12/2025,2025,12,C473,MARKETING 358,C0473,RINCEL,"MARKETING 358, S.A. DE C.V.",32256,0,0,0,0,32256
519422,15/12/2025,2025,12,C511,BROMOVIL,C0511,BROMOVIL,"BROCOMUNICACIONES MOVILES, S.A.P.I. DE C.V.",65193,1013,0,0,0,66206
519778,15/12/2025,2025,12,C816,CONECTA2,C0816,CONECTA2,"AL ALCANCE DE LA MANO, S.A. DE C.V.",51326,0,0,0,0,51326
519992,15/12/2025,2025,12,C646,REDPHONE,C0646,REDPHONE,"NEGOCIOS INTEGRALES DE MEXICO, S.A. DE C.V.",65248,0,0,0,0,65248
519996,15/12/2025,2025,12,C647,BENELEIT MOVIL,C0647,BENELEIT MOVIL,"BENE LEIT, S.A. DE C.V.",9745,0,0,0,0,9745
521056,15/12/2025,2025,12,C083,DALE FON,C1083,INTERNET PARA EL BIENESTAR,"DALE FON, S.A. DE C.V.",240661,0,0,0,0,240661
521206,15/12/2025,2025,12,C132,MOVIL PARA TODOS,C1132,MOVIL PARA TODOS,"MOVIL PARA TODOS, S.A. DE C.V.",51326,0,0,0,0,51326
527286,15/12/2025,2025,12,,,,,"JARSAM SOLUCIONES TECNOLOGICAS, S.A. DE C.V.",34870,0,0,0,0,34870
106830,15/12/2025,2025,12,C629,VIRGIN MOBILE,C0629,VIRGIN MOBILE,"VIRGIN MOBILE MEXICO, S. DE R.L. DE C.V.",886878,0,0,0,0,886878
