FOLIO,FECHA,ANIO,MES,K_GRUPO,GRUPO,K_EMPRESA,EMPRESA,CONCESIONARIO,L_PREPAGO_E,L_POSPAGO_E,L_POSPAGOC_E,L_POSPAGOL_E,L_NO_ESPECIFICADO_E,L_TOTAL_E
517573,15/01/2021,2021,1,C746,ADDINTELI,C0746,ADDINTELI,"AGREGADORA DE INTELIGENCIA EN NEGOCIOS TECNOLOGICOS, S.A. DE C.V.",0.0,0.0,0.0,0.0,1643.0,1643.0
517573,15/02/2021,2021,2,C746,ADDINTELI,C0746,ADDINTELI,"AGREGADORA DE INTELIGENCIA EN NEGOCIOS TECNOLOGICOS, S.A. DE C.V.",0.0,0.0,0.0,0.0,1422.0,1422.0
517573,15/03/2021,2021,3,C746,ADDINTELI,C0746,ADDINTELI,"AGREGADORA DE INTELIGENCIA EN NEGOCIOS TECNOLOGICOS, S.A. DE C.V.",0.0,0.0,0.0,0.0,1613.0,1613.0
517573,15/04/2021,2021,4,C746,ADDINTELI,C0746,ADDINTELI,"AGREGADORA DE INTELIGENCIA EN NEGOCIOS TECNOLOGICOS, S.A. DE C.V.",0.0,0.0,0.0,0.0,1848.0,1848.0
517573,15/05/2021,2021,5,C746,ADDINTELI,C0746,ADDINTELI,"AGREGADORA DE INTELIGENCIA EN NEGOCIOS TECNOLOGICOS, S.A. DE C.V.",0.0,0.0,0.0,0.0,1853.0,1853.0
517573,15/06/2021,2021,6,C746,ADDINTELI,C0746,ADDINTELI,"AGREGADORA DE INTELIGENCIA EN NEGOCIOS TECNOLOGICOS, S.A. DE C.V.",0.0,0.0,0.0,0.0,1849.0,1849.0
517573,15/07/2021,2021,7,C746,ADDINTELI,C0746,ADDINTELI,"AGREGADORA DE INTELIGENCIA EN NEGOCIOS TECNOLOGICOS, S.A. DE C.V.",0.0,0.0,0.0,0.0,1947.0,1947.0
517573,15/08/2021,2021,8,C746,ADDINTELI,C0746,ADDINTELI,"AGREGADORA DE INTELIGENCIA EN NEGOCIOS TECNOLOGICOS, S.A. DE C.V.",0.0,0.0,0.0,0.0,1935.0,1935.0
517573,15/09/2021,2021,9,C746,ADDINTELI,C0746,ADDINTELI,"AGREGADORA DE INTELIGENCIA EN NEGOCIOS TECNOLOGICOS, S.A. DE C.V.",0.0,0.0,0.0,0.0,2106.0,2106.0
517573,15/10/2021,2021,10,C746,ADDINTELI,C0746,ADDINTELI,"AGREGADORA DE INTELIGENCIA EN NEGOCIOS TECNOLOGICOS, S.A. DE C.V.",0.0,0.0,0.0,0.0,2387.0,2387.0
517573,15/11/2021,2021,11,C746,ADDINTELI,C0746,ADDINTELI,"AGREGADORA DE INTELIGENCIA EN NEGOCIOS TECNOLOGICOS, S.A. DE C.V.",0.0,0.0,0.0,0.0,2454.0,2454.0
517573,15/12/2021,2021,12,C746,ADDINTELI,C0746,ADDINTELI,"AGREGADORA DE INTELIGENCIA EN NEGOCIOS TECNOLOGICOS, S.A. DE C.V.",0.0,0.0,0.0,0.0,2739.0,2739.0
517573,15/01/2022,2022,1,C746,ADDINTELI,C0746,ADDINTELI,"AGREGADORA DE INTELIGENCIA EN NEGOCIOS TECNOLOGICOS, S.A. DE C.V.",0.0,0.0,0.0,0.0,3142.0,3142.0
517573,15/02/2022,2022,2,C746,ADDINTELI,C0746,ADDINTELI,"AGREGADORA DE INTELIGENCIA EN NEGOCIOS TECNOLOGICOS, S.A. DE C.V.",0.0,0.0,0.0,0.0,3201.0,3201.0
517573,15/03/2022,2022,3,C746,ADDINTELI,C0746,ADDINTELI,"AGREGADORA DE INTELIGENCIA EN NEGOCIOS TECNOLOGICOS, S.A. DE C.V.",0.0,0.0,0.0,0.0,3373.0,3373.0
517573,15/04/2022,2022,4,C746,ADDINTELI,C0746,ADDINTELI,"AGREGADORA DE INTELIGENCIA EN NEGOCIOS TECNOLOGICOS, S.A. DE C.V.",0.0,0.0,0.0,0.0,1242.0,1242.0
517573,15/05/2022,2022,5,C746,ADDINTELI,C0746,ADDINTELI,"AGREGADORA DE INTELIGENCIA EN NEGOCIOS TECNOLOGICOS, S.A. DE C.V.",0.0,0.0,0.0,0.0,1221.0,1221.0
517573,15/06/2022,2022,6,C746,ADDINTELI,C0746,ADDINTELI,"AGREGADORA DE INTELIGENCIA EN NEGOCIOS TECNOLOGICOS, S.A. DE C.V.",0.0,0.0,0.0,0.0,1215.0,1215.0
517573,15/07/2022,2022,7,C746,ADDINTELI,C0746,ADDINTELI,"AGREGADORA DE INTELIGENCIA EN NEGOCIOS TECNOLOGICOS, S.A. DE C.V.",0.0,0.0,0.0,0.0,1266.0,1266.0
517573,15/08/2022,2022,8,C746,ADDINTELI,C0746,ADDINTELI,"AGREGADORA DE INTELIGENCIA EN NEGOCIOS TECNOLOGICOS, S.A. DE C.V.",0.0,0.0,0.0,0.0,1193.0,1193.0
517573,15/09/2022,2022,9,C746,ADDINTELI,C0746,ADDINTELI,"AGREGADORA DE INTELIGENCIA EN NEGOCIOS TECNOLOGICOS, S.A. DE C.V.",0.0,0.0,0.0,0.0,1234.0,1234.0
517573,15/10/2022,2022,10,C746,ADDINTELI,C0746,ADDINTELI,"AGREGADORA DE INTELIGENCIA EN NEGOCIOS TECNOLOGICOS, S.A. DE C.V.",0.0,0.0,0.0,0.0,1003.0,1003.0
517573,15/11/2022,2022,11,C746,ADDINTELI,C0746,ADDINTELI,"AGREGADORA DE INTELIGENCIA EN NEGOCIOS TECNOLOGICOS, S.A. DE C.V.",0.0,0.0,0.0,0.0,799.0,799.0
517573,15/12/2022,2022,12,C746,ADDINTELI,C0746,ADDINTELI,"AGREGADORA DE INTELIGENCIA EN NEGOCIOS TECNOLOGICOS, S.A. DE C.V.",0.0,0.0,0.0,0.0,852.0,852.0
517573,15/01/2023,2023,1,C746,ADDINTELI,C0746,ADDINTELI,"AGREGADORA DE INTELIGENCIA EN NEGOCIOS TECNOLOGICOS, S.A. DE C.V.",0.0,0.0,0.0,0.0,2545.0,2545.0
517573,15/02/2023,2023,2,C746,ADDINTELI,C0746,ADDINTELI,"AGREGADORA DE INTELIGENCIA EN NEGOCIOS TECNOLOGICOS, S.A. DE C.V.",0.0,0.0,0.0,0.0,6854.0,6854.0
517573,15/03/2023,2023,3,C746,ADDINTELI,C0746,ADDINTELI,"AGREGADORA DE INTELIGENCIA EN NEGOCIOS TECNOLOGICOS, S.A. DE C.V.",0.0,0.0,0.0,0.0,12532.0,12532.0
517573,15/04/2023,2023,4,C746,ADDINTELI,C0746,ADDINTELI,"AGREGADORA DE INTELIGENCIA EN NEGOCIOS TECNOLOGICOS, S.A. DE C.V.",0.0,0.0,0.0,0.0,6155.0,6155.0
517573,15/05/2023,2023,5,C746,ADDINTELI,C0746,ADDINTELI,"AGREGADORA DE INTELIGENCIA EN NEGOCIOS TECNOLOGICOS, S.A. DE C.V.",0.0,0.0,0.0,0.0,7215.0,7215.0
517573,15/06/2023,2023,6,C746,ADDINTELI,C0746,ADDINTELI,"AGREGADORA DE INTELIGENCIA EN NEGOCIOS TECNOLOGICOS, S.A. DE C.V.",0.0,0.0,0.0,0.0,7781.0,7781.0
517573,15/07/2023,2023,7,C746,ADDINTELI,C0746,ADDINTELI,"AGREGADORA DE INTELIGENCIA EN NEGOCIOS TECNOLOGICOS, S.A. DE C.V.",0.0,0.0,0.0,0.0,9758.0,9758.0
517573,15/08/2023,2023,8,C746,ADDINTELI,C0746,ADDINTELI,"AGREGADORA DE INTELIGENCIA EN NEGOCIOS TECNOLOGICOS, S.A. DE C.V.",0.0,0.0,0.0,0.0,10382.0,10382.0
517573,15/09/2023,2023,9,C746,ADDINTELI,C0746,ADDINTELI,"AGREGADORA DE INTELIGENCIA EN NEGOCIOS TECNOLOGICOS, S.A. DE C.V.",0.0,0.0,0.0,0.0,10482.0,10482.0
517573,15/10/2023,2023,10,C746,ADDINTELI,C0746,ADDINTELI,"AGREGADORA DE INTELIGENCIA EN NEGOCIOS TECNOLOGICOS, S.A. DE C.V.",0.0,0.0,0.0,0.0,10328.0,10328.0
517573,15/11/2023,2023,11,C746,ADDINTELI,C0746,ADDINTELI,"AGREGADORA DE INTELIGENCIA EN NEGOCIOS TECNOLOGICOS, S.A. DE C.V.",0.0,0.0,0.0,0.0,10637.0,10637.0
517573,15/12/2023,2023,12,C746,ADDINTELI,C0746,ADDINTELI,"AGREGADORA DE INTELIGENCIA EN NEGOCIOS TECNOLOGICOS, S.A. DE C.V.",0.0,0.0,0.0,0.0,10755.0,10755.0
517573,15/07/2024,2024,7,C746,ADDINTELI,C0746,ADDINTELI,"AGREGADORA DE INTELIGENCIA EN NEGOCIOS TECNOLOGICOS, S.A. DE C.V.",0.0,0.0,0.0,0.0,12142.0,12142.0
517573,15/08/2024,2024,8,C746,ADDINTELI,C0746,ADDINTELI,"AGREGADORA DE INTELIGENCIA EN NEGOCIOS TECNOLOGICOS, S.A. DE C.V.",0.0,0.0,0.0,0.0,9088.0,9088.0
517573,15/09/2024,2024,9,C746,ADDINTELI,C0746,ADDINTELI,"AGREGADORA DE INTELIGENCIA EN NEGOCIOS TECNOLOGICOS, S.A. DE C.V.",0.0,0.0,0.0,0.0,9009.0,9009.0
517573,15/10/2024,2024,10,C746,ADDINTELI,C0746,ADDINTELI,"AGREGADORA DE INTELIGENCIA EN NEGOCIOS TECNOLOGICOS, S.A. DE C.V.",0.0,0.0,0.0,0.0,11860.0,11860.0
517573,15/11/2024,2024,11,C746,ADDINTELI,C0746,ADDINTELI,"AGREGADORA DE INTELIGENCIA EN NEGOCIOS TECNOLOGICOS, S.A. DE C.V.",0.0,0.0,0.0,0.0,11210.0,11210.0
517573,15/12/2024,2024,12,C746,ADDINTELI,C0746,ADDINTELI,"AGREGADORA DE INTELIGENCIA EN NEGOCIOS TECNOLOGICOS, S.A. DE C.V.",0.0,0.0,0.0,0.0,11682.0,11682.0
106749,15/03/2021,2021,3,C516,AFCAZA,C0516,AFCAZA,"AFCAZA, S.A.P.I. DE C.V.",0.0,0.0,0.0,0.0,22.0,22.0
106749,15/06/2021,2021,6,C516,AFCAZA,C0516,AFCAZA,"AFCAZA, S.A.P.I. DE C.V.",0.0,0.0,0.0,0.0,6.0,6.0
106749,15/08/2021,2021,8,C516,AFCAZA,C0516,AFCAZA,"AFCAZA, S.A.P.I. DE C.V.",0.0,0.0,0.0,0.0,6.0,6.0
106749,15/09/2021,2021,9,C516,AFCAZA,C0516,AFCAZA,"AFCAZA, S.A.P.I. DE C.V.",0.0,0.0,0.0,0.0,11.0,11.0
106749,15/10/2021,2021,10,C516,AFCAZA,C0516,AFCAZA,"AFCAZA, S.A.P.I. DE C.V.",0.0,0.0,0.0,0.0,1.0,1.0
106749,15/11/2021,2021,11,C516,AFCAZA,C0516,AFCAZA,"AFCAZA, S.A.P.I. DE C.V.",0.0,0.0,0.0,0.0,5.0,5.0
106749,15/12/2021,2021,12,C516,AFCAZA,C0516,AFCAZA,"AFCAZA, S.A.P.I. DE C.V.",0.0,0.0,0.0,0.0,1.0,1.0
106749,15/01/2022,2022,1,C516,AFCAZA,C0516,AFCAZA,"AFCAZA, S.A.P.I. DE C.V.",0.0,0.0,0.0,0.0,1.0,1.0
106749,15/02/2022,2022,2,C516,AFCAZA,C0516,AFCAZA,"AFCAZA, S.A.P.I. DE C.V.",0.0,0.0,0.0,0.0,2.0,2.0
106749,15/03/2022,2022,3,C516,AFCAZA,C0516,AFCAZA,"AFCAZA, S.A.P.I. DE C.V.",0.0,0.0,0.0,0.0,3.0,3.0
106749,15/04/2022,2022,4,C516,AFCAZA,C0516,AFCAZA,"AFCAZA, S.A.P.I. DE C.V.",0.0,0.0,0.0,0.0,4.0,4.0
106749,15/05/2022,2022,5,C516,AFCAZA,C0516,AFCAZA,"AFCAZA, S.A.P.I. DE C.V.",0.0,0.0,0.0,0.0,4.0,4.0
106749,15/06/2022,2022,6,C516,AFCAZA,C0516,AFCAZA,"AFCAZA, S.A.P.I. DE C.V.",0.0,0.0,0.0,0.0,4.0,4.0
106749,15/07/2022,2022,7,C516,AFCAZA,C0516,AFCAZA,"AFCAZA, S.A.P.I. DE C.V.",0.0,0.0,0.0,0.0,5.0,5.0
106749,15/08/2022,2022,8,C516,AFCAZA,C0516,AFCAZA,"AFCAZA, S.A.P.I. DE C.V.",0.0,0.0,0.0,0.0,5.0,5.0
106749,15/09/2022,2022,9,C516,AFCAZA,C0516,AFCAZA,"AFCAZA, S.A.P.I. DE C.V.",0.0,0.0,0.0,0.0,17.0,17.0
106749,15/10/2022,2022,10,C516,AFCAZA,C0516,AFCAZA,"AFCAZA, S.A.P.I. DE C.V.",0.0,0.0,0.0,0.0,17.0,17.0
106749,15/11/2022,2022,11,C516,AFCAZA,C0516,AFCAZA,"AFCAZA, S.A.P.I. DE C.V.",0.0,0.0,0.0,0.0,21.0,21.0
106749,15/12/2022,2022,12,C516,AFCAZA,C0516,AFCAZA,"AFCAZA, S.A.P.I. DE C.V.",0.0,0.0,0.0,0.0,30.0,30.0
515609,15/06/2019,2019,6,C736,AIRBUS,C0736,AIRBUS,"AIRBUS SLC, S.A. DE C.V.",0.0,0.0,0.0,0.0,568.0,568.0
515609,15/07/2019,2019,7,C736,AIRBUS,C0736,AIRBUS,"AIRBUS SLC, S.A. DE C.V.",0.0,0.0,0.0,0.0,595.0,595.0
515609,15/08/2019,2019,8,C736,AIRBUS,C0736,AIRBUS,"AIRBUS SLC, S.A. DE C.V.",0.0,0.0,0.0,0.0,595.0,595.0
515609,15/09/2019,2019,9,C736,AIRBUS,C0736,AIRBUS,"AIRBUS SLC, S.A. DE C.V.",0.0,0.0,0.0,0.0,595.0,595.0
515609,15/10/2019,2019,10,C736,AIRBUS,C0736,AIRBUS,"AIRBUS SLC, S.A. DE C.V.",0.0,0.0,0.0,0.0,1393.0,1393.0
515609,15/11/2019,2019,11,C736,AIRBUS,C0736,AIRBUS,"AIRBUS SLC, S.A. DE C.V.",0.0,0.0,0.0,0.0,1393.0,1393.0
515609,15/12/2019,2019,12,C736,AIRBUS,C0736,AIRBUS,"AIRBUS SLC, S.A. DE C.V.",0.0,0.0,0.0,0.0,1453.0,1453.0
515609,15/01/2020,2020,1,C736,AIRBUS,C0736,AIRBUS,"AIRBUS SLC, S.A. DE C.V.",0.0,0.0,0.0,0.0,1453.0,1453.0
515609,15/02/2020,2020,2,C736,AIRBUS,C0736,AIRBUS,"AIRBUS SLC, S.A. DE C.V.",0.0,0.0,0.0,0.0,1541.0,1541.0
515609,15/03/2020,2020,3,C736,AIRBUS,C0736,AIRBUS,"AIRBUS SLC, S.A. DE C.V.",0.0,0.0,0.0,0.0,1541.0,1541.0
515609,15/04/2020,2020,4,C736,AIRBUS,C0736,AIRBUS,"AIRBUS SLC, S.A. DE C.V.",0.0,0.0,0.0,0.0,1541.0,1541.0
515609,15/05/2020,2020,5,C736,AIRBUS,C0736,AIRBUS,"AIRBUS SLC, S.A. DE C.V.",0.0,0.0,0.0,0.0,1541.0,1541.0
515609,15/06/2020,2020,6,C736,AIRBUS,C0736,AIRBUS,"AIRBUS SLC, S.A. DE C.V.",0.0,0.0,0.0,0.0,1541.0,1541.0
515609,15/07/2020,2020,7,C736,AIRBUS,C0736,AIRBUS,"AIRBUS SLC, S.A. DE C.V.",0.0,0.0,0.0,0.0,1541.0,1541.0
515609,15/08/2020,2020,8,C736,AIRBUS,C0736,AIRBUS,"AIRBUS SLC, S.A. DE C.V.",0.0,0.0,0.0,0.0,2662.0,2662.0
515609,15/09/2020,2020,9,C736,AIRBUS,C0736,AIRBUS,"AIRBUS SLC, S.A. DE C.V.",0.0,0.0,0.0,0.0,2662.0,2662.0
515609,15/10/2020,2020,10,C736,AIRBUS,C0736,AIRBUS,"AIRBUS SLC, S.A. DE C.V.",0.0,0.0,0.0,0.0,1541.0,1541.0
515609,15/11/2020,2020,11,C736,AIRBUS,C0736,AIRBUS,"AIRBUS SLC, S.A. DE C.V.",0.0,0.0,0.0,0.0,2662.0,2662.0
515609,15/12/2020,2020,12,C736,AIRBUS,C0736,AIRBUS,"AIRBUS SLC, S.A. DE C.V.",0.0,0.0,0.0,0.0,2662.0,2662.0
518861,15/01/2022,2022,1,C020,ALESTRA,C0783,ALESTRA,"ALESTRA SERVICIOS MOVILES, S.A. DE C.V.",0.0,0.0,0.0,0.0,13.0,13.0
518861,15/02/2022,2022,2,C020,ALESTRA,C0783,ALESTRA,"ALESTRA SERVICIOS MOVILES, S.A. DE C.V.",0.0,0.0,0.0,0.0,12.0,12.0
518861,15/03/2022,2022,3,C020,ALESTRA,C0783,ALESTRA,"ALESTRA SERVICIOS MOVILES, S.A. DE C.V.",0.0,0.0,0.0,0.0,11.0,11.0
518861,15/04/2022,2022,4,C020,ALESTRA,C0783,ALESTRA,"ALESTRA SERVICIOS MOVILES, S.A. DE C.V.",0.0,0.0,0.0,0.0,11.0,11.0
518861,15/05/2022,2022,5,C020,ALESTRA,C0783,ALESTRA,"ALESTRA SERVICIOS MOVILES, S.A. DE C.V.",0.0,0.0,0.0,0.0,11.0,11.0
518861,15/06/2022,2022,6,C020,ALESTRA,C0783,ALESTRA,"ALESTRA SERVICIOS MOVILES, S.A. DE C.V.",0.0,0.0,0.0,0.0,11.0,11.0
518861,15/07/2022,2022,7,C020,ALESTRA,C0783,ALESTRA,"ALESTRA SERVICIOS MOVILES, S.A. DE C.V.",0.0,0.0,0.0,0.0,11.0,11.0
518861,15/08/2022,2022,8,C020,ALESTRA,C0783,ALESTRA,"ALESTRA SERVICIOS MOVILES, S.A. DE C.V.",0.0,0.0,0.0,0.0,11.0,11.0
518861,15/09/2022,2022,9,C020,ALESTRA,C0783,ALESTRA,"ALESTRA SERVICIOS MOVILES, S.A. DE C.V.",0.0,0.0,0.0,0.0,11.0,11.0
518861,15/10/2022,2022,10,C020,ALESTRA,C0783,ALESTRA,"ALESTRA SERVICIOS MOVILES, S.A. DE C.V.",0.0,0.0,0.0,0.0,11.0,11.0
518861,15/11/2022,2022,11,C020,ALESTRA,C0783,ALESTRA,"ALESTRA SERVICIOS MOVILES, S.A. DE C.V.",0.0,0.0,0.0,0.0,11.0,11.0
518861,15/12/2022,2022,12,C020,ALESTRA,C0783,ALESTRA,"ALESTRA SERVICIOS MOVILES, S.A. DE C.V.",0.0,0.0,0.0,0.0,11.0,11.0
518861,15/01/2023,2023,1,C020,ALESTRA,C0783,ALESTRA,"ALESTRA SERVICIOS MOVILES, S.A. DE C.V.",0.0,0.0,0.0,0.0,12.0,12.0
518861,15/02/2023,2023,2,C020,ALESTRA,C0783,ALESTRA,"ALESTRA SERVICIOS MOVILES, S.A. DE C.V.",0.0,0.0,0.0,0.0,11.0,11.0
518861,15/03/2023,2023,3,C020,ALESTRA,C0783,ALESTRA,"ALESTRA SERVICIOS MOVILES, S.A. DE C.V.",0.0,0.0,0.0,0.0,11.0,11.0
518861,15/04/2023,2023,4,C020,ALESTRA,C0783,ALESTRA,"ALESTRA SERVICIOS MOVILES, S.A. DE C.V.",0.0,0.0,0.0,0.0,11.0,11.0
518861,15/05/2023,2023,5,C020,ALESTRA,C0783,ALESTRA,"ALESTRA SERVICIOS MOVILES, S.A. DE C.V.",0.0,0.0,0.0,0.0,11.0,11.0
518861,15/06/2023,2023,6,C020,ALESTRA,C0783,ALESTRA,"ALESTRA SERVICIOS MOVILES, S.A. DE C.V.",0.0,0.0,0.0,0.0,13.0,13.0
518861,15/07/2023,2023,7,C020,ALESTRA,C0783,ALESTRA,"ALESTRA SERVICIOS MOVILES, S.A. DE C.V.",0.0,0.0,0.0,0.0,13.0,13.0
518861,15/08/2023,2023,8,C020,ALESTRA,C0783,ALESTRA,"ALESTRA SERVICIOS MOVILES, S.A. DE C.V.",0.0,0.0,0.0,0.0,13.0,13.0
518861,15/09/2023,2023,9,C020,ALESTRA,C0783,ALESTRA,"ALESTRA SERVICIOS MOVILES, S.A. DE C.V.",0.0,0.0,0.0,0.0,13.0,13.0
518861,15/10/2023,2023,10,C020,ALESTRA,C0783,ALESTRA,"ALESTRA SERVICIOS MOVILES, S.A. DE C.V.",0.0,0.0,0.0,0.0,13.0,13.0
518861,15/11/2023,2023,11,C020,ALESTRA,C0783,ALESTRA,"ALESTRA SERVICIOS MOVILES, S.A. DE C.V.",0.0,0.0,0.0,0.0,13.0,13.0
518861,15/12/2023,2023,12,C020,ALESTRA,C0783,ALESTRA,"ALESTRA SERVICIOS MOVILES, S.A. DE C.V.",0.0,0.0,0.0,0.0,13.0,13.0
518861,15/01/2024,2024,1,C020,ALESTRA,C0783,ALESTRA,"ALESTRA SERVICIOS MOVILES, S.A. DE C.V.",0.0,0.0,0.0,0.0,1501.0,1501.0
518861,15/02/2024,2024,2,C020,ALESTRA,C0783,ALESTRA,"ALESTRA SERVICIOS MOVILES, S.A. DE C.V.",0.0,0.0,0.0,0.0,1560.0,1560.0
518861,15/03/2024,2024,3,C020,ALESTRA,C0783,ALESTRA,"ALESTRA SERVICIOS MOVILES, S.A. DE C.V.",0.0,0.0,0.0,0.0,1610.0,1610.0
518861,15/10/2024,2024,10,C020,ALESTRA,C0783,ALESTRA,"ALESTRA SERVICIOS MOVILES, S.A. DE C.V.",0.0,0.0,0.0,0.0,2150.0,2150.0
518861,15/11/2024,2024,11,C020,ALESTRA,C0783,ALESTRA,"ALESTRA SERVICIOS MOVILES, S.A. DE C.V.",0.0,0.0,0.0,0.0,2294.0,2294.0
518861,15/12/2024,2024,12,C020,ALESTRA,C0783,ALESTRA,"ALESTRA SERVICIOS MOVILES, S.A. DE C.V.",0.0,0.0,0.0,0.0,2367.0,2367.0
517751,15/09/2023,2023,9,C863,ALISTEL,C0863,ALISTEL,"ALISTEL, S.A.P.I. DE C.V.",0.0,0.0,0.0,0.0,3.0,3.0
517751,15/10/2023,2023,10,C863,ALISTEL,C0863,ALISTEL,"ALISTEL, S.A.P.I. DE C.V.",0.0,0.0,0.0,0.0,1.0,1.0
517751,15/11/2023,2023,11,C863,ALISTEL,C0863,ALISTEL,"ALISTEL, S.A.P.I. DE C.V.",0.0,0.0,0.0,0.0,2.0,2.0
517751,15/12/2023,2023,12,C863,ALISTEL,C0863,ALISTEL,"ALISTEL, S.A.P.I. DE C.V.",0.0,0.0,0.0,0.0,2.0,2.0
514850,15/01/2020,2020,1,C745,ALTCEL,C0745,ALTCEL,"ALTCEL, S.A.P.I. DE C.V.",0.0,0.0,0.0,0.0,406.0,406.0
514850,15/02/2020,2020,2,C745,ALTCEL,C0745,ALTCEL,"ALTCEL, S.A.P.I. DE C.V.",0.0,0.0,0.0,0.0,589.0,589.0
514850,15/03/2020,2020,3,C745,ALTCEL,C0745,ALTCEL,"ALTCEL, S.A.P.I. DE C.V.",0.0,0.0,0.0,0.0,615.0,615.0
514850,15/04/2020,2020,4,C745,ALTCEL,C0745,ALTCEL,"ALTCEL, S.A.P.I. DE C.V.",0.0,0.0,0.0,0.0,624.0,624.0
514850,15/05/2020,2020,5,C745,ALTCEL,C0745,ALTCEL,"ALTCEL, S.A.P.I. DE C.V.",0.0,0.0,0.0,0.0,794.0,794.0
514850,15/06/2020,2020,6,C745,ALTCEL,C0745,ALTCEL,"ALTCEL, S.A.P.I. DE C.V.",0.0,0.0,0.0,0.0,859.0,859.0
514850,15/07/2020,2020,7,C745,ALTCEL,C0745,ALTCEL,"ALTCEL, S.A.P.I. DE C.V.",0.0,0.0,0.0,0.0,874.0,874.0
514850,15/08/2020,2020,8,C745,ALTCEL,C0745,ALTCEL,"ALTCEL, S.A.P.I. DE C.V.",0.0,0.0,0.0,0.0,900.0,900.0
514850,15/09/2020,2020,9,C745,ALTCEL,C0745,ALTCEL,"ALTCEL, S.A.P.I. DE C.V.",0.0,0.0,0.0,0.0,1174.0,1174.0
514850,15/10/2020,2020,10,C745,ALTCEL,C0745,ALTCEL,"ALTCEL, S.A.P.I. DE C.V.",0.0,0.0,0.0,0.0,1663.0,1663.0
514850,15/11/2020,2020,11,C745,ALTCEL,C0745,ALTCEL,"ALTCEL, S.A.P.I. DE C.V.",0.0,0.0,0.0,0.0,2483.0,2483.0
514850,15/12/2020,2020,12,C745,ALTCEL,C0745,ALTCEL,"ALTCEL, S.A.P.I. DE C.V.",0.0,0.0,0.0,0.0,3349.0,3349.0
107326,15/10/2015,2015,10,G007,AT&T,C0051,AT&T,"AT&T COMUNICACIONES DIGITALES, S. DE R.L. DE C.V.",1833591.0,3698244.0,0.0,0.0,,5531835.0
107326,15/11/2015,2015,11,G007,AT&T,C0051,AT&T,"AT&T COMUNICACIONES DIGITALES, S. DE R.L. DE C.V.",2097692.0,3809365.0,0.0,0.0,,5907057.0
107326,15/12/2015,2015,12,G007,AT&T,C0051,AT&T,"AT&T COMUNICACIONES DIGITALES, S. DE R.L. DE C.V.",2444142.0,3868235.0,0.0,0.0,,6312377.0
107326,15/01/2016,2016,1,G007,AT&T,C0051,AT&T,"AT&T COMUNICACIONES DIGITALES, S. DE R.L. DE C.V.",2443742.0,4315437.0,0.0,0.0,,6759179.0
107326,15/02/2016,2016,2,G007,AT&T,C0051,AT&T,"AT&T COMUNICACIONES DIGITALES, S. DE R.L. DE C.V.",2536400.0,4349910.0,0.0,0.0,,6886310.0
107326,15/03/2016,2016,3,G007,AT&T,C0051,AT&T,"AT&T COMUNICACIONES DIGITALES, S. DE R.L. DE C.V.",2693921.0,4384851.0,0.0,0.0,,7078772.0
107326,15/04/2016,2016,4,G007,AT&T,C0051,AT&T,"AT&T COMUNICACIONES DIGITALES, S. DE R.L. DE C.V.",2720698.0,4414029.0,0.0,0.0,,7134727.0
107326,15/05/2016,2016,5,G007,AT&T,C0051,AT&T,"AT&T COMUNICACIONES DIGITALES, S. DE R.L. DE C.V.",2884035.0,4533910.0,0.0,0.0,,7417945.0
107326,15/06/2016,2016,6,G007,AT&T,C0051,AT&T,"AT&T COMUNICACIONES DIGITALES, S. DE R.L. DE C.V.",3050572.0,4660097.0,0.0,0.0,,7710669.0
107326,15/07/2016,2016,7,G007,AT&T,C0051,AT&T,"AT&T COMUNICACIONES DIGITALES, S. DE R.L. DE C.V.",3375625.0,4365659.0,0.0,0.0,,7741284.0
107326,15/08/2016,2016,8,G007,AT&T,C0051,AT&T,"AT&T COMUNICACIONES DIGITALES, S. DE R.L. DE C.V.",3554586.0,4434469.0,0.0,0.0,,7989055.0
107326,15/09/2016,2016,9,G007,AT&T,C0051,AT&T,"AT&T COMUNICACIONES DIGITALES, S. DE R.L. DE C.V.",3675578.0,4509578.0,0.0,0.0,,8185156.0
107326,15/10/2016,2016,10,G007,AT&T,C0051,AT&T,"AT&T COMUNICACIONES DIGITALES, S. DE R.L. DE C.V.",4392202.0,4571652.0,0.0,0.0,,8963854.0
107326,15/11/2016,2016,11,G007,AT&T,C0051,AT&T,"AT&T COMUNICACIONES DIGITALES, S. DE R.L. DE C.V.",4626963.0,4635796.0,0.0,0.0,,9262759.0
107326,15/12/2016,2016,12,G007,AT&T,C0051,AT&T,"AT&T COMUNICACIONES DIGITALES, S. DE R.L. DE C.V.",5061258.0,4697870.0,0.0,0.0,,9759128.0
107326,15/01/2017,2017,1,G007,AT&T,C0051,AT&T,"AT&T COMUNICACIONES DIGITALES, S. DE R.L. DE C.V.",5370904.0,4762013.0,0.0,0.0,,10132917.0
107326,15/02/2017,2017,2,G007,AT&T,C0051,AT&T,"AT&T COMUNICACIONES DIGITALES, S. DE R.L. DE C.V.",5429238.0,4826157.0,0.0,0.0,,10255395.0
107326,15/03/2017,2017,3,G007,AT&T,C0051,AT&T,"AT&T COMUNICACIONES DIGITALES, S. DE R.L. DE C.V.",5668072.0,4884093.0,0.0,0.0,,10552165.0
107326,15/04/2017,2017,4,G007,AT&T,C0051,AT&T,"AT&T COMUNICACIONES DIGITALES, S. DE R.L. DE C.V.",5504901.0,4948236.0,0.0,0.0,,10453137.0
107326,15/05/2017,2017,5,G007,AT&T,C0051,AT&T,"AT&T COMUNICACIONES DIGITALES, S. DE R.L. DE C.V.",5822710.0,5010310.0,0.0,0.0,,10833020.0
107326,15/06/2017,2017,6,G007,AT&T,C0051,AT&T,"AT&T COMUNICACIONES DIGITALES, S. DE R.L. DE C.V.",5824760.0,5074454.0,0.0,0.0,,10899214.0
107326,15/07/2017,2017,7,G007,AT&T,C0051,AT&T,"AT&T COMUNICACIONES DIGITALES, S. DE R.L. DE C.V.",5985132.0,0.0,0.0,5136528.0,,11121660.0
107326,15/08/2017,2017,8,G007,AT&T,C0051,AT&T,"AT&T COMUNICACIONES DIGITALES, S. DE R.L. DE C.V.",6099399.0,0.0,0.0,5200670.0,,11300069.0
107326,15/09/2017,2017,9,G007,AT&T,C0051,AT&T,"AT&T COMUNICACIONES DIGITALES, S. DE R.L. DE C.V.",6125889.0,0.0,0.0,5264814.0,,11390703.0
107326,15/10/2017,2017,10,G007,AT&T,C0051,AT&T,"AT&T COMUNICACIONES DIGITALES, S. DE R.L. DE C.V.",6217600.0,0.0,0.0,5326889.0,,11544489.0
107326,15/11/2017,2017,11,G007,AT&T,C0051,AT&T,"AT&T COMUNICACIONES DIGITALES, S. DE R.L. DE C.V.",6484741.0,0.0,0.0,5391032.0,,11875773.0
107326,15/12/2017,2017,12,G007,AT&T,C0051,AT&T,"AT&T COMUNICACIONES DIGITALES, S. DE R.L. DE C.V.",6752597.0,0.0,0.0,5453106.0,,12205703.0
107326,15/01/2018,2018,1,G007,AT&T,C0051,AT&T,"AT&T COMUNICACIONES DIGITALES, S. DE R.L. DE C.V.",6871040.0,0.0,2969271.0,2429404.0,,12269715.0
107326,15/02/2018,2018,2,G007,AT&T,C0051,AT&T,"AT&T COMUNICACIONES DIGITALES, S. DE R.L. DE C.V.",7091142.0,0.0,2772881.0,2362084.0,,12226107.0
107326,15/03/2018,2018,3,G007,AT&T,C0051,AT&T,"AT&T COMUNICACIONES DIGITALES, S. DE R.L. DE C.V.",7452749.0,0.0,2682989.0,2285510.0,,12421248.0
107326,15/04/2018,2018,4,G007,AT&T,C0051,AT&T,"AT&T COMUNICACIONES DIGITALES, S. DE R.L. DE C.V.",7701690.0,0.0,2708218.0,2215814.0,,12625722.0
107326,15/05/2018,2018,5,G007,AT&T,C0051,AT&T,"AT&T COMUNICACIONES DIGITALES, S. DE R.L. DE C.V.",7716229.0,0.0,2447147.0,2084606.0,,12247982.0
107326,15/06/2018,2018,6,G007,AT&T,C0051,AT&T,"AT&T COMUNICACIONES DIGITALES, S. DE R.L. DE C.V.",7466180.0,0.0,2267853.0,1931874.0,,11665907.0
107326,15/07/2018,2018,7,G007,AT&T,C0051,AT&T,"AT&T COMUNICACIONES DIGITALES, S. DE R.L. DE C.V.",7794841.0,0.0,2088072.0,1927452.0,,11810365.0
107326,15/08/2018,2018,8,G007,AT&T,C0051,AT&T,"AT&T COMUNICACIONES DIGITALES, S. DE R.L. DE C.V.",8242520.0,0.0,2165534.0,2080612.0,,12488666.0
107326,15/09/2018,2018,9,G007,AT&T,C0051,AT&T,"AT&T COMUNICACIONES DIGITALES, S. DE R.L. DE C.V.",8245827.0,0.0,2071302.0,1990075.0,,12307204.0
107326,15/10/2018,2018,10,G007,AT&T,C0051,AT&T,"AT&T COMUNICACIONES DIGITALES, S. DE R.L. DE C.V.",8576862.0,0.0,2154457.0,2069968.0,,12801287.0
107326,15/11/2018,2018,11,G007,AT&T,C0051,AT&T,"AT&T COMUNICACIONES DIGITALES, S. DE R.L. DE C.V.",9028257.0,0.0,2166782.0,2081810.0,,13276849.0
107326,15/12/2018,2018,12,G007,AT&T,C0051,AT&T,"AT&T COMUNICACIONES DIGITALES, S. DE R.L. DE C.V.",9479140.0,0.0,2214547.0,2044197.0,,13737884.0
107326,15/01/2019,2019,1,G007,AT&T,C0051,AT&T,"AT&T COMUNICACIONES DIGITALES, S. DE R.L. DE C.V.",9544720.0,0.0,2397576.0,2303554.0,,14245850.0
107326,15/02/2019,2019,2,G007,AT&T,C0051,AT&T,"AT&T COMUNICACIONES DIGITALES, S. DE R.L. DE C.V.",9739004.0,0.0,2337361.0,2245699.0,,14322064.0
107326,15/03/2019,2019,3,G007,AT&T,C0051,AT&T,"AT&T COMUNICACIONES DIGITALES, S. DE R.L. DE C.V.",9948242.0,0.0,2434393.0,2247132.0,,14629767.0
107326,15/04/2019,2019,4,G007,AT&T,C0051,AT&T,"AT&T COMUNICACIONES DIGITALES, S. DE R.L. DE C.V.",9988105.0,0.0,2397145.0,2303140.0,,14688390.0
107326,15/05/2019,2019,5,G007,AT&T,C0051,AT&T,"AT&T COMUNICACIONES DIGITALES, S. DE R.L. DE C.V.",10356648.0,0.0,2466083.0,2186904.0,,15009635.0
107326,15/06/2019,2019,6,G007,AT&T,C0051,AT&T,"AT&T COMUNICACIONES DIGITALES, S. DE R.L. DE C.V.",10678960.0,0.0,2542831.0,2254963.0,,15476754.0
107326,15/07/2019,2019,7,G007,AT&T,C0051,AT&T,"AT&T COMUNICACIONES DIGITALES, S. DE R.L. DE C.V.",10977676.0,0.0,2540548.0,2164171.0,,15682395.0
107326,15/08/2019,2019,8,G007,AT&T,C0051,AT&T,"AT&T COMUNICACIONES DIGITALES, S. DE R.L. DE C.V.",11113948.0,0.0,2619717.0,2143404.0,,15877069.0
107326,15/09/2019,2019,9,G007,AT&T,C0051,AT&T,"AT&T COMUNICACIONES DIGITALES, S. DE R.L. DE C.V.",11236703.0,0.0,2524301.0,2065338.0,,15826342.0
107326,15/10/2019,2019,10,G007,AT&T,C0051,AT&T,"AT&T COMUNICACIONES DIGITALES, S. DE R.L. DE C.V.",11579239.0,0.0,2553956.0,2175593.0,,16308788.0
107326,15/11/2019,2019,11,G007,AT&T,C0051,AT&T,"AT&T COMUNICACIONES DIGITALES, S. DE R.L. DE C.V.",11881891.0,0.0,2541405.0,2079331.0,,16502627.0
107326,15/12/2019,2019,12,G007,AT&T,C0051,AT&T,"AT&T COMUNICACIONES DIGITALES, S. DE R.L. DE C.V.",12195732.0,0.0,2480913.0,2029837.0,,16706482.0
107326,15/01/2020,2020,1,G007,AT&T,C0051,AT&T,"AT&T COMUNICACIONES DIGITALES, S. DE R.L. DE C.V.",11833739.0,0.0,2233368.0,2061571.0,,16128678.0
107326,15/02/2020,2020,2,G007,AT&T,C0051,AT&T,"AT&T COMUNICACIONES DIGITALES, S. DE R.L. DE C.V.",11754887.0,0.0,2205018.0,2035401.0,,15995306.0
107326,15/03/2020,2020,3,G007,AT&T,C0051,AT&T,"AT&T COMUNICACIONES DIGITALES, S. DE R.L. DE C.V.",11743381.0,0.0,2199206.0,2030036.0,,15972623.0
107326,15/04/2020,2020,4,G007,AT&T,C0051,AT&T,"AT&T COMUNICACIONES DIGITALES, S. DE R.L. DE C.V.",11518351.0,0.0,2186214.0,2018043.0,,15722608.0
107326,15/05/2020,2020,5,G007,AT&T,C0051,AT&T,"AT&T COMUNICACIONES DIGITALES, S. DE R.L. DE C.V.",11389229.0,0.0,2197946.0,2028873.0,,15616048.0
107326,15/06/2020,2020,6,G007,AT&T,C0051,AT&T,"AT&T COMUNICACIONES DIGITALES, S. DE R.L. DE C.V.",11262177.0,0.0,2202105.0,2032713.0,,15496995.0
107326,15/07/2020,2020,7,G007,AT&T,C0051,AT&T,"AT&T COMUNICACIONES DIGITALES, S. DE R.L. DE C.V.",11403267.0,0.0,2192754.0,2024081.0,,15620102.0
107326,15/08/2020,2020,8,G007,AT&T,C0051,AT&T,"AT&T COMUNICACIONES DIGITALES, S. DE R.L. DE C.V.",11613029.0,0.0,2178747.0,2011151.0,,15802927.0
107326,15/09/2020,2020,9,G007,AT&T,C0051,AT&T,"AT&T COMUNICACIONES DIGITALES, S. DE R.L. DE C.V.",11721520.0,0.0,2203510.0,2034010.0,,15959040.0
107326,15/10/2020,2020,10,G007,AT&T,C0051,AT&T,"AT&T COMUNICACIONES DIGITALES, S. DE R.L. DE C.V.",11725048.0,0.0,2255064.0,2081597.0,,16061709.0
107326,15/11/2020,2020,11,G007,AT&T,C0051,AT&T,"AT&T COMUNICACIONES DIGITALES, S. DE R.L. DE C.V.",11958198.0,0.0,2184795.0,2016734.0,,16159727.0
107326,15/12/2020,2020,12,G007,AT&T,C0051,AT&T,"AT&T COMUNICACIONES DIGITALES, S. DE R.L. DE C.V.",12051507.0,0.0,2201843.0,2032470.0,,16285820.0
107326,15/01/2021,2021,1,G007,AT&T,C0051,AT&T,"AT&T COMUNICACIONES DIGITALES, S. DE R.L. DE C.V.",12202079.0,0.0,2542142.0,1726804.0,,16471025.0
107326,15/02/2021,2021,2,G007,AT&T,C0051,AT&T,"AT&T COMUNICACIONES DIGITALES, S. DE R.L. DE C.V.",12373877.0,0.0,2597897.0,1754760.0,,16726534.0
107326,15/03/2021,2021,3,G007,AT&T,C0051,AT&T,"AT&T COMUNICACIONES DIGITALES, S. DE R.L. DE C.V.",12594271.0,0.0,2663289.0,1786659.0,,17044219.0
107326,15/04/2021,2021,4,G007,AT&T,C0051,AT&T,"AT&T COMUNICACIONES DIGITALES, S. DE R.L. DE C.V.",12688366.0,0.0,2718588.0,1803264.0,,17210218.0
107326,15/05/2021,2021,5,G007,AT&T,C0051,AT&T,"AT&T COMUNICACIONES DIGITALES, S. DE R.L. DE C.V.",12864288.0,0.0,2740283.0,1802625.0,,17407196.0
107326,15/06/2021,2021,6,G007,AT&T,C0051,AT&T,"AT&T COMUNICACIONES DIGITALES, S. DE R.L. DE C.V.",12971542.0,0.0,2766939.0,1809628.0,,17548109.0
107326,15/07/2021,2021,7,G007,AT&T,C0051,AT&T,"AT&T COMUNICACIONES DIGITALES, S. DE R.L. DE C.V.",13194481.0,0.0,2819182.0,1840622.0,,17854285.0
107326,15/08/2021,2021,8,G007,AT&T,C0051,AT&T,"AT&T COMUNICACIONES DIGITALES, S. DE R.L. DE C.V.",13384948.0,0.0,2841191.0,1851888.0,,18078027.0
107326,15/09/2021,2021,9,G007,AT&T,C0051,AT&T,"AT&T COMUNICACIONES DIGITALES, S. DE R.L. DE C.V.",13640677.0,0.0,2853187.0,1867506.0,,18361370.0
107326,15/10/2021,2021,10,G007,AT&T,C0051,AT&T,"AT&T COMUNICACIONES DIGITALES, S. DE R.L. DE C.V.",13807060.0,0.0,2865272.0,1870714.0,,18543046.0
107326,15/11/2021,2021,11,G007,AT&T,C0051,AT&T,"AT&T COMUNICACIONES DIGITALES, S. DE R.L. DE C.V.",14085154.0,0.0,2868163.0,1869469.0,,18822786.0
107326,15/12/2021,2021,12,G007,AT&T,C0051,AT&T,"AT&T COMUNICACIONES DIGITALES, S. DE R.L. DE C.V.",14402900.0,0.0,2856177.0,1869463.0,,19128540.0
107326,15/01/2022,2022,1,G007,AT&T,C0051,AT&T,"AT&T COMUNICACIONES DIGITALES, S. DE R.L. DE C.V.",14471188.0,0.0,2823688.0,1866824.0,,19161700.0
107326,15/02/2022,2022,2,G007,AT&T,C0051,AT&T,"AT&T COMUNICACIONES DIGITALES, S. DE R.L. DE C.V.",14567604.0,0.0,2826964.0,1868989.0,,19263557.0
107326,15/03/2022,2022,3,G007,AT&T,C0051,AT&T,"AT&T COMUNICACIONES DIGITALES, S. DE R.L. DE C.V.",14734726.0,0.0,2845934.0,1881530.0,,19462190.0
107326,15/04/2022,2022,4,G007,AT&T,C0051,AT&T,"AT&T COMUNICACIONES DIGITALES, S. DE R.L. DE C.V.",14765454.0,0.0,2839534.0,1885934.0,,19490922.0
107326,15/05/2022,2022,5,G007,AT&T,C0051,AT&T,"AT&T COMUNICACIONES DIGITALES, S. DE R.L. DE C.V.",14985412.0,0.0,2851209.0,1892898.0,,19729519.0
107326,15/06/2022,2022,6,G007,AT&T,C0051,AT&T,"AT&T COMUNICACIONES DIGITALES, S. DE R.L. DE C.V.",15077920.0,0.0,2863045.0,1903136.0,,19844101.0
107326,15/07/2022,2022,7,G007,AT&T,C0051,AT&T,"AT&T COMUNICACIONES DIGITALES, S. DE R.L. DE C.V.",15102008.0,0.0,2855205.0,1895157.0,,19852370.0
107326,15/08/2022,2022,8,G007,AT&T,C0051,AT&T,"AT&T COMUNICACIONES DIGITALES, S. DE R.L. DE C.V.",15232133.0,0.0,2874422.0,1903539.0,,20010094.0
107326,15/09/2022,2022,9,G007,AT&T,C0051,AT&T,"AT&T COMUNICACIONES DIGITALES, S. DE R.L. DE C.V.",15341573.0,0.0,2880410.0,1907504.0,,20129487.0
107326,15/10/2022,2022,10,G007,AT&T,C0051,AT&T,"AT&T COMUNICACIONES DIGITALES, S. DE R.L. DE C.V.",15359838.0,0.0,2868773.0,1894256.0,,20122867.0
107326,15/11/2022,2022,11,G007,AT&T,C0051,AT&T,"AT&T COMUNICACIONES DIGITALES, S. DE R.L. DE C.V.",15563799.0,0.0,2895643.0,1902439.0,,20361881.0
107326,15/12/2022,2022,12,G007,AT&T,C0051,AT&T,"AT&T COMUNICACIONES DIGITALES, S. DE R.L. DE C.V.",15710956.0,0.0,2918139.0,1905231.0,,20534326.0
107326,15/01/2023,2023,1,G007,AT&T,C0051,AT&T,"AT&T COMUNICACIONES DIGITALES, S. DE R.L. DE C.V.",15845186.0,0.0,2942134.0,1920897.0,,20708217.0
107326,15/02/2023,2023,2,G007,AT&T,C0051,AT&T,"AT&T COMUNICACIONES DIGITALES, S. DE R.L. DE C.V.",15800298.0,0.0,2953319.0,1928200.0,,20681817.0
107326,15/03/2023,2023,3,G007,AT&T,C0051,AT&T,"AT&T COMUNICACIONES DIGITALES, S. DE R.L. DE C.V.",15693489.0,0.0,2960334.0,1932780.0,,20586603.0
107326,15/04/2023,2023,4,G007,AT&T,C0051,AT&T,"AT&T COMUNICACIONES DIGITALES, S. DE R.L. DE C.V.",15800285.0,0.0,2981567.0,1950719.0,,20732571.0
107326,15/05/2023,2023,5,G007,AT&T,C0051,AT&T,"AT&T COMUNICACIONES DIGITALES, S. DE R.L. DE C.V.",15848898.0,0.0,2985358.0,1947487.0,,20781743.0
107326,15/06/2023,2023,6,G007,AT&T,C0051,AT&T,"AT&T COMUNICACIONES DIGITALES, S. DE R.L. DE C.V.",15821796.0,0.0,2983358.0,1947810.0,,20752964.0
107326,15/07/2023,2023,7,G007,AT&T,C0051,AT&T,"AT&T COMUNICACIONES DIGITALES, S. DE R.L. DE C.V.",15839227.0,0.0,2988862.0,1947326.0,,20775415.0
107326,15/08/2023,2023,8,G007,AT&T,C0051,AT&T,"AT&T COMUNICACIONES DIGITALES, S. DE R.L. DE C.V.",15902475.0,0.0,3007891.0,1959723.0,,20870089.0
107326,15/09/2023,2023,9,G007,AT&T,C0051,AT&T,"AT&T COMUNICACIONES DIGITALES, S. DE R.L. DE C.V.",15900463.0,0.0,3019450.0,1967254.0,,20887167.0
107326,15/10/2023,2023,10,G007,AT&T,C0051,AT&T,"AT&T COMUNICACIONES DIGITALES, S. DE R.L. DE C.V.",14720071.0,0.0,2791788.0,1821211.0,,19333070.0
107326,15/11/2023,2023,11,G007,AT&T,C0051,AT&T,"AT&T COMUNICACIONES DIGITALES, S. DE R.L. DE C.V.",14694916.0,0.0,2777613.0,1813482.0,,19286011.0
107326,15/12/2023,2023,12,G007,AT&T,C0051,AT&T,"AT&T COMUNICACIONES DIGITALES, S. DE R.L. DE C.V.",14051794.0,0.0,2639588.0,1724809.0,,18416191.0
107326,15/01/2024,2024,1,G007,AT&T,C0051,AT&T,"AT&T COMUNICACIONES DIGITALES, S. DE R.L. DE C.V.",14680654.0,0.0,2740018.0,1790434.0,,19211106.0
107326,15/02/2024,2024,2,G007,AT&T,C0051,AT&T,"AT&T COMUNICACIONES DIGITALES, S. DE R.L. DE C.V.",14517232.0,0.0,2714474.0,1776714.0,,19008420.0
107326,15/03/2024,2024,3,G007,AT&T,C0051,AT&T,"AT&T COMUNICACIONES DIGITALES, S. DE R.L. DE C.V.",14891231.0,0.0,2794457.0,1832127.0,,19517815.0
107326,15/04/2024,2024,4,G007,AT&T,C0051,AT&T,"AT&T COMUNICACIONES DIGITALES, S. DE R.L. DE C.V.",14867070.0,0.0,2802621.0,1837479.0,,19507170.0
107326,15/05/2024,2024,5,G007,AT&T,C0051,AT&T,"AT&T COMUNICACIONES DIGITALES, S. DE R.L. DE C.V.",14943690.0,0.0,2819039.0,1848244.0,,19610973.0
107326,15/06/2024,2024,6,G007,AT&T,C0051,AT&T,"AT&T COMUNICACIONES DIGITALES, S. DE R.L. DE C.V.",14938369.0,0.0,2818899.0,1848152.0,,19605420.0
107326,15/07/2024,2024,7,G007,AT&T,C0051,AT&T,"AT&T COMUNICACIONES DIGITALES, S. DE R.L. DE C.V.",15171477.0,0.0,2853663.0,1870943.0,,19896083.0
107326,15/08/2024,2024,8,G007,AT&T,C0051,AT&T,"AT&T COMUNICACIONES DIGITALES, S. DE R.L. DE C.V.",15350929.0,0.0,2884569.0,1891206.0,,20126704.0
107326,15/09/2024,2024,9,G007,AT&T,C0051,AT&T,"AT&T COMUNICACIONES DIGITALES, S. DE R.L. DE C.V.",15334040.0,0.0,2884548.0,1891193.0,,20109781.0
107326,15/10/2024,2024,10,G007,AT&T,C0051,AT&T,"AT&T COMUNICACIONES DIGITALES, S. DE R.L. DE C.V.",15623822.0,0.0,2933386.0,1923212.0,,20480420.0
107326,15/11/2024,2024,11,G007,AT&T,C0051,AT&T,"AT&T COMUNICACIONES DIGITALES, S. DE R.L. DE C.V.",15752111.0,0.0,2942811.0,1929392.0,,20624314.0
107326,15/12/2024,2024,12,G007,AT&T,C0051,AT&T,"AT&T COMUNICACIONES DIGITALES, S. DE R.L. DE C.V.",15991082.0,0.0,2971035.0,1947896.0,,20910013.0
519623,15/01/2022,2022,1,C805,AXIOS MOBILE,C0805,AXIOS MOBILE,"AXIOS COMUNICACIONES, S. DE R.L. DE C.V.",0.0,0.0,0.0,0.0,1518.0,1518.0
519623,15/02/2022,2022,2,C805,AXIOS MOBILE,C0805,AXIOS MOBILE,"AXIOS COMUNICACIONES, S. DE R.L. DE C.V.",0.0,0.0,0.0,0.0,1873.0,1873.0
519623,15/03/2022,2022,3,C805,AXIOS MOBILE,C0805,AXIOS MOBILE,"AXIOS COMUNICACIONES, S. DE R.L. DE C.V.",0.0,0.0,0.0,0.0,2633.0,2633.0
519623,15/04/2022,2022,4,C805,AXIOS MOBILE,C0805,AXIOS MOBILE,"AXIOS COMUNICACIONES, S. DE R.L. DE C.V.",0.0,0.0,0.0,0.0,2254.0,2254.0
519623,15/05/2022,2022,5,C805,AXIOS MOBILE,C0805,AXIOS MOBILE,"AXIOS COMUNICACIONES, S. DE R.L. DE C.V.",0.0,0.0,0.0,0.0,2496.0,2496.0
519623,15/06/2022,2022,6,C805,AXIOS MOBILE,C0805,AXIOS MOBILE,"AXIOS COMUNICACIONES, S. DE R.L. DE C.V.",0.0,0.0,0.0,0.0,2790.0,2790.0
519623,15/07/2022,2022,7,C805,AXIOS MOBILE,C0805,AXIOS MOBILE,"AXIOS COMUNICACIONES, S. DE R.L. DE C.V.",0.0,0.0,0.0,0.0,3065.0,3065.0
519623,15/08/2022,2022,8,C805,AXIOS MOBILE,C0805,AXIOS MOBILE,"AXIOS COMUNICACIONES, S. DE R.L. DE C.V.",0.0,0.0,0.0,0.0,3667.0,3667.0
519623,15/09/2022,2022,9,C805,AXIOS MOBILE,C0805,AXIOS MOBILE,"AXIOS COMUNICACIONES, S. DE R.L. DE C.V.",0.0,0.0,0.0,0.0,4014.0,4014.0
519623,15/10/2022,2022,10,C805,AXIOS MOBILE,C0805,AXIOS MOBILE,"AXIOS COMUNICACIONES, S. DE R.L. DE C.V.",0.0,0.0,0.0,0.0,4090.0,4090.0
519623,15/11/2022,2022,11,C805,AXIOS MOBILE,C0805,AXIOS MOBILE,"AXIOS COMUNICACIONES, S. DE R.L. DE C.V.",0.0,0.0,0.0,0.0,4547.0,4547.0
519623,15/12/2022,2022,12,C805,AXIOS MOBILE,C0805,AXIOS MOBILE,"AXIOS COMUNICACIONES, S. DE R.L. DE C.V.",0.0,0.0,0.0,0.0,5016.0,5016.0
519623,15/01/2024,2024,1,C805,AXIOS MOBILE,C0805,AXIOS MOBILE,"AXIOS COMUNICACIONES, S. DE R.L. DE C.V.",0.0,0.0,0.0,0.0,8456.0,8456.0
519623,15/02/2024,2024,2,C805,AXIOS MOBILE,C0805,AXIOS MOBILE,"AXIOS COMUNICACIONES, S. DE R.L. DE C.V.",0.0,0.0,0.0,0.0,8790.0,8790.0
519623,15/03/2024,2024,3,C805,AXIOS MOBILE,C0805,AXIOS MOBILE,"AXIOS COMUNICACIONES, S. DE R.L. DE C.V.",0.0,0.0,0.0,0.0,8336.0,8336.0
519623,15/04/2024,2024,4,C805,AXIOS MOBILE,C0805,AXIOS MOBILE,"AXIOS COMUNICACIONES, S. DE R.L. DE C.V.",0.0,0.0,0.0,0.0,6946.0,6946.0
519623,15/05/2024,2024,5,C805,AXIOS MOBILE,C0805,AXIOS MOBILE,"AXIOS COMUNICACIONES, S. DE R.L. DE C.V.",0.0,0.0,0.0,0.0,7400.0,7400.0
519623,15/06/2024,2024,6,C805,AXIOS MOBILE,C0805,AXIOS MOBILE,"AXIOS COMUNICACIONES, S. DE R.L. DE C.V.",0.0,0.0,0.0,0.0,7984.0,7984.0
519623,15/07/2024,2024,7,C805,AXIOS MOBILE,C0805,AXIOS MOBILE,"AXIOS COMUNICACIONES, S. DE R.L. DE C.V.",0.0,0.0,0.0,0.0,8742.0,8742.0
519623,15/08/2024,2024,8,C805,AXIOS MOBILE,C0805,AXIOS MOBILE,"AXIOS COMUNICACIONES, S. DE R.L. DE C.V.",0.0,0.0,0.0,0.0,9038.0,9038.0
519623,15/09/2024,2024,9,C805,AXIOS MOBILE,C0805,AXIOS MOBILE,"AXIOS COMUNICACIONES, S. DE R.L. DE C.V.",0.0,0.0,0.0,0.0,902.0,902.0
519623,15/10/2024,2024,10,C805,AXIOS MOBILE,C0805,AXIOS MOBILE,"AXIOS COMUNICACIONES, S. DE R.L. DE C.V.",0.0,0.0,0.0,0.0,8909.0,8909.0
519623,15/11/2024,2024,11,C805,AXIOS MOBILE,C0805,AXIOS MOBILE,"AXIOS COMUNICACIONES, S. DE R.L. DE C.V.",0.0,0.0,0.0,0.0,7656.0,7656.0
519623,15/12/2024,2024,12,C805,AXIOS MOBILE,C0805,AXIOS MOBILE,"AXIOS COMUNICACIONES, S. DE R.L. DE C.V.",0.0,0.0,0.0,0.0,9356.0,9356.0
518753,15/06/2023,2023,6,C070,GRUPO BALESIA,C0070,BALESIA TECHNOLOGIES,"BALESIA TECHNOLOGIES, S.A. DE C.V.",0.0,0.0,0.0,0.0,1.0,1.0
518753,15/07/2023,2023,7,C070,GRUPO BALESIA,C0070,BALESIA TECHNOLOGIES,"BALESIA TECHNOLOGIES, S.A. DE C.V.",0.0,0.0,0.0,0.0,3.0,3.0
518753,15/08/2023,2023,8,C070,GRUPO BALESIA,C0070,BALESIA TECHNOLOGIES,"BALESIA TECHNOLOGIES, S.A. DE C.V.",0.0,0.0,0.0,0.0,12.0,12.0
518753,15/09/2023,2023,9,C070,GRUPO BALESIA,C0070,BALESIA TECHNOLOGIES,"BALESIA TECHNOLOGIES, S.A. DE C.V.",0.0,0.0,0.0,0.0,5.0,5.0
518753,15/10/2023,2023,10,C070,GRUPO BALESIA,C0070,BALESIA TECHNOLOGIES,"BALESIA TECHNOLOGIES, S.A. DE C.V.",0.0,0.0,0.0,0.0,4.0,4.0
518753,15/11/2023,2023,11,C070,GRUPO BALESIA,C0070,BALESIA TECHNOLOGIES,"BALESIA TECHNOLOGIES, S.A. DE C.V.",0.0,0.0,0.0,0.0,34.0,34.0
518753,15/12/2023,2023,12,C070,GRUPO BALESIA,C0070,BALESIA TECHNOLOGIES,"BALESIA TECHNOLOGIES, S.A. DE C.V.",0.0,0.0,0.0,0.0,59.0,59.0
518753,15/01/2024,2024,1,C070,GRUPO BALESIA,C0070,BALESIA TECHNOLOGIES,"BALESIA TECHNOLOGIES, S.A. DE C.V.",0.0,0.0,0.0,0.0,7.0,7.0
518753,15/02/2024,2024,2,C070,GRUPO BALESIA,C0070,BALESIA TECHNOLOGIES,"BALESIA TECHNOLOGIES, S.A. DE C.V.",0.0,0.0,0.0,0.0,1.0,1.0
518753,15/03/2024,2024,3,C070,GRUPO BALESIA,C0070,BALESIA TECHNOLOGIES,"BALESIA TECHNOLOGIES, S.A. DE C.V.",0.0,0.0,0.0,0.0,1.0,1.0
518753,15/05/2024,2024,5,C070,GRUPO BALESIA,C0070,BALESIA TECHNOLOGIES,"BALESIA TECHNOLOGIES, S.A. DE C.V.",0.0,0.0,0.0,0.0,2.0,2.0
518753,15/08/2024,2024,8,C070,GRUPO BALESIA,C0070,BALESIA TECHNOLOGIES,"BALESIA TECHNOLOGIES, S.A. DE C.V.",0.0,0.0,0.0,0.0,3.0,3.0
518753,15/09/2024,2024,9,C070,GRUPO BALESIA,C0070,BALESIA TECHNOLOGIES,"BALESIA TECHNOLOGIES, S.A. DE C.V.",0.0,0.0,0.0,0.0,5.0,5.0
518753,15/10/2024,2024,10,C070,GRUPO BALESIA,C0070,BALESIA TECHNOLOGIES,"BALESIA TECHNOLOGIES, S.A. DE C.V.",0.0,0.0,0.0,0.0,3.0,3.0
518753,15/11/2024,2024,11,C070,GRUPO BALESIA,C0070,BALESIA TECHNOLOGIES,"BALESIA TECHNOLOGIES, S.A. DE C.V.",0.0,0.0,0.0,0.0,2.0,2.0
519996,15/02/2022,2022,2,C647,BENELEIT MOVIL,C0647,BENELEIT MOVIL,"BENE LEIT, S.A. DE C.V.",0.0,0.0,0.0,0.0,30000.0,30000.0
519996,15/03/2022,2022,3,C647,BENELEIT MOVIL,C0647,BENELEIT MOVIL,"BENE LEIT, S.A. DE C.V.",0.0,0.0,0.0,0.0,50000.0,50000.0
519996,15/04/2022,2022,4,C647,BENELEIT MOVIL,C0647,BENELEIT MOVIL,"BENE LEIT, S.A. DE C.V.",0.0,0.0,0.0,0.0,100000.0,100000.0
519996,15/05/2022,2022,5,C647,BENELEIT MOVIL,C0647,BENELEIT MOVIL,"BENE LEIT, S.A. DE C.V.",0.0,0.0,0.0,0.0,130000.0,130000.0
519996,15/06/2022,2022,6,C647,BENELEIT MOVIL,C0647,BENELEIT MOVIL,"BENE LEIT, S.A. DE C.V.",0.0,0.0,0.0,0.0,130000.0,130000.0
519996,15/07/2022,2022,7,C647,BENELEIT MOVIL,C0647,BENELEIT MOVIL,"BENE LEIT, S.A. DE C.V.",0.0,0.0,0.0,0.0,130000.0,130000.0
519996,15/08/2022,2022,8,C647,BENELEIT MOVIL,C0647,BENELEIT MOVIL,"BENE LEIT, S.A. DE C.V.",0.0,0.0,0.0,0.0,130000.0,130000.0
519996,15/09/2022,2022,9,C647,BENELEIT MOVIL,C0647,BENELEIT MOVIL,"BENE LEIT, S.A. DE C.V.",0.0,0.0,0.0,0.0,130000.0,130000.0
519996,15/10/2022,2022,10,C647,BENELEIT MOVIL,C0647,BENELEIT MOVIL,"BENE LEIT, S.A. DE C.V.",0.0,0.0,0.0,0.0,130000.0,130000.0
519996,15/11/2022,2022,11,C647,BENELEIT MOVIL,C0647,BENELEIT MOVIL,"BENE LEIT, S.A. DE C.V.",0.0,0.0,0.0,0.0,130000.0,130000.0
519996,15/12/2022,2022,12,C647,BENELEIT MOVIL,C0647,BENELEIT MOVIL,"BENE LEIT, S.A. DE C.V.",0.0,0.0,0.0,0.0,130000.0,130000.0
519996,15/01/2023,2023,1,C647,BENELEIT MOVIL,C0647,BENELEIT MOVIL,"BENE LEIT, S.A. DE C.V.",0.0,0.0,0.0,0.0,17448.0,17448.0
519996,15/02/2023,2023,2,C647,BENELEIT MOVIL,C0647,BENELEIT MOVIL,"BENE LEIT, S.A. DE C.V.",0.0,0.0,0.0,0.0,18103.0,18103.0
519996,15/03/2023,2023,3,C647,BENELEIT MOVIL,C0647,BENELEIT MOVIL,"BENE LEIT, S.A. DE C.V.",0.0,0.0,0.0,0.0,18763.0,18763.0
519996,15/04/2023,2023,4,C647,BENELEIT MOVIL,C0647,BENELEIT MOVIL,"BENE LEIT, S.A. DE C.V.",0.0,0.0,0.0,0.0,18664.0,18664.0
519996,15/05/2023,2023,5,C647,BENELEIT MOVIL,C0647,BENELEIT MOVIL,"BENE LEIT, S.A. DE C.V.",0.0,0.0,0.0,0.0,19327.0,19327.0
519996,15/06/2023,2023,6,C647,BENELEIT MOVIL,C0647,BENELEIT MOVIL,"BENE LEIT, S.A. DE C.V.",0.0,0.0,0.0,0.0,19890.0,19890.0
519996,15/07/2023,2023,7,C647,BENELEIT MOVIL,C0647,BENELEIT MOVIL,"BENE LEIT, S.A. DE C.V.",0.0,0.0,0.0,0.0,20061.0,20061.0
519996,15/08/2023,2023,8,C647,BENELEIT MOVIL,C0647,BENELEIT MOVIL,"BENE LEIT, S.A. DE C.V.",0.0,0.0,0.0,0.0,20706.0,20706.0
519996,15/09/2023,2023,9,C647,BENELEIT MOVIL,C0647,BENELEIT MOVIL,"BENE LEIT, S.A. DE C.V.",0.0,0.0,0.0,0.0,21027.0,21027.0
519996,15/10/2023,2023,10,C647,BENELEIT MOVIL,C0647,BENELEIT MOVIL,"BENE LEIT, S.A. DE C.V.",0.0,0.0,0.0,0.0,21254.0,21254.0
519996,15/11/2023,2023,11,C647,BENELEIT MOVIL,C0647,BENELEIT MOVIL,"BENE LEIT, S.A. DE C.V.",0.0,0.0,0.0,0.0,17695.0,17695.0
519996,15/12/2023,2023,12,C647,BENELEIT MOVIL,C0647,BENELEIT MOVIL,"BENE LEIT, S.A. DE C.V.",0.0,0.0,0.0,0.0,14005.0,14005.0
519996,15/01/2024,2024,1,C647,BENELEIT MOVIL,C0647,BENELEIT MOVIL,"BENE LEIT, S.A. DE C.V.",0.0,0.0,0.0,0.0,14357.0,14357.0
519996,15/02/2024,2024,2,C647,BENELEIT MOVIL,C0647,BENELEIT MOVIL,"BENE LEIT, S.A. DE C.V.",0.0,0.0,0.0,0.0,14447.0,14447.0
519996,15/03/2024,2024,3,C647,BENELEIT MOVIL,C0647,BENELEIT MOVIL,"BENE LEIT, S.A. DE C.V.",0.0,0.0,0.0,0.0,14997.0,14997.0
519996,15/04/2024,2024,4,C647,BENELEIT MOVIL,C0647,BENELEIT MOVIL,"BENE LEIT, S.A. DE C.V.",0.0,0.0,0.0,0.0,13892.0,13892.0
519996,15/05/2024,2024,5,C647,BENELEIT MOVIL,C0647,BENELEIT MOVIL,"BENE LEIT, S.A. DE C.V.",0.0,0.0,0.0,0.0,14046.0,14046.0
519996,15/06/2024,2024,6,C647,BENELEIT MOVIL,C0647,BENELEIT MOVIL,"BENE LEIT, S.A. DE C.V.",0.0,0.0,0.0,0.0,13563.0,13563.0
519996,15/07/2024,2024,7,C647,BENELEIT MOVIL,C0647,BENELEIT MOVIL,"BENE LEIT, S.A. DE C.V.",0.0,0.0,0.0,0.0,13031.0,13031.0
519996,15/08/2024,2024,8,C647,BENELEIT MOVIL,C0647,BENELEIT MOVIL,"BENE LEIT, S.A. DE C.V.",0.0,0.0,0.0,0.0,12301.0,12301.0
519996,15/09/2024,2024,9,C647,BENELEIT MOVIL,C0647,BENELEIT MOVIL,"BENE LEIT, S.A. DE C.V.",0.0,0.0,0.0,0.0,11262.0,11262.0
519996,15/10/2024,2024,10,C647,BENELEIT MOVIL,C0647,BENELEIT MOVIL,"BENE LEIT, S.A. DE C.V.",0.0,0.0,0.0,0.0,11697.0,11697.0
519996,15/11/2024,2024,11,C647,BENELEIT MOVIL,C0647,BENELEIT MOVIL,"BENE LEIT, S.A. DE C.V.",0.0,0.0,0.0,0.0,11516.0,11516.0
519996,15/12/2024,2024,12,C647,BENELEIT MOVIL,C0647,BENELEIT MOVIL,"BENE LEIT, S.A. DE C.V.",0.0,0.0,0.0,0.0,11105.0,11105.0
100647,15/01/2024,2024,1,G004,GRUPO TELEVISA,C0415,BESTEL,"OPERBES, S.A. DE C.V.",0.0,0.0,0.0,0.0,5346.0,5346.0
100647,15/02/2024,2024,2,G004,GRUPO TELEVISA,C0415,BESTEL,"OPERBES, S.A. DE C.V.",0.0,0.0,0.0,0.0,5301.0,5301.0
100647,15/03/2024,2024,3,G004,GRUPO TELEVISA,C0415,BESTEL,"OPERBES, S.A. DE C.V.",0.0,0.0,0.0,0.0,5298.0,5298.0
100647,15/04/2024,2024,4,G004,GRUPO TELEVISA,C0415,BESTEL,"OPERBES, S.A. DE C.V.",0.0,0.0,0.0,0.0,3777.0,3777.0
100647,15/05/2024,2024,5,G004,GRUPO TELEVISA,C0415,BESTEL,"OPERBES, S.A. DE C.V.",0.0,0.0,0.0,0.0,4186.0,4186.0
100647,15/06/2024,2024,6,G004,GRUPO TELEVISA,C0415,BESTEL,"OPERBES, S.A. DE C.V.",0.0,0.0,0.0,0.0,4177.0,4177.0
100647,15/07/2024,2024,7,G004,GRUPO TELEVISA,C0415,BESTEL,"OPERBES, S.A. DE C.V.",0.0,0.0,0.0,0.0,3677.0,3677.0
100647,15/08/2024,2024,8,G004,GRUPO TELEVISA,C0415,BESTEL,"OPERBES, S.A. DE C.V.",0.0,0.0,0.0,0.0,4100.0,4100.0
100647,15/09/2024,2024,9,G004,GRUPO TELEVISA,C0415,BESTEL,"OPERBES, S.A. DE C.V.",0.0,0.0,0.0,0.0,4056.0,4056.0
100647,15/10/2024,2024,10,G004,GRUPO TELEVISA,C0415,BESTEL,"OPERBES, S.A. DE C.V.",0.0,0.0,0.0,0.0,4000.0,4000.0
100647,15/11/2024,2024,11,G004,GRUPO TELEVISA,C0415,BESTEL,"OPERBES, S.A. DE C.V.",0.0,0.0,0.0,0.0,3997.0,3997.0
100647,15/12/2024,2024,12,G004,GRUPO TELEVISA,C0415,BESTEL,"OPERBES, S.A. DE C.V.",0.0,0.0,0.0,0.0,3990.0,3990.0
519528,15/01/2024,2024,1,C551,BIEN CEL,C0551,BIEN CEL,"LIDER EN PREPAGO, S.A. DE C.V.",0.0,0.0,0.0,0.0,2896.0,2896.0
519528,15/02/2024,2024,2,C551,BIEN CEL,C0551,BIEN CEL,"LIDER EN PREPAGO, S.A. DE C.V.",0.0,0.0,0.0,0.0,2894.0,2894.0
519528,15/03/2024,2024,3,C551,BIEN CEL,C0551,BIEN CEL,"LIDER EN PREPAGO, S.A. DE C.V.",0.0,0.0,0.0,0.0,3011.0,3011.0
519528,15/04/2024,2024,4,C551,BIEN CEL,C0551,BIEN CEL,"LIDER EN PREPAGO, S.A. DE C.V.",0.0,0.0,0.0,0.0,3013.0,3013.0
519528,15/05/2024,2024,5,C551,BIEN CEL,C0551,BIEN CEL,"LIDER EN PREPAGO, S.A. DE C.V.",0.0,0.0,0.0,0.0,2851.0,2851.0
519528,15/06/2024,2024,6,C551,BIEN CEL,C0551,BIEN CEL,"LIDER EN PREPAGO, S.A. DE C.V.",0.0,0.0,0.0,0.0,2779.0,2779.0
519528,15/07/2024,2024,7,C551,BIEN CEL,C0551,BIEN CEL,"LIDER EN PREPAGO, S.A. DE C.V.",0.0,0.0,0.0,0.0,2839.0,2839.0
519528,15/08/2024,2024,8,C551,BIEN CEL,C0551,BIEN CEL,"LIDER EN PREPAGO, S.A. DE C.V.",0.0,0.0,0.0,0.0,2849.0,2849.0
519528,15/09/2024,2024,9,C551,BIEN CEL,C0551,BIEN CEL,"LIDER EN PREPAGO, S.A. DE C.V.",0.0,0.0,0.0,0.0,2773.0,2773.0
519528,15/10/2024,2024,10,C551,BIEN CEL,C0551,BIEN CEL,"LIDER EN PREPAGO, S.A. DE C.V.",0.0,0.0,0.0,0.0,2735.0,2735.0
519528,15/11/2024,2024,11,C551,BIEN CEL,C0551,BIEN CEL,"LIDER EN PREPAGO, S.A. DE C.V.",0.0,0.0,0.0,0.0,2668.0,2668.0
519528,15/12/2024,2024,12,C551,BIEN CEL,C0551,BIEN CEL,"LIDER EN PREPAGO, S.A. DE C.V.",0.0,0.0,0.0,0.0,2621.0,2621.0
518782,15/01/2022,2022,1,C804,GRUPO WALMART,C0804,BODEGA AURRERA INTERNET Y TELEFONÍA BAIT,"WAL-MART INNOVACION, S. DE R.L. DE C.V.",0.0,0.0,0.0,0.0,2144889.0,2144889.0
518782,15/02/2022,2022,2,C804,GRUPO WALMART,C0804,BODEGA AURRERA INTERNET Y TELEFONÍA BAIT,"WAL-MART INNOVACION, S. DE R.L. DE C.V.",0.0,0.0,0.0,0.0,2334511.0,2334511.0
518782,15/03/2022,2022,3,C804,GRUPO WALMART,C0804,BODEGA AURRERA INTERNET Y TELEFONÍA BAIT,"WAL-MART INNOVACION, S. DE R.L. DE C.V.",0.0,0.0,0.0,0.0,2192674.0,2192674.0
518782,15/04/2022,2022,4,C804,GRUPO WALMART,C0804,BODEGA AURRERA INTERNET Y TELEFONÍA BAIT,"WAL-MART INNOVACION, S. DE R.L. DE C.V.",0.0,0.0,0.0,0.0,2144889.0,2144889.0
518782,15/05/2022,2022,5,C804,GRUPO WALMART,C0804,BODEGA AURRERA INTERNET Y TELEFONÍA BAIT,"WAL-MART INNOVACION, S. DE R.L. DE C.V.",0.0,0.0,0.0,0.0,2334511.0,2334511.0
518782,15/06/2022,2022,6,C804,GRUPO WALMART,C0804,BODEGA AURRERA INTERNET Y TELEFONÍA BAIT,"WAL-MART INNOVACION, S. DE R.L. DE C.V.",0.0,0.0,0.0,0.0,2192674.0,2192674.0
518782,15/07/2022,2022,7,C804,GRUPO WALMART,C0804,BODEGA AURRERA INTERNET Y TELEFONÍA BAIT,"WAL-MART INNOVACION, S. DE R.L. DE C.V.",0.0,0.0,0.0,0.0,3587609.0,3587609.0
518782,15/08/2022,2022,8,C804,GRUPO WALMART,C0804,BODEGA AURRERA INTERNET Y TELEFONÍA BAIT,"WAL-MART INNOVACION, S. DE R.L. DE C.V.",0.0,0.0,0.0,0.0,3881021.0,3881021.0
518782,15/09/2022,2022,9,C804,GRUPO WALMART,C0804,BODEGA AURRERA INTERNET Y TELEFONÍA BAIT,"WAL-MART INNOVACION, S. DE R.L. DE C.V.",0.0,0.0,0.0,0.0,4319143.0,4319143.0
518782,15/10/2022,2022,10,C804,GRUPO WALMART,C0804,BODEGA AURRERA INTERNET Y TELEFONÍA BAIT,"WAL-MART INNOVACION, S. DE R.L. DE C.V.",0.0,0.0,0.0,0.0,4748058.0,4748058.0
518782,15/11/2022,2022,11,C804,GRUPO WALMART,C0804,BODEGA AURRERA INTERNET Y TELEFONÍA BAIT,"WAL-MART INNOVACION, S. DE R.L. DE C.V.",0.0,0.0,0.0,0.0,5144268.0,5144268.0
518782,15/12/2022,2022,12,C804,GRUPO WALMART,C0804,BODEGA AURRERA INTERNET Y TELEFONÍA BAIT,"WAL-MART INNOVACION, S. DE R.L. DE C.V.",0.0,0.0,0.0,0.0,5606322.0,5606322.0
518782,15/01/2023,2023,1,C804,GRUPO WALMART,C0804,BODEGA AURRERA INTERNET Y TELEFONÍA BAIT,"WAL-MART INNOVACION, S. DE R.L. DE C.V.",0.0,0.0,0.0,0.0,5589178.0,5589178.0
518782,15/02/2023,2023,2,C804,GRUPO WALMART,C0804,BODEGA AURRERA INTERNET Y TELEFONÍA BAIT,"WAL-MART INNOVACION, S. DE R.L. DE C.V.",0.0,0.0,0.0,0.0,5814019.0,5814019.0
518782,15/03/2023,2023,3,C804,GRUPO WALMART,C0804,BODEGA AURRERA INTERNET Y TELEFONÍA BAIT,"WAL-MART INNOVACION, S. DE R.L. DE C.V.",0.0,0.0,0.0,0.0,6194412.0,6194412.0
518782,15/04/2023,2023,4,C804,GRUPO WALMART,C0804,BODEGA AURRERA INTERNET Y TELEFONÍA BAIT,"WAL-MART INNOVACION, S. DE R.L. DE C.V.",0.0,0.0,0.0,0.0,5589178.0,5589178.0
518782,15/05/2023,2023,5,C804,GRUPO WALMART,C0804,BODEGA AURRERA INTERNET Y TELEFONÍA BAIT,"WAL-MART INNOVACION, S. DE R.L. DE C.V.",0.0,0.0,0.0,0.0,5814019.0,5814019.0
518782,15/06/2023,2023,6,C804,GRUPO WALMART,C0804,BODEGA AURRERA INTERNET Y TELEFONÍA BAIT,"WAL-MART INNOVACION, S. DE R.L. DE C.V.",0.0,0.0,0.0,0.0,6194412.0,6194412.0
518782,15/07/2023,2023,7,C804,GRUPO WALMART,C0804,BODEGA AURRERA INTERNET Y TELEFONÍA BAIT,"WAL-MART INNOVACION, S. DE R.L. DE C.V.",0.0,0.0,0.0,0.0,6973532.0,6973532.0
518782,15/08/2023,2023,8,C804,GRUPO WALMART,C0804,BODEGA AURRERA INTERNET Y TELEFONÍA BAIT,"WAL-MART INNOVACION, S. DE R.L. DE C.V.",0.0,0.0,0.0,0.0,7480398.0,7480398.0
518782,15/09/2023,2023,9,C804,GRUPO WALMART,C0804,BODEGA AURRERA INTERNET Y TELEFONÍA BAIT,"WAL-MART INNOVACION, S. DE R.L. DE C.V.",0.0,0.0,0.0,0.0,8016977.0,8016977.0
518782,15/10/2023,2023,10,C804,GRUPO WALMART,C0804,BODEGA AURRERA INTERNET Y TELEFONÍA BAIT,"WAL-MART INNOVACION, S. DE R.L. DE C.V.",0.0,0.0,0.0,0.0,9091528.0,9091528.0
518782,15/11/2023,2023,11,C804,GRUPO WALMART,C0804,BODEGA AURRERA INTERNET Y TELEFONÍA BAIT,"WAL-MART INNOVACION, S. DE R.L. DE C.V.",0.0,0.0,0.0,0.0,10528173.0,10528173.0
518782,15/12/2023,2023,12,C804,GRUPO WALMART,C0804,BODEGA AURRERA INTERNET Y TELEFONÍA BAIT,"WAL-MART INNOVACION, S. DE R.L. DE C.V.",0.0,0.0,0.0,0.0,11919365.0,11919365.0
518782,15/01/2024,2024,1,C804,GRUPO WALMART,C0804,BODEGA AURRERA INTERNET Y TELEFONÍA BAIT,"WAL-MART INNOVACION, S. DE R.L. DE C.V.",0.0,0.0,0.0,0.0,12476499.0,12476499.0
518782,15/02/2024,2024,2,C804,GRUPO WALMART,C0804,BODEGA AURRERA INTERNET Y TELEFONÍA BAIT,"WAL-MART INNOVACION, S. DE R.L. DE C.V.",0.0,0.0,0.0,0.0,12925687.0,12925687.0
518782,15/03/2024,2024,3,C804,GRUPO WALMART,C0804,BODEGA AURRERA INTERNET Y TELEFONÍA BAIT,"WAL-MART INNOVACION, S. DE R.L. DE C.V.",0.0,0.0,0.0,0.0,13438243.0,13438243.0
518782,15/04/2024,2024,4,C804,GRUPO WALMART,C0804,BODEGA AURRERA INTERNET Y TELEFONÍA BAIT,"WAL-MART INNOVACION, S. DE R.L. DE C.V.",0.0,0.0,0.0,0.0,13544015.0,13544015.0
518782,15/05/2024,2024,5,C804,GRUPO WALMART,C0804,BODEGA AURRERA INTERNET Y TELEFONÍA BAIT,"WAL-MART INNOVACION, S. DE R.L. DE C.V.",0.0,0.0,0.0,0.0,13766885.0,13766885.0
518782,15/06/2024,2024,6,C804,GRUPO WALMART,C0804,BODEGA AURRERA INTERNET Y TELEFONÍA BAIT,"WAL-MART INNOVACION, S. DE R.L. DE C.V.",0.0,0.0,0.0,0.0,13881220.0,13881220.0
518782,15/07/2024,2024,7,C804,GRUPO WALMART,C0804,BODEGA AURRERA INTERNET Y TELEFONÍA BAIT,"WAL-MART INNOVACION, S. DE R.L. DE C.V.",0.0,0.0,0.0,0.0,13947045.0,13947045.0
518782,15/08/2024,2024,8,C804,GRUPO WALMART,C0804,BODEGA AURRERA INTERNET Y TELEFONÍA BAIT,"WAL-MART INNOVACION, S. DE R.L. DE C.V.",0.0,0.0,0.0,0.0,14471025.0,14471025.0
518782,15/09/2024,2024,9,C804,GRUPO WALMART,C0804,BODEGA AURRERA INTERNET Y TELEFONÍA BAIT,"WAL-MART INNOVACION, S. DE R.L. DE C.V.",0.0,0.0,0.0,0.0,15070480.0,15070480.0
518782,15/10/2024,2024,10,C804,GRUPO WALMART,C0804,BODEGA AURRERA INTERNET Y TELEFONÍA BAIT,"WAL-MART INNOVACION, S. DE R.L. DE C.V.",0.0,0.0,0.0,0.0,15996845.0,15996845.0
518782,15/11/2024,2024,11,C804,GRUPO WALMART,C0804,BODEGA AURRERA INTERNET Y TELEFONÍA BAIT,"WAL-MART INNOVACION, S. DE R.L. DE C.V.",0.0,0.0,0.0,0.0,17201063.0,17201063.0
518782,15/12/2024,2024,12,C804,GRUPO WALMART,C0804,BODEGA AURRERA INTERNET Y TELEFONÍA BAIT,"WAL-MART INNOVACION, S. DE R.L. DE C.V.",0.0,0.0,0.0,0.0,18244373.0,18244373.0
519422,15/04/2021,2021,4,C511,BROMOVIL,C0511,BROMOVIL,"BROCOMUNICACIONES MOVILES, S.A.P.I. DE C.V.",0.0,0.0,0.0,0.0,2.0,2.0
519422,15/05/2021,2021,5,C511,BROMOVIL,C0511,BROMOVIL,"BROCOMUNICACIONES MOVILES, S.A.P.I. DE C.V.",0.0,0.0,0.0,0.0,3.0,3.0
519422,15/06/2021,2021,6,C511,BROMOVIL,C0511,BROMOVIL,"BROCOMUNICACIONES MOVILES, S.A.P.I. DE C.V.",0.0,0.0,0.0,0.0,9.0,9.0
519422,15/07/2021,2021,7,C511,BROMOVIL,C0511,BROMOVIL,"BROCOMUNICACIONES MOVILES, S.A.P.I. DE C.V.",0.0,0.0,0.0,0.0,31.0,31.0
519422,15/08/2021,2021,8,C511,BROMOVIL,C0511,BROMOVIL,"BROCOMUNICACIONES MOVILES, S.A.P.I. DE C.V.",0.0,0.0,0.0,0.0,113.0,113.0
519422,15/09/2021,2021,9,C511,BROMOVIL,C0511,BROMOVIL,"BROCOMUNICACIONES MOVILES, S.A.P.I. DE C.V.",0.0,0.0,0.0,0.0,224.0,224.0
519422,15/10/2021,2021,10,C511,BROMOVIL,C0511,BROMOVIL,"BROCOMUNICACIONES MOVILES, S.A.P.I. DE C.V.",0.0,0.0,0.0,0.0,390.0,390.0
519422,15/11/2021,2021,11,C511,BROMOVIL,C0511,BROMOVIL,"BROCOMUNICACIONES MOVILES, S.A.P.I. DE C.V.",0.0,0.0,0.0,0.0,524.0,524.0
519422,15/12/2021,2021,12,C511,BROMOVIL,C0511,BROMOVIL,"BROCOMUNICACIONES MOVILES, S.A.P.I. DE C.V.",0.0,0.0,0.0,0.0,716.0,716.0
519422,15/01/2022,2022,1,C511,BROMOVIL,C0511,BROMOVIL,"BROCOMUNICACIONES MOVILES, S.A.P.I. DE C.V.",0.0,0.0,0.0,0.0,831.0,831.0
519422,15/02/2022,2022,2,C511,BROMOVIL,C0511,BROMOVIL,"BROCOMUNICACIONES MOVILES, S.A.P.I. DE C.V.",0.0,0.0,0.0,0.0,1046.0,1046.0
519422,15/03/2022,2022,3,C511,BROMOVIL,C0511,BROMOVIL,"BROCOMUNICACIONES MOVILES, S.A.P.I. DE C.V.",0.0,0.0,0.0,0.0,1358.0,1358.0
519422,15/04/2022,2022,4,C511,BROMOVIL,C0511,BROMOVIL,"BROCOMUNICACIONES MOVILES, S.A.P.I. DE C.V.",0.0,0.0,0.0,0.0,1720.0,1720.0
519422,15/05/2022,2022,5,C511,BROMOVIL,C0511,BROMOVIL,"BROCOMUNICACIONES MOVILES, S.A.P.I. DE C.V.",0.0,0.0,0.0,0.0,2049.0,2049.0
519422,15/06/2022,2022,6,C511,BROMOVIL,C0511,BROMOVIL,"BROCOMUNICACIONES MOVILES, S.A.P.I. DE C.V.",0.0,0.0,0.0,0.0,2441.0,2441.0
519422,15/07/2022,2022,7,C511,BROMOVIL,C0511,BROMOVIL,"BROCOMUNICACIONES MOVILES, S.A.P.I. DE C.V.",0.0,0.0,0.0,0.0,2900.0,2900.0
519422,15/08/2022,2022,8,C511,BROMOVIL,C0511,BROMOVIL,"BROCOMUNICACIONES MOVILES, S.A.P.I. DE C.V.",0.0,0.0,0.0,0.0,3434.0,3434.0
519422,15/09/2022,2022,9,C511,BROMOVIL,C0511,BROMOVIL,"BROCOMUNICACIONES MOVILES, S.A.P.I. DE C.V.",0.0,0.0,0.0,0.0,3748.0,3748.0
519422,15/10/2022,2022,10,C511,BROMOVIL,C0511,BROMOVIL,"BROCOMUNICACIONES MOVILES, S.A.P.I. DE C.V.",0.0,0.0,0.0,0.0,4335.0,4335.0
519422,15/11/2022,2022,11,C511,BROMOVIL,C0511,BROMOVIL,"BROCOMUNICACIONES MOVILES, S.A.P.I. DE C.V.",0.0,0.0,0.0,0.0,4836.0,4836.0
519422,15/12/2022,2022,12,C511,BROMOVIL,C0511,BROMOVIL,"BROCOMUNICACIONES MOVILES, S.A.P.I. DE C.V.",0.0,0.0,0.0,0.0,5340.0,5340.0
519422,15/01/2023,2023,1,C511,BROMOVIL,C0511,BROMOVIL,"BROCOMUNICACIONES MOVILES, S.A.P.I. DE C.V.",0.0,0.0,0.0,0.0,6628.0,6628.0
519422,15/02/2023,2023,2,C511,BROMOVIL,C0511,BROMOVIL,"BROCOMUNICACIONES MOVILES, S.A.P.I. DE C.V.",0.0,0.0,0.0,0.0,7515.0,7515.0
519422,15/03/2023,2023,3,C511,BROMOVIL,C0511,BROMOVIL,"BROCOMUNICACIONES MOVILES, S.A.P.I. DE C.V.",0.0,0.0,0.0,0.0,8639.0,8639.0
519422,15/04/2023,2023,4,C511,BROMOVIL,C0511,BROMOVIL,"BROCOMUNICACIONES MOVILES, S.A.P.I. DE C.V.",0.0,0.0,0.0,0.0,9494.0,9494.0
519422,15/05/2023,2023,5,C511,BROMOVIL,C0511,BROMOVIL,"BROCOMUNICACIONES MOVILES, S.A.P.I. DE C.V.",0.0,0.0,0.0,0.0,10235.0,10235.0
519422,15/06/2023,2023,6,C511,BROMOVIL,C0511,BROMOVIL,"BROCOMUNICACIONES MOVILES, S.A.P.I. DE C.V.",0.0,0.0,0.0,0.0,11176.0,11176.0
519422,15/07/2023,2023,7,C511,BROMOVIL,C0511,BROMOVIL,"BROCOMUNICACIONES MOVILES, S.A.P.I. DE C.V.",0.0,0.0,0.0,0.0,12485.0,12485.0
519422,15/08/2023,2023,8,C511,BROMOVIL,C0511,BROMOVIL,"BROCOMUNICACIONES MOVILES, S.A.P.I. DE C.V.",0.0,0.0,0.0,0.0,12954.0,12954.0
519422,15/09/2023,2023,9,C511,BROMOVIL,C0511,BROMOVIL,"BROCOMUNICACIONES MOVILES, S.A.P.I. DE C.V.",0.0,0.0,0.0,0.0,14260.0,14260.0
519422,15/10/2023,2023,10,C511,BROMOVIL,C0511,BROMOVIL,"BROCOMUNICACIONES MOVILES, S.A.P.I. DE C.V.",0.0,0.0,0.0,0.0,16403.0,16403.0
519422,15/11/2023,2023,11,C511,BROMOVIL,C0511,BROMOVIL,"BROCOMUNICACIONES MOVILES, S.A.P.I. DE C.V.",0.0,0.0,0.0,0.0,18004.0,18004.0
519422,15/12/2023,2023,12,C511,BROMOVIL,C0511,BROMOVIL,"BROCOMUNICACIONES MOVILES, S.A.P.I. DE C.V.",0.0,0.0,0.0,0.0,19891.0,19891.0
519422,15/01/2024,2024,1,C511,BROMOVIL,C0511,BROMOVIL,"BROCOMUNICACIONES MOVILES, S.A.P.I. DE C.V.",0.0,0.0,0.0,0.0,20995.0,20995.0
519422,15/02/2024,2024,2,C511,BROMOVIL,C0511,BROMOVIL,"BROCOMUNICACIONES MOVILES, S.A.P.I. DE C.V.",0.0,0.0,0.0,0.0,20752.0,20752.0
519422,15/03/2024,2024,3,C511,BROMOVIL,C0511,BROMOVIL,"BROCOMUNICACIONES MOVILES, S.A.P.I. DE C.V.",0.0,0.0,0.0,0.0,21913.0,21913.0
519422,15/04/2024,2024,4,C511,BROMOVIL,C0511,BROMOVIL,"BROCOMUNICACIONES MOVILES, S.A.P.I. DE C.V.",0.0,0.0,0.0,0.0,15108.0,15108.0
519422,15/05/2024,2024,5,C511,BROMOVIL,C0511,BROMOVIL,"BROCOMUNICACIONES MOVILES, S.A.P.I. DE C.V.",0.0,0.0,0.0,0.0,16599.0,16599.0
519422,15/06/2024,2024,6,C511,BROMOVIL,C0511,BROMOVIL,"BROCOMUNICACIONES MOVILES, S.A.P.I. DE C.V.",0.0,0.0,0.0,0.0,16298.0,16298.0
519422,15/07/2024,2024,7,C511,BROMOVIL,C0511,BROMOVIL,"BROCOMUNICACIONES MOVILES, S.A.P.I. DE C.V.",0.0,0.0,0.0,0.0,17416.0,17416.0
519422,15/08/2024,2024,8,C511,BROMOVIL,C0511,BROMOVIL,"BROCOMUNICACIONES MOVILES, S.A.P.I. DE C.V.",0.0,0.0,0.0,0.0,17993.0,17993.0
519422,15/09/2024,2024,9,C511,BROMOVIL,C0511,BROMOVIL,"BROCOMUNICACIONES MOVILES, S.A.P.I. DE C.V.",0.0,0.0,0.0,0.0,18614.0,18614.0
519422,15/10/2024,2024,10,C511,BROMOVIL,C0511,BROMOVIL,"BROCOMUNICACIONES MOVILES, S.A.P.I. DE C.V.",0.0,0.0,0.0,0.0,20075.0,20075.0
519422,15/11/2024,2024,11,C511,BROMOVIL,C0511,BROMOVIL,"BROCOMUNICACIONES MOVILES, S.A.P.I. DE C.V.",0.0,0.0,0.0,0.0,19560.0,19560.0
519422,15/12/2024,2024,12,C511,BROMOVIL,C0511,BROMOVIL,"BROCOMUNICACIONES MOVILES, S.A.P.I. DE C.V.",0.0,0.0,0.0,0.0,20029.0,20029.0
106835,15/01/2017,2017,1,C644,BUENO CELL,C0644,BUENO CELL,"IBO CELL, S.A.P.I. DE C.V.",0.0,0.0,0.0,0.0,407.0,407.0
106835,15/02/2017,2017,2,C644,BUENO CELL,C0644,BUENO CELL,"IBO CELL, S.A.P.I. DE C.V.",0.0,0.0,0.0,0.0,721.0,721.0
106835,15/03/2017,2017,3,C644,BUENO CELL,C0644,BUENO CELL,"IBO CELL, S.A.P.I. DE C.V.",0.0,0.0,0.0,0.0,771.0,771.0
106835,15/04/2017,2017,4,C644,BUENO CELL,C0644,BUENO CELL,"IBO CELL, S.A.P.I. DE C.V.",0.0,0.0,0.0,0.0,892.0,892.0
106835,15/05/2017,2017,5,C644,BUENO CELL,C0644,BUENO CELL,"IBO CELL, S.A.P.I. DE C.V.",0.0,0.0,0.0,0.0,983.0,983.0
106835,15/06/2017,2017,6,C644,BUENO CELL,C0644,BUENO CELL,"IBO CELL, S.A.P.I. DE C.V.",0.0,0.0,0.0,0.0,1179.0,1179.0
106835,15/07/2017,2017,7,C644,BUENO CELL,C0644,BUENO CELL,"IBO CELL, S.A.P.I. DE C.V.",0.0,0.0,0.0,0.0,1378.0,1378.0
106835,15/08/2017,2017,8,C644,BUENO CELL,C0644,BUENO CELL,"IBO CELL, S.A.P.I. DE C.V.",0.0,0.0,0.0,0.0,1748.0,1748.0
106835,15/09/2017,2017,9,C644,BUENO CELL,C0644,BUENO CELL,"IBO CELL, S.A.P.I. DE C.V.",0.0,0.0,0.0,0.0,2028.0,2028.0
106835,15/10/2017,2017,10,C644,BUENO CELL,C0644,BUENO CELL,"IBO CELL, S.A.P.I. DE C.V.",0.0,0.0,0.0,0.0,2461.0,2461.0
106835,15/11/2017,2017,11,C644,BUENO CELL,C0644,BUENO CELL,"IBO CELL, S.A.P.I. DE C.V.",0.0,0.0,0.0,0.0,2908.0,2908.0
106835,15/12/2017,2017,12,C644,BUENO CELL,C0644,BUENO CELL,"IBO CELL, S.A.P.I. DE C.V.",0.0,0.0,0.0,0.0,3341.0,3341.0
106835,15/01/2018,2018,1,C644,BUENO CELL,C0644,BUENO CELL,"IBO CELL, S.A.P.I. DE C.V.",0.0,0.0,0.0,0.0,3788.0,3788.0
106835,15/02/2018,2018,2,C644,BUENO CELL,C0644,BUENO CELL,"IBO CELL, S.A.P.I. DE C.V.",0.0,0.0,0.0,0.0,4490.0,4490.0
106835,15/03/2018,2018,3,C644,BUENO CELL,C0644,BUENO CELL,"IBO CELL, S.A.P.I. DE C.V.",0.0,0.0,0.0,0.0,5169.0,5169.0
106835,15/04/2018,2018,4,C644,BUENO CELL,C0644,BUENO CELL,"IBO CELL, S.A.P.I. DE C.V.",0.0,0.0,0.0,0.0,6129.0,6129.0
106835,15/05/2018,2018,5,C644,BUENO CELL,C0644,BUENO CELL,"IBO CELL, S.A.P.I. DE C.V.",0.0,0.0,0.0,0.0,6461.0,6461.0
106835,15/06/2018,2018,6,C644,BUENO CELL,C0644,BUENO CELL,"IBO CELL, S.A.P.I. DE C.V.",0.0,0.0,0.0,0.0,7197.0,7197.0
106835,15/07/2018,2018,7,C644,BUENO CELL,C0644,BUENO CELL,"IBO CELL, S.A.P.I. DE C.V.",0.0,0.0,0.0,0.0,8223.0,8223.0
106835,15/08/2018,2018,8,C644,BUENO CELL,C0644,BUENO CELL,"IBO CELL, S.A.P.I. DE C.V.",0.0,0.0,0.0,0.0,8734.0,8734.0
106835,15/09/2018,2018,9,C644,BUENO CELL,C0644,BUENO CELL,"IBO CELL, S.A.P.I. DE C.V.",0.0,0.0,0.0,0.0,9786.0,9786.0
106835,15/10/2018,2018,10,C644,BUENO CELL,C0644,BUENO CELL,"IBO CELL, S.A.P.I. DE C.V.",10834.0,0.0,0.0,0.0,,10834.0
106835,15/11/2018,2018,11,C644,BUENO CELL,C0644,BUENO CELL,"IBO CELL, S.A.P.I. DE C.V.",11461.0,0.0,0.0,0.0,,11461.0
106835,15/12/2018,2018,12,C644,BUENO CELL,C0644,BUENO CELL,"IBO CELL, S.A.P.I. DE C.V.",11672.0,0.0,0.0,0.0,,11672.0
106835,15/01/2019,2019,1,C644,BUENO CELL,C0644,BUENO CELL,"IBO CELL, S.A.P.I. DE C.V.",11376.0,0.0,0.0,0.0,,11376.0
106835,15/02/2019,2019,2,C644,BUENO CELL,C0644,BUENO CELL,"IBO CELL, S.A.P.I. DE C.V.",11974.0,0.0,0.0,0.0,,11974.0
106835,15/03/2019,2019,3,C644,BUENO CELL,C0644,BUENO CELL,"IBO CELL, S.A.P.I. DE C.V.",12141.0,0.0,0.0,0.0,,12141.0
106835,15/04/2019,2019,4,C644,BUENO CELL,C0644,BUENO CELL,"IBO CELL, S.A.P.I. DE C.V.",15307.0,0.0,0.0,0.0,,15307.0
106835,15/05/2019,2019,5,C644,BUENO CELL,C0644,BUENO CELL,"IBO CELL, S.A.P.I. DE C.V.",16049.0,0.0,0.0,0.0,,16049.0
106835,15/06/2019,2019,6,C644,BUENO CELL,C0644,BUENO CELL,"IBO CELL, S.A.P.I. DE C.V.",16546.0,0.0,0.0,0.0,,16546.0
106835,15/07/2019,2019,7,C644,BUENO CELL,C0644,BUENO CELL,"IBO CELL, S.A.P.I. DE C.V.",17114.0,0.0,0.0,0.0,,17114.0
106835,15/08/2019,2019,8,C644,BUENO CELL,C0644,BUENO CELL,"IBO CELL, S.A.P.I. DE C.V.",16506.0,0.0,0.0,0.0,,16506.0
106835,15/09/2019,2019,9,C644,BUENO CELL,C0644,BUENO CELL,"IBO CELL, S.A.P.I. DE C.V.",17125.0,0.0,0.0,0.0,,17125.0
106835,15/10/2019,2019,10,C644,BUENO CELL,C0644,BUENO CELL,"IBO CELL, S.A.P.I. DE C.V.",18426.0,0.0,0.0,0.0,,18426.0
106835,15/11/2019,2019,11,C644,BUENO CELL,C0644,BUENO CELL,"IBO CELL, S.A.P.I. DE C.V.",18848.0,0.0,0.0,0.0,,18848.0
106835,15/12/2019,2019,12,C644,BUENO CELL,C0644,BUENO CELL,"IBO CELL, S.A.P.I. DE C.V.",19142.0,0.0,0.0,0.0,,19142.0
106835,15/01/2020,2020,1,C644,BUENO CELL,C0644,BUENO CELL,"IBO CELL, S.A.P.I. DE C.V.",19475.0,0.0,0.0,0.0,,19475.0
106835,15/02/2020,2020,2,C644,BUENO CELL,C0644,BUENO CELL,"IBO CELL, S.A.P.I. DE C.V.",19493.0,0.0,0.0,0.0,,19493.0
106835,15/03/2020,2020,3,C644,BUENO CELL,C0644,BUENO CELL,"IBO CELL, S.A.P.I. DE C.V.",18285.0,0.0,0.0,0.0,,18285.0
106835,15/04/2020,2020,4,C644,BUENO CELL,C0644,BUENO CELL,"IBO CELL, S.A.P.I. DE C.V.",18210.0,0.0,0.0,0.0,,18210.0
106835,15/05/2020,2020,5,C644,BUENO CELL,C0644,BUENO CELL,"IBO CELL, S.A.P.I. DE C.V.",18000.0,0.0,0.0,0.0,,18000.0
106835,15/06/2020,2020,6,C644,BUENO CELL,C0644,BUENO CELL,"IBO CELL, S.A.P.I. DE C.V.",18610.0,0.0,0.0,0.0,,18610.0
106835,15/07/2020,2020,7,C644,BUENO CELL,C0644,BUENO CELL,"IBO CELL, S.A.P.I. DE C.V.",18744.0,0.0,0.0,0.0,,18744.0
106835,15/08/2020,2020,8,C644,BUENO CELL,C0644,BUENO CELL,"IBO CELL, S.A.P.I. DE C.V.",18595.0,0.0,0.0,0.0,,18595.0
106835,15/09/2020,2020,9,C644,BUENO CELL,C0644,BUENO CELL,"IBO CELL, S.A.P.I. DE C.V.",18037.0,0.0,0.0,0.0,,18037.0
106835,15/10/2020,2020,10,C644,BUENO CELL,C0644,BUENO CELL,"IBO CELL, S.A.P.I. DE C.V.",18598.0,0.0,0.0,0.0,,18598.0
106835,15/11/2020,2020,11,C644,BUENO CELL,C0644,BUENO CELL,"IBO CELL, S.A.P.I. DE C.V.",18721.0,0.0,0.0,0.0,,18721.0
106835,15/12/2020,2020,12,C644,BUENO CELL,C0644,BUENO CELL,"IBO CELL, S.A.P.I. DE C.V.",19725.0,0.0,0.0,0.0,,19725.0
106835,15/01/2021,2021,1,C644,BUENO CELL,C0644,BUENO CELL,"IBO CELL, S.A.P.I. DE C.V.",0.0,0.0,0.0,0.0,19936.0,19936.0
106835,15/02/2021,2021,2,C644,BUENO CELL,C0644,BUENO CELL,"IBO CELL, S.A.P.I. DE C.V.",0.0,0.0,0.0,0.0,20320.0,20320.0
106835,15/03/2021,2021,3,C644,BUENO CELL,C0644,BUENO CELL,"IBO CELL, S.A.P.I. DE C.V.",0.0,0.0,0.0,0.0,20381.0,20381.0
106835,15/04/2021,2021,4,C644,BUENO CELL,C0644,BUENO CELL,"IBO CELL, S.A.P.I. DE C.V.",0.0,0.0,0.0,0.0,20741.0,20741.0
106835,15/05/2021,2021,5,C644,BUENO CELL,C0644,BUENO CELL,"IBO CELL, S.A.P.I. DE C.V.",0.0,0.0,0.0,0.0,20970.0,20970.0
106835,15/06/2021,2021,6,C644,BUENO CELL,C0644,BUENO CELL,"IBO CELL, S.A.P.I. DE C.V.",0.0,0.0,0.0,0.0,20957.0,20957.0
106835,15/07/2021,2021,7,C644,BUENO CELL,C0644,BUENO CELL,"IBO CELL, S.A.P.I. DE C.V.",0.0,0.0,0.0,0.0,19737.0,19737.0
106835,15/08/2021,2021,8,C644,BUENO CELL,C0644,BUENO CELL,"IBO CELL, S.A.P.I. DE C.V.",0.0,0.0,0.0,0.0,20143.0,20143.0
106835,15/09/2021,2021,9,C644,BUENO CELL,C0644,BUENO CELL,"IBO CELL, S.A.P.I. DE C.V.",0.0,0.0,0.0,0.0,20116.0,20116.0
106835,15/10/2021,2021,10,C644,BUENO CELL,C0644,BUENO CELL,"IBO CELL, S.A.P.I. DE C.V.",0.0,0.0,0.0,0.0,20022.0,20022.0
106835,15/11/2021,2021,11,C644,BUENO CELL,C0644,BUENO CELL,"IBO CELL, S.A.P.I. DE C.V.",0.0,0.0,0.0,0.0,20633.0,20633.0
106835,15/12/2021,2021,12,C644,BUENO CELL,C0644,BUENO CELL,"IBO CELL, S.A.P.I. DE C.V.",0.0,0.0,0.0,0.0,20790.0,20790.0
106835,15/01/2022,2022,1,C644,BUENO CELL,C0644,BUENO CELL,"IBO CELL, S.A.P.I. DE C.V.",0.0,0.0,0.0,0.0,20838.0,20838.0
106835,15/02/2022,2022,2,C644,BUENO CELL,C0644,BUENO CELL,"IBO CELL, S.A.P.I. DE C.V.",0.0,0.0,0.0,0.0,21000.0,21000.0
106835,15/03/2022,2022,3,C644,BUENO CELL,C0644,BUENO CELL,"IBO CELL, S.A.P.I. DE C.V.",0.0,0.0,0.0,0.0,20827.0,20827.0
106835,15/04/2022,2022,4,C644,BUENO CELL,C0644,BUENO CELL,"IBO CELL, S.A.P.I. DE C.V.",0.0,0.0,0.0,0.0,21119.0,21119.0
106835,15/05/2022,2022,5,C644,BUENO CELL,C0644,BUENO CELL,"IBO CELL, S.A.P.I. DE C.V.",0.0,0.0,0.0,0.0,21156.0,21156.0
106835,15/06/2022,2022,6,C644,BUENO CELL,C0644,BUENO CELL,"IBO CELL, S.A.P.I. DE C.V.",0.0,0.0,0.0,0.0,21211.0,21211.0
106835,15/07/2022,2022,7,C644,BUENO CELL,C0644,BUENO CELL,"IBO CELL, S.A.P.I. DE C.V.",0.0,0.0,0.0,0.0,21252.0,21252.0
106835,15/08/2022,2022,8,C644,BUENO CELL,C0644,BUENO CELL,"IBO CELL, S.A.P.I. DE C.V.",0.0,0.0,0.0,0.0,21503.0,21503.0
106835,15/09/2022,2022,9,C644,BUENO CELL,C0644,BUENO CELL,"IBO CELL, S.A.P.I. DE C.V.",0.0,0.0,0.0,0.0,21388.0,21388.0
106835,15/10/2022,2022,10,C644,BUENO CELL,C0644,BUENO CELL,"IBO CELL, S.A.P.I. DE C.V.",0.0,0.0,0.0,0.0,21610.0,21610.0
106835,15/11/2022,2022,11,C644,BUENO CELL,C0644,BUENO CELL,"IBO CELL, S.A.P.I. DE C.V.",0.0,0.0,0.0,0.0,21642.0,21642.0
106835,15/12/2022,2022,12,C644,BUENO CELL,C0644,BUENO CELL,"IBO CELL, S.A.P.I. DE C.V.",0.0,0.0,0.0,0.0,21669.0,21669.0
106835,15/01/2023,2023,1,C644,BUENO CELL,C0644,BUENO CELL,"IBO CELL, S.A.P.I. DE C.V.",0.0,0.0,0.0,0.0,21293.0,21293.0
106835,15/02/2023,2023,2,C644,BUENO CELL,C0644,BUENO CELL,"IBO CELL, S.A.P.I. DE C.V.",0.0,0.0,0.0,0.0,20720.0,20720.0
106835,15/03/2023,2023,3,C644,BUENO CELL,C0644,BUENO CELL,"IBO CELL, S.A.P.I. DE C.V.",0.0,0.0,0.0,0.0,20332.0,20332.0
106835,15/04/2023,2023,4,C644,BUENO CELL,C0644,BUENO CELL,"IBO CELL, S.A.P.I. DE C.V.",0.0,0.0,0.0,0.0,20438.0,20438.0
106835,15/05/2023,2023,5,C644,BUENO CELL,C0644,BUENO CELL,"IBO CELL, S.A.P.I. DE C.V.",0.0,0.0,0.0,0.0,20310.0,20310.0
106835,15/06/2023,2023,6,C644,BUENO CELL,C0644,BUENO CELL,"IBO CELL, S.A.P.I. DE C.V.",0.0,0.0,0.0,0.0,20392.0,20392.0
106835,15/07/2023,2023,7,C644,BUENO CELL,C0644,BUENO CELL,"IBO CELL, S.A.P.I. DE C.V.",0.0,0.0,0.0,0.0,20613.0,20613.0
106835,15/08/2023,2023,8,C644,BUENO CELL,C0644,BUENO CELL,"IBO CELL, S.A.P.I. DE C.V.",0.0,0.0,0.0,0.0,20671.0,20671.0
106835,15/09/2023,2023,9,C644,BUENO CELL,C0644,BUENO CELL,"IBO CELL, S.A.P.I. DE C.V.",0.0,0.0,0.0,0.0,20900.0,20900.0
106835,15/10/2023,2023,10,C644,BUENO CELL,C0644,BUENO CELL,"IBO CELL, S.A.P.I. DE C.V.",0.0,0.0,0.0,0.0,20885.0,20885.0
106835,15/11/2023,2023,11,C644,BUENO CELL,C0644,BUENO CELL,"IBO CELL, S.A.P.I. DE C.V.",0.0,0.0,0.0,0.0,21072.0,21072.0
106835,15/12/2023,2023,12,C644,BUENO CELL,C0644,BUENO CELL,"IBO CELL, S.A.P.I. DE C.V.",0.0,0.0,0.0,0.0,21026.0,21026.0
106835,15/01/2024,2024,1,C644,BUENO CELL,C0644,BUENO CELL,"IBO CELL, S.A.P.I. DE C.V.",0.0,0.0,0.0,0.0,21055.0,21055.0
106835,15/02/2024,2024,2,C644,BUENO CELL,C0644,BUENO CELL,"IBO CELL, S.A.P.I. DE C.V.",0.0,0.0,0.0,0.0,21237.0,21237.0
106835,15/03/2024,2024,3,C644,BUENO CELL,C0644,BUENO CELL,"IBO CELL, S.A.P.I. DE C.V.",0.0,0.0,0.0,0.0,21368.0,21368.0
106835,15/04/2024,2024,4,C644,BUENO CELL,C0644,BUENO CELL,"IBO CELL, S.A.P.I. DE C.V.",0.0,0.0,0.0,0.0,21581.0,21581.0
106835,15/05/2024,2024,5,C644,BUENO CELL,C0644,BUENO CELL,"IBO CELL, S.A.P.I. DE C.V.",0.0,0.0,0.0,0.0,21514.0,21514.0
106835,15/06/2024,2024,6,C644,BUENO CELL,C0644,BUENO CELL,"IBO CELL, S.A.P.I. DE C.V.",0.0,0.0,0.0,0.0,21373.0,21373.0
106835,15/07/2024,2024,7,C644,BUENO CELL,C0644,BUENO CELL,"IBO CELL, S.A.P.I. DE C.V.",0.0,0.0,0.0,0.0,21497.0,21497.0
106835,15/08/2024,2024,8,C644,BUENO CELL,C0644,BUENO CELL,"IBO CELL, S.A.P.I. DE C.V.",0.0,0.0,0.0,0.0,21523.0,21523.0
106835,15/09/2024,2024,9,C644,BUENO CELL,C0644,BUENO CELL,"IBO CELL, S.A.P.I. DE C.V.",0.0,0.0,0.0,0.0,21421.0,21421.0
106835,15/10/2024,2024,10,C644,BUENO CELL,C0644,BUENO CELL,"IBO CELL, S.A.P.I. DE C.V.",0.0,0.0,0.0,0.0,21186.0,21186.0
106835,15/11/2024,2024,11,C644,BUENO CELL,C0644,BUENO CELL,"IBO CELL, S.A.P.I. DE C.V.",0.0,0.0,0.0,0.0,20637.0,20637.0
106835,15/12/2024,2024,12,C644,BUENO CELL,C0644,BUENO CELL,"IBO CELL, S.A.P.I. DE C.V.",0.0,0.0,0.0,0.0,19994.0,19994.0
517649,15/07/2022,2022,7,C756,DIRI MOVIL,C0756,BUZZ,"DIRI TELECOMUNICACIONES, S.A. DE C.V.",0.0,0.0,0.0,0.0,122348.0,122348.0
517649,15/08/2022,2022,8,C756,DIRI MOVIL,C0756,BUZZ,"DIRI TELECOMUNICACIONES, S.A. DE C.V.",0.0,0.0,0.0,0.0,128360.0,128360.0
517649,15/09/2022,2022,9,C756,DIRI MOVIL,C0756,BUZZ,"DIRI TELECOMUNICACIONES, S.A. DE C.V.",0.0,0.0,0.0,0.0,138650.0,138650.0
517649,15/10/2022,2022,10,C756,DIRI MOVIL,C0756,BUZZ,"DIRI TELECOMUNICACIONES, S.A. DE C.V.",0.0,0.0,0.0,0.0,157483.0,157483.0
517649,15/11/2022,2022,11,C756,DIRI MOVIL,C0756,BUZZ,"DIRI TELECOMUNICACIONES, S.A. DE C.V.",0.0,0.0,0.0,0.0,166321.0,166321.0
517649,15/12/2022,2022,12,C756,DIRI MOVIL,C0756,BUZZ,"DIRI TELECOMUNICACIONES, S.A. DE C.V.",0.0,0.0,0.0,0.0,175006.0,175006.0
517649,15/01/2023,2023,1,C756,DIRI MOVIL,C0756,BUZZ,"DIRI TELECOMUNICACIONES, S.A. DE C.V.",0.0,0.0,0.0,0.0,194292.0,194292.0
517649,15/02/2023,2023,2,C756,DIRI MOVIL,C0756,BUZZ,"DIRI TELECOMUNICACIONES, S.A. DE C.V.",0.0,0.0,0.0,0.0,176007.0,176007.0
517649,15/03/2023,2023,3,C756,DIRI MOVIL,C0756,BUZZ,"DIRI TELECOMUNICACIONES, S.A. DE C.V.",0.0,0.0,0.0,0.0,192386.0,192386.0
517649,15/04/2023,2023,4,C756,DIRI MOVIL,C0756,BUZZ,"DIRI TELECOMUNICACIONES, S.A. DE C.V.",0.0,0.0,0.0,0.0,190335.0,190335.0
517649,15/05/2023,2023,5,C756,DIRI MOVIL,C0756,BUZZ,"DIRI TELECOMUNICACIONES, S.A. DE C.V.",0.0,0.0,0.0,0.0,210218.0,210218.0
517649,15/06/2023,2023,6,C756,DIRI MOVIL,C0756,BUZZ,"DIRI TELECOMUNICACIONES, S.A. DE C.V.",0.0,0.0,0.0,0.0,220208.0,220208.0
517649,15/07/2023,2023,7,C756,DIRI MOVIL,C0756,BUZZ,"DIRI TELECOMUNICACIONES, S.A. DE C.V.",0.0,0.0,0.0,0.0,190031.0,190031.0
517649,15/08/2023,2023,8,C756,DIRI MOVIL,C0756,BUZZ,"DIRI TELECOMUNICACIONES, S.A. DE C.V.",0.0,0.0,0.0,0.0,213256.0,213256.0
517649,15/09/2023,2023,9,C756,DIRI MOVIL,C0756,BUZZ,"DIRI TELECOMUNICACIONES, S.A. DE C.V.",0.0,0.0,0.0,0.0,237421.0,237421.0
517649,15/10/2023,2023,10,C756,DIRI MOVIL,C0756,BUZZ,"DIRI TELECOMUNICACIONES, S.A. DE C.V.",0.0,0.0,0.0,0.0,191961.0,191961.0
517649,15/11/2023,2023,11,C756,DIRI MOVIL,C0756,BUZZ,"DIRI TELECOMUNICACIONES, S.A. DE C.V.",0.0,0.0,0.0,0.0,213975.0,213975.0
517649,15/12/2023,2023,12,C756,DIRI MOVIL,C0756,BUZZ,"DIRI TELECOMUNICACIONES, S.A. DE C.V.",0.0,0.0,0.0,0.0,235947.0,235947.0
517649,15/01/2024,2024,1,C756,DIRI MOVIL,C0756,BUZZ,"DIRI TELECOMUNICACIONES, S.A. DE C.V.",0.0,0.0,0.0,0.0,230392.0,230392.0
517649,15/02/2024,2024,2,C756,DIRI MOVIL,C0756,BUZZ,"DIRI TELECOMUNICACIONES, S.A. DE C.V.",0.0,0.0,0.0,0.0,202685.0,202685.0
517649,15/03/2024,2024,3,C756,DIRI MOVIL,C0756,BUZZ,"DIRI TELECOMUNICACIONES, S.A. DE C.V.",0.0,0.0,0.0,0.0,189434.0,189434.0
517649,15/07/2024,2024,7,C756,DIRI MOVIL,C0756,BUZZ,"DIRI TELECOMUNICACIONES, S.A. DE C.V.",0.0,0.0,0.0,0.0,186744.0,186744.0
517649,15/08/2024,2024,8,C756,DIRI MOVIL,C0756,BUZZ,"DIRI TELECOMUNICACIONES, S.A. DE C.V.",0.0,0.0,0.0,0.0,190258.0,190258.0
517649,15/09/2024,2024,9,C756,DIRI MOVIL,C0756,BUZZ,"DIRI TELECOMUNICACIONES, S.A. DE C.V.",0.0,0.0,0.0,0.0,191520.0,191520.0
519552,15/03/2022,2022,3,C806,CELFI,C0806,CELFI,"CELSFI, S.A. DE C.V.",0.0,0.0,0.0,0.0,1.0,1.0
519552,15/04/2022,2022,4,C806,CELFI,C0806,CELFI,"CELSFI, S.A. DE C.V.",0.0,0.0,0.0,0.0,22.0,22.0
519552,15/05/2022,2022,5,C806,CELFI,C0806,CELFI,"CELSFI, S.A. DE C.V.",0.0,0.0,0.0,0.0,29.0,29.0
519552,15/06/2022,2022,6,C806,CELFI,C0806,CELFI,"CELSFI, S.A. DE C.V.",0.0,0.0,0.0,0.0,29.0,29.0
519552,15/07/2022,2022,7,C806,CELFI,C0806,CELFI,"CELSFI, S.A. DE C.V.",0.0,0.0,0.0,0.0,34.0,34.0
519552,15/08/2022,2022,8,C806,CELFI,C0806,CELFI,"CELSFI, S.A. DE C.V.",0.0,0.0,0.0,0.0,36.0,36.0
519552,15/09/2022,2022,9,C806,CELFI,C0806,CELFI,"CELSFI, S.A. DE C.V.",0.0,0.0,0.0,0.0,37.0,37.0
519552,15/10/2022,2022,10,C806,CELFI,C0806,CELFI,"CELSFI, S.A. DE C.V.",0.0,0.0,0.0,0.0,38.0,38.0
519552,15/11/2022,2022,11,C806,CELFI,C0806,CELFI,"CELSFI, S.A. DE C.V.",0.0,0.0,0.0,0.0,38.0,38.0
519552,15/12/2022,2022,12,C806,CELFI,C0806,CELFI,"CELSFI, S.A. DE C.V.",0.0,0.0,0.0,0.0,38.0,38.0
519552,15/01/2023,2023,1,C806,CELFI,C0806,CELFI,"CELSFI, S.A. DE C.V.",0.0,0.0,0.0,0.0,39.0,39.0
519552,15/02/2023,2023,2,C806,CELFI,C0806,CELFI,"CELSFI, S.A. DE C.V.",0.0,0.0,0.0,0.0,39.0,39.0
519552,15/03/2023,2023,3,C806,CELFI,C0806,CELFI,"CELSFI, S.A. DE C.V.",0.0,0.0,0.0,0.0,39.0,39.0
519552,15/04/2023,2023,4,C806,CELFI,C0806,CELFI,"CELSFI, S.A. DE C.V.",0.0,0.0,0.0,0.0,39.0,39.0
519552,15/05/2023,2023,5,C806,CELFI,C0806,CELFI,"CELSFI, S.A. DE C.V.",0.0,0.0,0.0,0.0,39.0,39.0
519552,15/06/2023,2023,6,C806,CELFI,C0806,CELFI,"CELSFI, S.A. DE C.V.",0.0,0.0,0.0,0.0,40.0,40.0
519552,15/07/2023,2023,7,C806,CELFI,C0806,CELFI,"CELSFI, S.A. DE C.V.",0.0,0.0,0.0,0.0,41.0,41.0
519552,15/08/2023,2023,8,C806,CELFI,C0806,CELFI,"CELSFI, S.A. DE C.V.",0.0,0.0,0.0,0.0,41.0,41.0
519552,15/09/2023,2023,9,C806,CELFI,C0806,CELFI,"CELSFI, S.A. DE C.V.",0.0,0.0,0.0,0.0,42.0,42.0
519552,15/10/2023,2023,10,C806,CELFI,C0806,CELFI,"CELSFI, S.A. DE C.V.",0.0,0.0,0.0,0.0,42.0,42.0
519552,15/11/2023,2023,11,C806,CELFI,C0806,CELFI,"CELSFI, S.A. DE C.V.",0.0,0.0,0.0,0.0,42.0,42.0
519552,15/12/2023,2023,12,C806,CELFI,C0806,CELFI,"CELSFI, S.A. DE C.V.",0.0,0.0,0.0,0.0,42.0,42.0
519552,15/01/2024,2024,1,C806,CELFI,C0806,CELFI,"CELSFI, S.A. DE C.V.",0.0,0.0,0.0,0.0,44.0,44.0
519552,15/02/2024,2024,2,C806,CELFI,C0806,CELFI,"CELSFI, S.A. DE C.V.",0.0,0.0,0.0,0.0,43.0,43.0
519552,15/03/2024,2024,3,C806,CELFI,C0806,CELFI,"CELSFI, S.A. DE C.V.",0.0,0.0,0.0,0.0,15.0,15.0
519552,15/04/2024,2024,4,C806,CELFI,C0806,CELFI,"CELSFI, S.A. DE C.V.",0.0,0.0,0.0,0.0,13.0,13.0
519552,15/05/2024,2024,5,C806,CELFI,C0806,CELFI,"CELSFI, S.A. DE C.V.",0.0,0.0,0.0,0.0,14.0,14.0
519552,15/06/2024,2024,6,C806,CELFI,C0806,CELFI,"CELSFI, S.A. DE C.V.",0.0,0.0,0.0,0.0,15.0,15.0
519552,15/07/2024,2024,7,C806,CELFI,C0806,CELFI,"CELSFI, S.A. DE C.V.",0.0,0.0,0.0,0.0,14.0,14.0
519552,15/08/2024,2024,8,C806,CELFI,C0806,CELFI,"CELSFI, S.A. DE C.V.",0.0,0.0,0.0,0.0,14.0,14.0
519552,15/09/2024,2024,9,C806,CELFI,C0806,CELFI,"CELSFI, S.A. DE C.V.",0.0,0.0,0.0,0.0,14.0,14.0
519552,15/10/2024,2024,10,C806,CELFI,C0806,CELFI,"CELSFI, S.A. DE C.V.",0.0,0.0,0.0,0.0,16.0,16.0
519552,15/11/2024,2024,11,C806,CELFI,C0806,CELFI,"CELSFI, S.A. DE C.V.",0.0,0.0,0.0,0.0,17.0,17.0
519552,15/12/2024,2024,12,C806,CELFI,C0806,CELFI,"CELSFI, S.A. DE C.V.",0.0,0.0,0.0,0.0,18.0,18.0
520240,15/06/2022,2022,6,C866,COMERCIALIZADORA ROMEL,C0866,COMERCIALIZADORA ROMEL,"COMERCIALIZADORA ROMEL, S.A. DE C.V.",0.0,0.0,0.0,0.0,179.0,179.0
520240,15/07/2022,2022,7,C866,COMERCIALIZADORA ROMEL,C0866,COMERCIALIZADORA ROMEL,"COMERCIALIZADORA ROMEL, S.A. DE C.V.",0.0,0.0,0.0,0.0,124.0,124.0
520240,15/08/2022,2022,8,C866,COMERCIALIZADORA ROMEL,C0866,COMERCIALIZADORA ROMEL,"COMERCIALIZADORA ROMEL, S.A. DE C.V.",0.0,0.0,0.0,0.0,317.0,317.0
520240,15/09/2022,2022,9,C866,COMERCIALIZADORA ROMEL,C0866,COMERCIALIZADORA ROMEL,"COMERCIALIZADORA ROMEL, S.A. DE C.V.",0.0,0.0,0.0,0.0,232.0,232.0
520240,15/10/2022,2022,10,C866,COMERCIALIZADORA ROMEL,C0866,COMERCIALIZADORA ROMEL,"COMERCIALIZADORA ROMEL, S.A. DE C.V.",0.0,0.0,0.0,0.0,222.0,222.0
520240,15/11/2022,2022,11,C866,COMERCIALIZADORA ROMEL,C0866,COMERCIALIZADORA ROMEL,"COMERCIALIZADORA ROMEL, S.A. DE C.V.",0.0,0.0,0.0,0.0,225.0,225.0
520240,15/12/2022,2022,12,C866,COMERCIALIZADORA ROMEL,C0866,COMERCIALIZADORA ROMEL,"COMERCIALIZADORA ROMEL, S.A. DE C.V.",0.0,0.0,0.0,0.0,434.0,434.0
520240,15/04/2023,2023,4,C866,COMERCIALIZADORA ROMEL,C0866,COMERCIALIZADORA ROMEL,"COMERCIALIZADORA ROMEL, S.A. DE C.V.",0.0,0.0,0.0,0.0,1.0,1.0
520240,15/05/2023,2023,5,C866,COMERCIALIZADORA ROMEL,C0866,COMERCIALIZADORA ROMEL,"COMERCIALIZADORA ROMEL, S.A. DE C.V.",0.0,0.0,0.0,0.0,6.0,6.0
520240,15/06/2023,2023,6,C866,COMERCIALIZADORA ROMEL,C0866,COMERCIALIZADORA ROMEL,"COMERCIALIZADORA ROMEL, S.A. DE C.V.",0.0,0.0,0.0,0.0,4.0,4.0
520240,15/07/2023,2023,7,C866,COMERCIALIZADORA ROMEL,C0866,COMERCIALIZADORA ROMEL,"COMERCIALIZADORA ROMEL, S.A. DE C.V.",0.0,0.0,0.0,0.0,6.0,6.0
520240,15/08/2023,2023,8,C866,COMERCIALIZADORA ROMEL,C0866,COMERCIALIZADORA ROMEL,"COMERCIALIZADORA ROMEL, S.A. DE C.V.",0.0,0.0,0.0,0.0,4.0,4.0
520240,15/09/2023,2023,9,C866,COMERCIALIZADORA ROMEL,C0866,COMERCIALIZADORA ROMEL,"COMERCIALIZADORA ROMEL, S.A. DE C.V.",0.0,0.0,0.0,0.0,3.0,3.0
520240,15/11/2023,2023,11,C866,COMERCIALIZADORA ROMEL,C0866,COMERCIALIZADORA ROMEL,"COMERCIALIZADORA ROMEL, S.A. DE C.V.",0.0,0.0,0.0,0.0,1.0,1.0
519778,15/01/2022,2022,1,C816,CONECTA2,C0816,CONECTA2,"AL ALCANCE DE LA MANO, S.A. DE C.V.",0.0,0.0,0.0,0.0,1325.0,1325.0
519778,15/02/2022,2022,2,C816,CONECTA2,C0816,CONECTA2,"AL ALCANCE DE LA MANO, S.A. DE C.V.",0.0,0.0,0.0,0.0,3119.0,3119.0
519778,15/03/2022,2022,3,C816,CONECTA2,C0816,CONECTA2,"AL ALCANCE DE LA MANO, S.A. DE C.V.",0.0,0.0,0.0,0.0,3695.0,3695.0
519778,15/04/2022,2022,4,C816,CONECTA2,C0816,CONECTA2,"AL ALCANCE DE LA MANO, S.A. DE C.V.",0.0,0.0,0.0,0.0,4080.0,4080.0
519778,15/05/2022,2022,5,C816,CONECTA2,C0816,CONECTA2,"AL ALCANCE DE LA MANO, S.A. DE C.V.",0.0,0.0,0.0,0.0,4637.0,4637.0
519778,15/06/2022,2022,6,C816,CONECTA2,C0816,CONECTA2,"AL ALCANCE DE LA MANO, S.A. DE C.V.",0.0,0.0,0.0,0.0,5107.0,5107.0
519778,15/07/2022,2022,7,C816,CONECTA2,C0816,CONECTA2,"AL ALCANCE DE LA MANO, S.A. DE C.V.",0.0,0.0,0.0,0.0,6040.0,6040.0
519778,15/08/2022,2022,8,C816,CONECTA2,C0816,CONECTA2,"AL ALCANCE DE LA MANO, S.A. DE C.V.",0.0,0.0,0.0,0.0,6073.0,6073.0
519778,15/09/2022,2022,9,C816,CONECTA2,C0816,CONECTA2,"AL ALCANCE DE LA MANO, S.A. DE C.V.",0.0,0.0,0.0,0.0,6143.0,6143.0
519778,15/10/2022,2022,10,C816,CONECTA2,C0816,CONECTA2,"AL ALCANCE DE LA MANO, S.A. DE C.V.",0.0,0.0,0.0,0.0,6170.0,6170.0
519778,15/11/2022,2022,11,C816,CONECTA2,C0816,CONECTA2,"AL ALCANCE DE LA MANO, S.A. DE C.V.",0.0,0.0,0.0,0.0,6217.0,6217.0
519778,15/12/2022,2022,12,C816,CONECTA2,C0816,CONECTA2,"AL ALCANCE DE LA MANO, S.A. DE C.V.",0.0,0.0,0.0,0.0,6214.0,6214.0
519778,15/01/2023,2023,1,C816,CONECTA2,C0816,CONECTA2,"AL ALCANCE DE LA MANO, S.A. DE C.V.",0.0,0.0,0.0,0.0,6333.0,6333.0
519778,15/02/2023,2023,2,C816,CONECTA2,C0816,CONECTA2,"AL ALCANCE DE LA MANO, S.A. DE C.V.",0.0,0.0,0.0,0.0,6273.0,6273.0
519778,15/03/2023,2023,3,C816,CONECTA2,C0816,CONECTA2,"AL ALCANCE DE LA MANO, S.A. DE C.V.",0.0,0.0,0.0,0.0,6365.0,6365.0
519778,15/04/2023,2023,4,C816,CONECTA2,C0816,CONECTA2,"AL ALCANCE DE LA MANO, S.A. DE C.V.",0.0,0.0,0.0,0.0,6503.0,6503.0
519778,15/05/2023,2023,5,C816,CONECTA2,C0816,CONECTA2,"AL ALCANCE DE LA MANO, S.A. DE C.V.",0.0,0.0,0.0,0.0,6508.0,6508.0
519778,15/06/2023,2023,6,C816,CONECTA2,C0816,CONECTA2,"AL ALCANCE DE LA MANO, S.A. DE C.V.",0.0,0.0,0.0,0.0,6506.0,6506.0
519778,15/07/2023,2023,7,C816,CONECTA2,C0816,CONECTA2,"AL ALCANCE DE LA MANO, S.A. DE C.V.",0.0,0.0,0.0,0.0,6484.0,6484.0
519778,15/08/2023,2023,8,C816,CONECTA2,C0816,CONECTA2,"AL ALCANCE DE LA MANO, S.A. DE C.V.",0.0,0.0,0.0,0.0,6527.0,6527.0
519778,15/09/2023,2023,9,C816,CONECTA2,C0816,CONECTA2,"AL ALCANCE DE LA MANO, S.A. DE C.V.",0.0,0.0,0.0,0.0,6649.0,6649.0
519778,15/10/2023,2023,10,C816,CONECTA2,C0816,CONECTA2,"AL ALCANCE DE LA MANO, S.A. DE C.V.",0.0,0.0,0.0,0.0,6717.0,6717.0
519778,15/11/2023,2023,11,C816,CONECTA2,C0816,CONECTA2,"AL ALCANCE DE LA MANO, S.A. DE C.V.",0.0,0.0,0.0,0.0,6708.0,6708.0
519778,15/12/2023,2023,12,C816,CONECTA2,C0816,CONECTA2,"AL ALCANCE DE LA MANO, S.A. DE C.V.",0.0,0.0,0.0,0.0,6706.0,6706.0
519778,15/01/2024,2024,1,C816,CONECTA2,C0816,CONECTA2,"AL ALCANCE DE LA MANO, S.A. DE C.V.",0.0,0.0,0.0,0.0,5458.0,5458.0
519778,15/02/2024,2024,2,C816,CONECTA2,C0816,CONECTA2,"AL ALCANCE DE LA MANO, S.A. DE C.V.",0.0,0.0,0.0,0.0,5411.0,5411.0
519778,15/03/2024,2024,3,C816,CONECTA2,C0816,CONECTA2,"AL ALCANCE DE LA MANO, S.A. DE C.V.",0.0,0.0,0.0,0.0,4818.0,4818.0
519778,15/04/2024,2024,4,C816,CONECTA2,C0816,CONECTA2,"AL ALCANCE DE LA MANO, S.A. DE C.V.",0.0,0.0,0.0,0.0,4739.0,4739.0
519778,15/05/2024,2024,5,C816,CONECTA2,C0816,CONECTA2,"AL ALCANCE DE LA MANO, S.A. DE C.V.",0.0,0.0,0.0,0.0,4625.0,4625.0
519778,15/06/2024,2024,6,C816,CONECTA2,C0816,CONECTA2,"AL ALCANCE DE LA MANO, S.A. DE C.V.",0.0,0.0,0.0,0.0,4426.0,4426.0
519778,15/07/2024,2024,7,C816,CONECTA2,C0816,CONECTA2,"AL ALCANCE DE LA MANO, S.A. DE C.V.",0.0,0.0,0.0,0.0,4278.0,4278.0
519778,15/08/2024,2024,8,C816,CONECTA2,C0816,CONECTA2,"AL ALCANCE DE LA MANO, S.A. DE C.V.",0.0,0.0,0.0,0.0,4274.0,4274.0
519778,15/09/2024,2024,9,C816,CONECTA2,C0816,CONECTA2,"AL ALCANCE DE LA MANO, S.A. DE C.V.",0.0,0.0,0.0,0.0,4265.0,4265.0
519778,15/10/2024,2024,10,C816,CONECTA2,C0816,CONECTA2,"AL ALCANCE DE LA MANO, S.A. DE C.V.",0.0,0.0,0.0,0.0,4213.0,4213.0
519778,15/11/2024,2024,11,C816,CONECTA2,C0816,CONECTA2,"AL ALCANCE DE LA MANO, S.A. DE C.V.",0.0,0.0,0.0,0.0,4164.0,4164.0
519778,15/12/2024,2024,12,C816,CONECTA2,C0816,CONECTA2,"AL ALCANCE DE LA MANO, S.A. DE C.V.",0.0,0.0,0.0,0.0,4072.0,4072.0
520261,15/01/2023,2023,1,C879,COOL MOBILE,C0879,COOL MOBILE,"AWAN TECHNOLOGY SERVICES, S. DE R.L. DE C.V.",0.0,0.0,0.0,0.0,15.0,15.0
520261,15/02/2023,2023,2,C879,COOL MOBILE,C0879,COOL MOBILE,"AWAN TECHNOLOGY SERVICES, S. DE R.L. DE C.V.",0.0,0.0,0.0,0.0,21.0,21.0
520261,15/03/2023,2023,3,C879,COOL MOBILE,C0879,COOL MOBILE,"AWAN TECHNOLOGY SERVICES, S. DE R.L. DE C.V.",0.0,0.0,0.0,0.0,34.0,34.0
520261,15/04/2023,2023,4,C879,COOL MOBILE,C0879,COOL MOBILE,"AWAN TECHNOLOGY SERVICES, S. DE R.L. DE C.V.",0.0,0.0,0.0,0.0,28.0,28.0
520261,15/05/2023,2023,5,C879,COOL MOBILE,C0879,COOL MOBILE,"AWAN TECHNOLOGY SERVICES, S. DE R.L. DE C.V.",0.0,0.0,0.0,0.0,26.0,26.0
520261,15/06/2023,2023,6,C879,COOL MOBILE,C0879,COOL MOBILE,"AWAN TECHNOLOGY SERVICES, S. DE R.L. DE C.V.",0.0,0.0,0.0,0.0,22.0,22.0
520261,15/07/2023,2023,7,C879,COOL MOBILE,C0879,COOL MOBILE,"AWAN TECHNOLOGY SERVICES, S. DE R.L. DE C.V.",0.0,0.0,0.0,0.0,69.0,69.0
520261,15/08/2023,2023,8,C879,COOL MOBILE,C0879,COOL MOBILE,"AWAN TECHNOLOGY SERVICES, S. DE R.L. DE C.V.",0.0,0.0,0.0,0.0,191.0,191.0
520261,15/09/2023,2023,9,C879,COOL MOBILE,C0879,COOL MOBILE,"AWAN TECHNOLOGY SERVICES, S. DE R.L. DE C.V.",0.0,0.0,0.0,0.0,233.0,233.0
520261,15/10/2023,2023,10,C879,COOL MOBILE,C0879,COOL MOBILE,"AWAN TECHNOLOGY SERVICES, S. DE R.L. DE C.V.",0.0,0.0,0.0,0.0,105.0,105.0
520261,15/11/2023,2023,11,C879,COOL MOBILE,C0879,COOL MOBILE,"AWAN TECHNOLOGY SERVICES, S. DE R.L. DE C.V.",0.0,0.0,0.0,0.0,220.0,220.0
520261,15/12/2023,2023,12,C879,COOL MOBILE,C0879,COOL MOBILE,"AWAN TECHNOLOGY SERVICES, S. DE R.L. DE C.V.",0.0,0.0,0.0,0.0,269.0,269.0
100777,15/04/2023,2023,4,C590,COSMOCABLE,C0200,COSMOCABLE,"TV CABLE DEL GUADIANA, S.A. DE C.V.",0.0,0.0,0.0,0.0,2449.0,2449.0
100777,15/05/2023,2023,5,C590,COSMOCABLE,C0200,COSMOCABLE,"TV CABLE DEL GUADIANA, S.A. DE C.V.",0.0,0.0,0.0,0.0,2568.0,2568.0
100777,15/06/2023,2023,6,C590,COSMOCABLE,C0200,COSMOCABLE,"TV CABLE DEL GUADIANA, S.A. DE C.V.",0.0,0.0,0.0,0.0,2490.0,2490.0
100777,15/07/2023,2023,7,C590,COSMOCABLE,C0200,COSMOCABLE,"TV CABLE DEL GUADIANA, S.A. DE C.V.",0.0,0.0,0.0,0.0,2465.0,2465.0
100777,15/08/2023,2023,8,C590,COSMOCABLE,C0200,COSMOCABLE,"TV CABLE DEL GUADIANA, S.A. DE C.V.",0.0,0.0,0.0,0.0,2472.0,2472.0
100777,15/09/2023,2023,9,C590,COSMOCABLE,C0200,COSMOCABLE,"TV CABLE DEL GUADIANA, S.A. DE C.V.",0.0,0.0,0.0,0.0,2391.0,2391.0
100777,15/01/2024,2024,1,C590,COSMOCABLE,C0200,COSMOCABLE,"TV CABLE DEL GUADIANA, S.A. DE C.V.",0.0,0.0,0.0,0.0,2512.0,2512.0
100777,15/02/2024,2024,2,C590,COSMOCABLE,C0200,COSMOCABLE,"TV CABLE DEL GUADIANA, S.A. DE C.V.",0.0,0.0,0.0,0.0,2439.0,2439.0
100777,15/03/2024,2024,3,C590,COSMOCABLE,C0200,COSMOCABLE,"TV CABLE DEL GUADIANA, S.A. DE C.V.",0.0,0.0,0.0,0.0,2583.0,2583.0
100777,15/04/2024,2024,4,C590,COSMOCABLE,C0200,COSMOCABLE,"TV CABLE DEL GUADIANA, S.A. DE C.V.",0.0,0.0,0.0,0.0,2520.0,2520.0
100777,15/05/2024,2024,5,C590,COSMOCABLE,C0200,COSMOCABLE,"TV CABLE DEL GUADIANA, S.A. DE C.V.",0.0,0.0,0.0,0.0,2640.0,2640.0
100777,15/06/2024,2024,6,C590,COSMOCABLE,C0200,COSMOCABLE,"TV CABLE DEL GUADIANA, S.A. DE C.V.",0.0,0.0,0.0,0.0,2426.0,2426.0
100777,15/07/2024,2024,7,C590,COSMOCABLE,C0200,COSMOCABLE,"TV CABLE DEL GUADIANA, S.A. DE C.V.",0.0,0.0,0.0,0.0,2430.0,2430.0
100777,15/08/2024,2024,8,C590,COSMOCABLE,C0200,COSMOCABLE,"TV CABLE DEL GUADIANA, S.A. DE C.V.",0.0,0.0,0.0,0.0,2409.0,2409.0
100777,15/09/2024,2024,9,C590,COSMOCABLE,C0200,COSMOCABLE,"TV CABLE DEL GUADIANA, S.A. DE C.V.",0.0,0.0,0.0,0.0,2715.0,2715.0
100777,15/10/2024,2024,10,C590,COSMOCABLE,C0200,COSMOCABLE,"TV CABLE DEL GUADIANA, S.A. DE C.V.",0.0,0.0,0.0,0.0,2212.0,2212.0
100777,15/11/2024,2024,11,C590,COSMOCABLE,C0200,COSMOCABLE,"TV CABLE DEL GUADIANA, S.A. DE C.V.",0.0,0.0,0.0,0.0,2572.0,2572.0
100777,15/12/2024,2024,12,C590,COSMOCABLE,C0200,COSMOCABLE,"TV CABLE DEL GUADIANA, S.A. DE C.V.",0.0,0.0,0.0,0.0,2558.0,2558.0
521056,15/01/2022,2022,1,C083,DALE FON,C1083,DALE FON,"DALE FON, S.A. DE C.V.",0.0,0.0,0.0,0.0,12.0,12.0
521056,15/02/2022,2022,2,C083,DALE FON,C1083,DALE FON,"DALE FON, S.A. DE C.V.",0.0,0.0,0.0,0.0,33.0,33.0
521056,15/03/2022,2022,3,C083,DALE FON,C1083,DALE FON,"DALE FON, S.A. DE C.V.",0.0,0.0,0.0,0.0,37.0,37.0
521056,15/04/2022,2022,4,C083,DALE FON,C1083,DALE FON,"DALE FON, S.A. DE C.V.",0.0,0.0,0.0,0.0,176.0,176.0
521056,15/05/2022,2022,5,C083,DALE FON,C1083,DALE FON,"DALE FON, S.A. DE C.V.",0.0,0.0,0.0,0.0,289.0,289.0
521056,15/06/2022,2022,6,C083,DALE FON,C1083,DALE FON,"DALE FON, S.A. DE C.V.",0.0,0.0,0.0,0.0,1348.0,1348.0
521056,15/07/2022,2022,7,C083,DALE FON,C1083,DALE FON,"DALE FON, S.A. DE C.V.",0.0,0.0,0.0,0.0,2725.0,2725.0
521056,15/08/2022,2022,8,C083,DALE FON,C1083,DALE FON,"DALE FON, S.A. DE C.V.",0.0,0.0,0.0,0.0,2532.0,2532.0
521056,15/09/2022,2022,9,C083,DALE FON,C1083,DALE FON,"DALE FON, S.A. DE C.V.",0.0,0.0,0.0,0.0,3171.0,3171.0
521056,15/10/2022,2022,10,C083,DALE FON,C1083,DALE FON,"DALE FON, S.A. DE C.V.",0.0,0.0,0.0,0.0,4253.0,4253.0
521056,15/11/2022,2022,11,C083,DALE FON,C1083,DALE FON,"DALE FON, S.A. DE C.V.",0.0,0.0,0.0,0.0,4928.0,4928.0
521056,15/12/2022,2022,12,C083,DALE FON,C1083,DALE FON,"DALE FON, S.A. DE C.V.",0.0,0.0,0.0,0.0,6178.0,6178.0
521056,15/01/2023,2023,1,C083,DALE FON,C1083,DALE FON,"DALE FON, S.A. DE C.V.",0.0,0.0,0.0,0.0,12.0,12.0
521056,15/02/2023,2023,2,C083,DALE FON,C1083,DALE FON,"DALE FON, S.A. DE C.V.",0.0,0.0,0.0,0.0,33.0,33.0
521056,15/03/2023,2023,3,C083,DALE FON,C1083,DALE FON,"DALE FON, S.A. DE C.V.",0.0,0.0,0.0,0.0,37.0,37.0
521056,15/04/2023,2023,4,C083,DALE FON,C1083,DALE FON,"DALE FON, S.A. DE C.V.",0.0,0.0,0.0,0.0,176.0,176.0
521056,15/05/2023,2023,5,C083,DALE FON,C1083,DALE FON,"DALE FON, S.A. DE C.V.",0.0,0.0,0.0,0.0,289.0,289.0
521056,15/06/2023,2023,6,C083,DALE FON,C1083,DALE FON,"DALE FON, S.A. DE C.V.",0.0,0.0,0.0,0.0,1348.0,1348.0
521056,15/07/2023,2023,7,C083,DALE FON,C1083,DALE FON,"DALE FON, S.A. DE C.V.",0.0,0.0,0.0,0.0,2725.0,2725.0
521056,15/08/2023,2023,8,C083,DALE FON,C1083,DALE FON,"DALE FON, S.A. DE C.V.",0.0,0.0,0.0,0.0,2532.0,2532.0
521056,15/09/2023,2023,9,C083,DALE FON,C1083,DALE FON,"DALE FON, S.A. DE C.V.",0.0,0.0,0.0,0.0,3171.0,3171.0
521056,15/10/2023,2023,10,C083,DALE FON,C1083,DALE FON,"DALE FON, S.A. DE C.V.",0.0,0.0,0.0,0.0,4253.0,4253.0
521056,15/11/2023,2023,11,C083,DALE FON,C1083,DALE FON,"DALE FON, S.A. DE C.V.",0.0,0.0,0.0,0.0,4928.0,4928.0
521056,15/12/2023,2023,12,C083,DALE FON,C1083,DALE FON,"DALE FON, S.A. DE C.V.",0.0,0.0,0.0,0.0,6178.0,6178.0
517149,15/11/2020,2020,11,C730,EDILAR,C0730,EDILAR,"EDILAR, S.A. DE C.V.",0.0,0.0,0.0,0.0,215.0,215.0
517149,15/12/2020,2020,12,C730,EDILAR,C0730,EDILAR,"EDILAR, S.A. DE C.V.",0.0,0.0,0.0,0.0,219.0,219.0
517149,15/01/2021,2021,1,C730,EDILAR,C0730,EDILAR,"EDILAR, S.A. DE C.V.",0.0,0.0,0.0,0.0,23.0,23.0
517149,15/02/2021,2021,2,C730,EDILAR,C0730,EDILAR,"EDILAR, S.A. DE C.V.",0.0,0.0,0.0,0.0,27.0,27.0
517149,15/03/2021,2021,3,C730,EDILAR,C0730,EDILAR,"EDILAR, S.A. DE C.V.",0.0,0.0,0.0,0.0,32.0,32.0
517149,15/04/2021,2021,4,C730,EDILAR,C0730,EDILAR,"EDILAR, S.A. DE C.V.",0.0,0.0,0.0,0.0,21.0,21.0
517149,15/05/2021,2021,5,C730,EDILAR,C0730,EDILAR,"EDILAR, S.A. DE C.V.",0.0,0.0,0.0,0.0,48.0,48.0
517149,15/06/2021,2021,6,C730,EDILAR,C0730,EDILAR,"EDILAR, S.A. DE C.V.",0.0,0.0,0.0,0.0,46.0,46.0
517149,15/07/2021,2021,7,C730,EDILAR,C0730,EDILAR,"EDILAR, S.A. DE C.V.",0.0,0.0,0.0,0.0,43.0,43.0
517149,15/08/2021,2021,8,C730,EDILAR,C0730,EDILAR,"EDILAR, S.A. DE C.V.",0.0,0.0,0.0,0.0,44.0,44.0
517149,15/09/2021,2021,9,C730,EDILAR,C0730,EDILAR,"EDILAR, S.A. DE C.V.",0.0,0.0,0.0,0.0,46.0,46.0
517149,15/10/2021,2021,10,C730,EDILAR,C0730,EDILAR,"EDILAR, S.A. DE C.V.",0.0,0.0,0.0,0.0,34.0,34.0
517149,15/11/2021,2021,11,C730,EDILAR,C0730,EDILAR,"EDILAR, S.A. DE C.V.",0.0,0.0,0.0,0.0,32.0,32.0
517149,15/12/2021,2021,12,C730,EDILAR,C0730,EDILAR,"EDILAR, S.A. DE C.V.",0.0,0.0,0.0,0.0,27.0,27.0
517149,15/01/2023,2023,1,C730,EDILAR,C0730,EDILAR,"EDILAR, S.A. DE C.V.",0.0,0.0,0.0,0.0,54394.0,54394.0
517149,15/02/2023,2023,2,C730,EDILAR,C0730,EDILAR,"EDILAR, S.A. DE C.V.",0.0,0.0,0.0,0.0,56797.0,56797.0
517149,15/03/2023,2023,3,C730,EDILAR,C0730,EDILAR,"EDILAR, S.A. DE C.V.",0.0,0.0,0.0,0.0,58717.0,58717.0
517149,15/04/2023,2023,4,C730,EDILAR,C0730,EDILAR,"EDILAR, S.A. DE C.V.",0.0,0.0,0.0,0.0,19389.0,19389.0
517149,15/05/2023,2023,5,C730,EDILAR,C0730,EDILAR,"EDILAR, S.A. DE C.V.",0.0,0.0,0.0,0.0,13473.0,13473.0
517149,15/06/2023,2023,6,C730,EDILAR,C0730,EDILAR,"EDILAR, S.A. DE C.V.",0.0,0.0,0.0,0.0,5674.0,5674.0
517149,15/07/2023,2023,7,C730,EDILAR,C0730,EDILAR,"EDILAR, S.A. DE C.V.",0.0,0.0,0.0,0.0,71345.0,71345.0
517149,15/08/2023,2023,8,C730,EDILAR,C0730,EDILAR,"EDILAR, S.A. DE C.V.",0.0,0.0,0.0,0.0,58936.0,58936.0
517149,15/09/2023,2023,9,C730,EDILAR,C0730,EDILAR,"EDILAR, S.A. DE C.V.",0.0,0.0,0.0,0.0,59336.0,59336.0
517149,15/10/2023,2023,10,C730,EDILAR,C0730,EDILAR,"EDILAR, S.A. DE C.V.",0.0,0.0,0.0,0.0,59431.0,59431.0
517149,15/11/2023,2023,11,C730,EDILAR,C0730,EDILAR,"EDILAR, S.A. DE C.V.",0.0,0.0,0.0,0.0,59806.0,59806.0
517149,15/12/2023,2023,12,C730,EDILAR,C0730,EDILAR,"EDILAR, S.A. DE C.V.",0.0,0.0,0.0,0.0,60006.0,60006.0
517149,15/01/2024,2024,1,C730,EDILAR,C0730,EDILAR,"EDILAR, S.A. DE C.V.",0.0,0.0,0.0,0.0,62560.0,62560.0
517149,15/02/2024,2024,2,C730,EDILAR,C0730,EDILAR,"EDILAR, S.A. DE C.V.",0.0,0.0,0.0,0.0,66235.0,66235.0
517149,15/03/2024,2024,3,C730,EDILAR,C0730,EDILAR,"EDILAR, S.A. DE C.V.",0.0,0.0,0.0,0.0,67118.0,67118.0
517149,15/04/2024,2024,4,C730,EDILAR,C0730,EDILAR,"EDILAR, S.A. DE C.V.",0.0,0.0,0.0,0.0,73127.0,73127.0
517149,15/05/2024,2024,5,C730,EDILAR,C0730,EDILAR,"EDILAR, S.A. DE C.V.",0.0,0.0,0.0,0.0,73892.0,73892.0
517149,15/06/2024,2024,6,C730,EDILAR,C0730,EDILAR,"EDILAR, S.A. DE C.V.",0.0,0.0,0.0,0.0,72409.0,72409.0
517149,15/07/2024,2024,7,C730,EDILAR,C0730,EDILAR,"EDILAR, S.A. DE C.V.",0.0,0.0,0.0,0.0,71240.0,71240.0
517149,15/08/2024,2024,8,C730,EDILAR,C0730,EDILAR,"EDILAR, S.A. DE C.V.",0.0,0.0,0.0,0.0,70057.0,70057.0
517149,15/09/2024,2024,9,C730,EDILAR,C0730,EDILAR,"EDILAR, S.A. DE C.V.",0.0,0.0,0.0,0.0,69305.0,69305.0
517149,15/10/2024,2024,10,C730,EDILAR,C0730,EDILAR,"EDILAR, S.A. DE C.V.",0.0,0.0,0.0,0.0,68726.0,68726.0
517149,15/11/2024,2024,11,C730,EDILAR,C0730,EDILAR,"EDILAR, S.A. DE C.V.",0.0,0.0,0.0,0.0,68745.0,68745.0
517149,15/12/2024,2024,12,C730,EDILAR,C0730,EDILAR,"EDILAR, S.A. DE C.V.",0.0,0.0,0.0,0.0,69154.0,69154.0
516708,15/08/2020,2020,8,C739,ESMERO SOLUTIONS,C0739,ESMERO SOLUTIONS,"ESMERO SOLUTIONS MÉXICO, S.A. DE C.V.",0.0,0.0,0.0,0.0,1.0,1.0
516708,15/09/2020,2020,9,C739,ESMERO SOLUTIONS,C0739,ESMERO SOLUTIONS,"ESMERO SOLUTIONS MÉXICO, S.A. DE C.V.",0.0,0.0,0.0,0.0,22.0,22.0
516708,15/10/2020,2020,10,C739,ESMERO SOLUTIONS,C0739,ESMERO SOLUTIONS,"ESMERO SOLUTIONS MÉXICO, S.A. DE C.V.",0.0,0.0,0.0,0.0,24.0,24.0
516708,15/11/2020,2020,11,C739,ESMERO SOLUTIONS,C0739,ESMERO SOLUTIONS,"ESMERO SOLUTIONS MÉXICO, S.A. DE C.V.",0.0,0.0,0.0,0.0,23.0,23.0
516708,15/12/2020,2020,12,C739,ESMERO SOLUTIONS,C0739,ESMERO SOLUTIONS,"ESMERO SOLUTIONS MÉXICO, S.A. DE C.V.",0.0,0.0,0.0,0.0,23.0,23.0
107353,15/10/2016,2016,10,C704,FLASH MOBILE,C0704,FLASH MOBILE,"LOGISTICA ACN MEXICO, S. DE R.L. DE C.V.",4387.0,0.0,0.0,0.0,,4387.0
107353,15/11/2016,2016,11,C704,FLASH MOBILE,C0704,FLASH MOBILE,"LOGISTICA ACN MEXICO, S. DE R.L. DE C.V.",33594.0,0.0,0.0,0.0,,33594.0
107353,15/12/2016,2016,12,C704,FLASH MOBILE,C0704,FLASH MOBILE,"LOGISTICA ACN MEXICO, S. DE R.L. DE C.V.",51014.0,0.0,0.0,0.0,,51014.0
107353,15/01/2017,2017,1,C704,FLASH MOBILE,C0704,FLASH MOBILE,"LOGISTICA ACN MEXICO, S. DE R.L. DE C.V.",43967.0,0.0,0.0,0.0,,43967.0
107353,15/02/2017,2017,2,C704,FLASH MOBILE,C0704,FLASH MOBILE,"LOGISTICA ACN MEXICO, S. DE R.L. DE C.V.",54396.0,0.0,0.0,0.0,,54396.0
107353,15/03/2017,2017,3,C704,FLASH MOBILE,C0704,FLASH MOBILE,"LOGISTICA ACN MEXICO, S. DE R.L. DE C.V.",64123.0,0.0,0.0,0.0,,64123.0
107353,15/04/2017,2017,4,C704,FLASH MOBILE,C0704,FLASH MOBILE,"LOGISTICA ACN MEXICO, S. DE R.L. DE C.V.",90873.0,0.0,0.0,0.0,,90873.0
107353,15/05/2017,2017,5,C704,FLASH MOBILE,C0704,FLASH MOBILE,"LOGISTICA ACN MEXICO, S. DE R.L. DE C.V.",109549.0,0.0,0.0,0.0,,109549.0
107353,15/06/2017,2017,6,C704,FLASH MOBILE,C0704,FLASH MOBILE,"LOGISTICA ACN MEXICO, S. DE R.L. DE C.V.",131272.0,0.0,0.0,0.0,,131272.0
107353,15/07/2017,2017,7,C704,FLASH MOBILE,C0704,FLASH MOBILE,"LOGISTICA ACN MEXICO, S. DE R.L. DE C.V.",151009.0,0.0,0.0,0.0,,151009.0
107353,15/08/2017,2017,8,C704,FLASH MOBILE,C0704,FLASH MOBILE,"LOGISTICA ACN MEXICO, S. DE R.L. DE C.V.",163339.0,0.0,0.0,0.0,,163339.0
107353,15/09/2017,2017,9,C704,FLASH MOBILE,C0704,FLASH MOBILE,"LOGISTICA ACN MEXICO, S. DE R.L. DE C.V.",172767.0,0.0,0.0,0.0,,172767.0
107353,15/10/2017,2017,10,C704,FLASH MOBILE,C0704,FLASH MOBILE,"LOGISTICA ACN MEXICO, S. DE R.L. DE C.V.",178303.0,0.0,0.0,0.0,,178303.0
107353,15/11/2017,2017,11,C704,FLASH MOBILE,C0704,FLASH MOBILE,"LOGISTICA ACN MEXICO, S. DE R.L. DE C.V.",139649.0,0.0,0.0,0.0,,139649.0
107353,15/12/2017,2017,12,C704,FLASH MOBILE,C0704,FLASH MOBILE,"LOGISTICA ACN MEXICO, S. DE R.L. DE C.V.",136147.0,0.0,0.0,0.0,,136147.0
107353,15/01/2018,2018,1,C704,FLASH MOBILE,C0704,FLASH MOBILE,"LOGISTICA ACN MEXICO, S. DE R.L. DE C.V.",151935.0,0.0,0.0,0.0,,151935.0
107353,15/02/2018,2018,2,C704,FLASH MOBILE,C0704,FLASH MOBILE,"LOGISTICA ACN MEXICO, S. DE R.L. DE C.V.",162699.0,0.0,0.0,0.0,,162699.0
107353,15/03/2018,2018,3,C704,FLASH MOBILE,C0704,FLASH MOBILE,"LOGISTICA ACN MEXICO, S. DE R.L. DE C.V.",168019.0,0.0,0.0,0.0,,168019.0
107353,15/04/2018,2018,4,C704,FLASH MOBILE,C0704,FLASH MOBILE,"LOGISTICA ACN MEXICO, S. DE R.L. DE C.V.",178337.0,0.0,0.0,0.0,,178337.0
107353,15/05/2018,2018,5,C704,FLASH MOBILE,C0704,FLASH MOBILE,"LOGISTICA ACN MEXICO, S. DE R.L. DE C.V.",177760.0,0.0,0.0,0.0,,177760.0
107353,15/06/2018,2018,6,C704,FLASH MOBILE,C0704,FLASH MOBILE,"LOGISTICA ACN MEXICO, S. DE R.L. DE C.V.",171678.0,0.0,0.0,0.0,,171678.0
107353,15/07/2018,2018,7,C704,FLASH MOBILE,C0704,FLASH MOBILE,"LOGISTICA ACN MEXICO, S. DE R.L. DE C.V.",166124.0,0.0,0.0,0.0,,166124.0
107353,15/08/2018,2018,8,C704,FLASH MOBILE,C0704,FLASH MOBILE,"LOGISTICA ACN MEXICO, S. DE R.L. DE C.V.",166021.0,0.0,0.0,0.0,,166021.0
107353,15/09/2018,2018,9,C704,FLASH MOBILE,C0704,FLASH MOBILE,"LOGISTICA ACN MEXICO, S. DE R.L. DE C.V.",173080.0,0.0,0.0,0.0,,173080.0
107353,15/10/2018,2018,10,C704,FLASH MOBILE,C0704,FLASH MOBILE,"LOGISTICA ACN MEXICO, S. DE R.L. DE C.V.",152818.0,0.0,0.0,0.0,,152818.0
107353,15/11/2018,2018,11,C704,FLASH MOBILE,C0704,FLASH MOBILE,"LOGISTICA ACN MEXICO, S. DE R.L. DE C.V.",149968.0,0.0,0.0,0.0,,149968.0
107353,15/12/2018,2018,12,C704,FLASH MOBILE,C0704,FLASH MOBILE,"LOGISTICA ACN MEXICO, S. DE R.L. DE C.V.",149368.0,0.0,0.0,0.0,,149368.0
107353,15/01/2019,2019,1,C704,FLASH MOBILE,C0704,FLASH MOBILE,"LOGISTICA ACN MEXICO, S. DE R.L. DE C.V.",136811.0,0.0,0.0,0.0,,136811.0
107353,15/02/2019,2019,2,C704,FLASH MOBILE,C0704,FLASH MOBILE,"LOGISTICA ACN MEXICO, S. DE R.L. DE C.V.",132639.0,0.0,0.0,0.0,,132639.0
107353,15/03/2019,2019,3,C704,FLASH MOBILE,C0704,FLASH MOBILE,"LOGISTICA ACN MEXICO, S. DE R.L. DE C.V.",124100.0,0.0,0.0,0.0,,124100.0
107353,15/04/2019,2019,4,C704,FLASH MOBILE,C0704,FLASH MOBILE,"LOGISTICA ACN MEXICO, S. DE R.L. DE C.V.",123455.0,0.0,0.0,0.0,,123455.0
107353,15/05/2019,2019,5,C704,FLASH MOBILE,C0704,FLASH MOBILE,"LOGISTICA ACN MEXICO, S. DE R.L. DE C.V.",122465.0,0.0,0.0,0.0,,122465.0
107353,15/06/2019,2019,6,C704,FLASH MOBILE,C0704,FLASH MOBILE,"LOGISTICA ACN MEXICO, S. DE R.L. DE C.V.",121451.0,0.0,0.0,0.0,,121451.0
107353,15/07/2019,2019,7,C704,FLASH MOBILE,C0704,FLASH MOBILE,"LOGISTICA ACN MEXICO, S. DE R.L. DE C.V.",119914.0,0.0,0.0,0.0,,119914.0
107353,15/08/2019,2019,8,C704,FLASH MOBILE,C0704,FLASH MOBILE,"LOGISTICA ACN MEXICO, S. DE R.L. DE C.V.",118423.0,0.0,0.0,0.0,,118423.0
107353,15/09/2019,2019,9,C704,FLASH MOBILE,C0704,FLASH MOBILE,"LOGISTICA ACN MEXICO, S. DE R.L. DE C.V.",120575.0,0.0,0.0,0.0,,120575.0
107353,15/10/2019,2019,10,C704,FLASH MOBILE,C0704,FLASH MOBILE,"LOGISTICA ACN MEXICO, S. DE R.L. DE C.V.",122166.0,0.0,0.0,0.0,,122166.0
107353,15/11/2019,2019,11,C704,FLASH MOBILE,C0704,FLASH MOBILE,"LOGISTICA ACN MEXICO, S. DE R.L. DE C.V.",122728.0,0.0,0.0,0.0,,122728.0
107353,15/12/2019,2019,12,C704,FLASH MOBILE,C0704,FLASH MOBILE,"LOGISTICA ACN MEXICO, S. DE R.L. DE C.V.",122211.0,0.0,0.0,0.0,,122211.0
107353,15/01/2020,2020,1,C704,FLASH MOBILE,C0704,FLASH MOBILE,"LOGISTICA ACN MEXICO, S. DE R.L. DE C.V.",121904.0,0.0,0.0,0.0,,121904.0
107353,15/02/2020,2020,2,C704,FLASH MOBILE,C0704,FLASH MOBILE,"LOGISTICA ACN MEXICO, S. DE R.L. DE C.V.",122098.0,0.0,0.0,0.0,,122098.0
107353,15/03/2020,2020,3,C704,FLASH MOBILE,C0704,FLASH MOBILE,"LOGISTICA ACN MEXICO, S. DE R.L. DE C.V.",122581.0,0.0,0.0,0.0,,122581.0
107353,15/04/2020,2020,4,C704,FLASH MOBILE,C0704,FLASH MOBILE,"LOGISTICA ACN MEXICO, S. DE R.L. DE C.V.",123126.0,0.0,0.0,0.0,,123126.0
107353,15/05/2020,2020,5,C704,FLASH MOBILE,C0704,FLASH MOBILE,"LOGISTICA ACN MEXICO, S. DE R.L. DE C.V.",123653.0,0.0,0.0,0.0,,123653.0
107353,15/06/2020,2020,6,C704,FLASH MOBILE,C0704,FLASH MOBILE,"LOGISTICA ACN MEXICO, S. DE R.L. DE C.V.",124110.0,0.0,0.0,0.0,,124110.0
107353,15/07/2020,2020,7,C704,FLASH MOBILE,C0704,FLASH MOBILE,"LOGISTICA ACN MEXICO, S. DE R.L. DE C.V.",124030.0,0.0,0.0,0.0,,124030.0
107353,15/08/2020,2020,8,C704,FLASH MOBILE,C0704,FLASH MOBILE,"LOGISTICA ACN MEXICO, S. DE R.L. DE C.V.",124116.0,0.0,0.0,0.0,,124116.0
107353,15/09/2020,2020,9,C704,FLASH MOBILE,C0704,FLASH MOBILE,"LOGISTICA ACN MEXICO, S. DE R.L. DE C.V.",124158.0,0.0,0.0,0.0,,124158.0
107353,15/10/2020,2020,10,C704,FLASH MOBILE,C0704,FLASH MOBILE,"LOGISTICA ACN MEXICO, S. DE R.L. DE C.V.",123618.0,0.0,0.0,0.0,,123618.0
107353,15/11/2020,2020,11,C704,FLASH MOBILE,C0704,FLASH MOBILE,"LOGISTICA ACN MEXICO, S. DE R.L. DE C.V.",124223.0,0.0,0.0,0.0,,124223.0
107353,15/12/2020,2020,12,C704,FLASH MOBILE,C0704,FLASH MOBILE,"LOGISTICA ACN MEXICO, S. DE R.L. DE C.V.",124521.0,0.0,0.0,0.0,,124521.0
107353,15/01/2021,2021,1,C704,FLASH MOBILE,C0704,FLASH MOBILE,"LOGISTICA ACN MEXICO, S. DE R.L. DE C.V.",0.0,0.0,0.0,0.0,173496.0,173496.0
107353,15/02/2021,2021,2,C704,FLASH MOBILE,C0704,FLASH MOBILE,"LOGISTICA ACN MEXICO, S. DE R.L. DE C.V.",0.0,0.0,0.0,0.0,175701.0,175701.0
107353,15/03/2021,2021,3,C704,FLASH MOBILE,C0704,FLASH MOBILE,"LOGISTICA ACN MEXICO, S. DE R.L. DE C.V.",0.0,0.0,0.0,0.0,176942.0,176942.0
107353,15/04/2021,2021,4,C704,FLASH MOBILE,C0704,FLASH MOBILE,"LOGISTICA ACN MEXICO, S. DE R.L. DE C.V.",0.0,0.0,0.0,0.0,177667.0,177667.0
107353,15/05/2021,2021,5,C704,FLASH MOBILE,C0704,FLASH MOBILE,"LOGISTICA ACN MEXICO, S. DE R.L. DE C.V.",0.0,0.0,0.0,0.0,178899.0,178899.0
107353,15/06/2021,2021,6,C704,FLASH MOBILE,C0704,FLASH MOBILE,"LOGISTICA ACN MEXICO, S. DE R.L. DE C.V.",0.0,0.0,0.0,0.0,179953.0,179953.0
107353,15/07/2021,2021,7,C704,FLASH MOBILE,C0704,FLASH MOBILE,"LOGISTICA ACN MEXICO, S. DE R.L. DE C.V.",0.0,0.0,0.0,0.0,181142.0,181142.0
107353,15/08/2021,2021,8,C704,FLASH MOBILE,C0704,FLASH MOBILE,"LOGISTICA ACN MEXICO, S. DE R.L. DE C.V.",0.0,0.0,0.0,0.0,181775.0,181775.0
107353,15/09/2021,2021,9,C704,FLASH MOBILE,C0704,FLASH MOBILE,"LOGISTICA ACN MEXICO, S. DE R.L. DE C.V.",0.0,0.0,0.0,0.0,183140.0,183140.0
107353,15/10/2021,2021,10,C704,FLASH MOBILE,C0704,FLASH MOBILE,"LOGISTICA ACN MEXICO, S. DE R.L. DE C.V.",0.0,0.0,0.0,0.0,184889.0,184889.0
107353,15/11/2021,2021,11,C704,FLASH MOBILE,C0704,FLASH MOBILE,"LOGISTICA ACN MEXICO, S. DE R.L. DE C.V.",0.0,0.0,0.0,0.0,186784.0,186784.0
107353,15/12/2021,2021,12,C704,FLASH MOBILE,C0704,FLASH MOBILE,"LOGISTICA ACN MEXICO, S. DE R.L. DE C.V.",0.0,0.0,0.0,0.0,188191.0,188191.0
107353,15/01/2022,2022,1,C704,FLASH MOBILE,C0704,FLASH MOBILE,"LOGISTICA ACN MEXICO, S. DE R.L. DE C.V.",0.0,0.0,0.0,0.0,188640.0,188640.0
107353,15/02/2022,2022,2,C704,FLASH MOBILE,C0704,FLASH MOBILE,"LOGISTICA ACN MEXICO, S. DE R.L. DE C.V.",0.0,0.0,0.0,0.0,189438.0,189438.0
107353,15/03/2022,2022,3,C704,FLASH MOBILE,C0704,FLASH MOBILE,"LOGISTICA ACN MEXICO, S. DE R.L. DE C.V.",0.0,0.0,0.0,0.0,191054.0,191054.0
107353,15/04/2022,2022,4,C704,FLASH MOBILE,C0704,FLASH MOBILE,"LOGISTICA ACN MEXICO, S. DE R.L. DE C.V.",0.0,0.0,0.0,0.0,192021.0,192021.0
107353,15/05/2022,2022,5,C704,FLASH MOBILE,C0704,FLASH MOBILE,"LOGISTICA ACN MEXICO, S. DE R.L. DE C.V.",0.0,0.0,0.0,0.0,193085.0,193085.0
107353,15/06/2022,2022,6,C704,FLASH MOBILE,C0704,FLASH MOBILE,"LOGISTICA ACN MEXICO, S. DE R.L. DE C.V.",0.0,0.0,0.0,0.0,194125.0,194125.0
107353,15/07/2022,2022,7,C704,FLASH MOBILE,C0704,FLASH MOBILE,"LOGISTICA ACN MEXICO, S. DE R.L. DE C.V.",0.0,0.0,0.0,0.0,195587.0,195587.0
107353,15/08/2022,2022,8,C704,FLASH MOBILE,C0704,FLASH MOBILE,"LOGISTICA ACN MEXICO, S. DE R.L. DE C.V.",0.0,0.0,0.0,0.0,196385.0,196385.0
107353,15/09/2022,2022,9,C704,FLASH MOBILE,C0704,FLASH MOBILE,"LOGISTICA ACN MEXICO, S. DE R.L. DE C.V.",0.0,0.0,0.0,0.0,168335.0,168335.0
107353,15/10/2022,2022,10,C704,FLASH MOBILE,C0704,FLASH MOBILE,"LOGISTICA ACN MEXICO, S. DE R.L. DE C.V.",0.0,0.0,0.0,0.0,164312.0,164312.0
107353,15/11/2022,2022,11,C704,FLASH MOBILE,C0704,FLASH MOBILE,"LOGISTICA ACN MEXICO, S. DE R.L. DE C.V.",0.0,0.0,0.0,0.0,164584.0,164584.0
107353,15/12/2022,2022,12,C704,FLASH MOBILE,C0704,FLASH MOBILE,"LOGISTICA ACN MEXICO, S. DE R.L. DE C.V.",0.0,0.0,0.0,0.0,164764.0,164764.0
107353,15/01/2023,2023,1,C704,FLASH MOBILE,C0704,FLASH MOBILE,"LOGISTICA ACN MEXICO, S. DE R.L. DE C.V.",0.0,0.0,0.0,0.0,164928.0,164928.0
107353,15/02/2023,2023,2,C704,FLASH MOBILE,C0704,FLASH MOBILE,"LOGISTICA ACN MEXICO, S. DE R.L. DE C.V.",0.0,0.0,0.0,0.0,164976.0,164976.0
107353,15/03/2023,2023,3,C704,FLASH MOBILE,C0704,FLASH MOBILE,"LOGISTICA ACN MEXICO, S. DE R.L. DE C.V.",0.0,0.0,0.0,0.0,165313.0,165313.0
107353,15/04/2023,2023,4,C704,FLASH MOBILE,C0704,FLASH MOBILE,"LOGISTICA ACN MEXICO, S. DE R.L. DE C.V.",0.0,0.0,0.0,0.0,165626.0,165626.0
107353,15/05/2023,2023,5,C704,FLASH MOBILE,C0704,FLASH MOBILE,"LOGISTICA ACN MEXICO, S. DE R.L. DE C.V.",0.0,0.0,0.0,0.0,165979.0,165979.0
107353,15/06/2023,2023,6,C704,FLASH MOBILE,C0704,FLASH MOBILE,"LOGISTICA ACN MEXICO, S. DE R.L. DE C.V.",0.0,0.0,0.0,0.0,166219.0,166219.0
107353,15/07/2023,2023,7,C704,FLASH MOBILE,C0704,FLASH MOBILE,"LOGISTICA ACN MEXICO, S. DE R.L. DE C.V.",0.0,0.0,0.0,0.0,166278.0,166278.0
107353,15/08/2023,2023,8,C704,FLASH MOBILE,C0704,FLASH MOBILE,"LOGISTICA ACN MEXICO, S. DE R.L. DE C.V.",0.0,0.0,0.0,0.0,167010.0,167010.0
107353,15/09/2023,2023,9,C704,FLASH MOBILE,C0704,FLASH MOBILE,"LOGISTICA ACN MEXICO, S. DE R.L. DE C.V.",0.0,0.0,0.0,0.0,167208.0,167208.0
107353,15/10/2023,2023,10,C704,FLASH MOBILE,C0704,FLASH MOBILE,"LOGISTICA ACN MEXICO, S. DE R.L. DE C.V.",0.0,0.0,0.0,0.0,166679.0,166679.0
107353,15/11/2023,2023,11,C704,FLASH MOBILE,C0704,FLASH MOBILE,"LOGISTICA ACN MEXICO, S. DE R.L. DE C.V.",0.0,0.0,0.0,0.0,165510.0,165510.0
107353,15/12/2023,2023,12,C704,FLASH MOBILE,C0704,FLASH MOBILE,"LOGISTICA ACN MEXICO, S. DE R.L. DE C.V.",0.0,0.0,0.0,0.0,165690.0,165690.0
107353,15/01/2024,2024,1,C704,FLASH MOBILE,C0704,FLASH MOBILE,"LOGISTICA ACN MEXICO, S. DE R.L. DE C.V.",0.0,0.0,0.0,0.0,166012.0,166012.0
107353,15/02/2024,2024,2,C704,FLASH MOBILE,C0704,FLASH MOBILE,"LOGISTICA ACN MEXICO, S. DE R.L. DE C.V.",0.0,0.0,0.0,0.0,166164.0,166164.0
107353,15/03/2024,2024,3,C704,FLASH MOBILE,C0704,FLASH MOBILE,"LOGISTICA ACN MEXICO, S. DE R.L. DE C.V.",0.0,0.0,0.0,0.0,166388.0,166388.0
107353,15/04/2024,2024,4,C704,FLASH MOBILE,C0704,FLASH MOBILE,"LOGISTICA ACN MEXICO, S. DE R.L. DE C.V.",0.0,0.0,0.0,0.0,166659.0,166659.0
107353,15/05/2024,2024,5,C704,FLASH MOBILE,C0704,FLASH MOBILE,"LOGISTICA ACN MEXICO, S. DE R.L. DE C.V.",0.0,0.0,0.0,0.0,166974.0,166974.0
107353,15/06/2024,2024,6,C704,FLASH MOBILE,C0704,FLASH MOBILE,"LOGISTICA ACN MEXICO, S. DE R.L. DE C.V.",0.0,0.0,0.0,0.0,102124.0,102124.0
107353,15/07/2024,2024,7,C704,FLASH MOBILE,C0704,FLASH MOBILE,"LOGISTICA ACN MEXICO, S. DE R.L. DE C.V.",0.0,0.0,0.0,0.0,92306.0,92306.0
107353,15/08/2024,2024,8,C704,FLASH MOBILE,C0704,FLASH MOBILE,"LOGISTICA ACN MEXICO, S. DE R.L. DE C.V.",0.0,0.0,0.0,0.0,79822.0,79822.0
107353,15/09/2024,2024,9,C704,FLASH MOBILE,C0704,FLASH MOBILE,"LOGISTICA ACN MEXICO, S. DE R.L. DE C.V.",0.0,0.0,0.0,0.0,79462.0,79462.0
509193,15/07/2017,2017,7,C709,FREEDOMPOP,C0709,FREEDOMPOP,"FREEDOMPOP MEXICO, S.A. DE C.V.",10099.0,0.0,0.0,0.0,,10099.0
509193,15/08/2017,2017,8,C709,FREEDOMPOP,C0709,FREEDOMPOP,"FREEDOMPOP MEXICO, S.A. DE C.V.",19672.0,0.0,0.0,0.0,,19672.0
509193,15/09/2017,2017,9,C709,FREEDOMPOP,C0709,FREEDOMPOP,"FREEDOMPOP MEXICO, S.A. DE C.V.",24778.0,0.0,0.0,0.0,,24778.0
509193,15/10/2017,2017,10,C709,FREEDOMPOP,C0709,FREEDOMPOP,"FREEDOMPOP MEXICO, S.A. DE C.V.",104422.0,0.0,0.0,0.0,,104422.0
509193,15/11/2017,2017,11,C709,FREEDOMPOP,C0709,FREEDOMPOP,"FREEDOMPOP MEXICO, S.A. DE C.V.",150698.0,0.0,0.0,0.0,,150698.0
509193,15/12/2017,2017,12,C709,FREEDOMPOP,C0709,FREEDOMPOP,"FREEDOMPOP MEXICO, S.A. DE C.V.",206288.0,0.0,0.0,0.0,,206288.0
509193,15/01/2018,2018,1,C709,FREEDOMPOP,C0709,FREEDOMPOP,"FREEDOMPOP MEXICO, S.A. DE C.V.",232222.0,0.0,0.0,0.0,,232222.0
509193,15/02/2018,2018,2,C709,FREEDOMPOP,C0709,FREEDOMPOP,"FREEDOMPOP MEXICO, S.A. DE C.V.",271407.0,0.0,0.0,0.0,,271407.0
509193,15/03/2018,2018,3,C709,FREEDOMPOP,C0709,FREEDOMPOP,"FREEDOMPOP MEXICO, S.A. DE C.V.",328265.0,0.0,0.0,0.0,,328265.0
509193,15/04/2018,2018,4,C709,FREEDOMPOP,C0709,FREEDOMPOP,"FREEDOMPOP MEXICO, S.A. DE C.V.",331548.0,0.0,0.0,0.0,,331548.0
509193,15/05/2018,2018,5,C709,FREEDOMPOP,C0709,FREEDOMPOP,"FREEDOMPOP MEXICO, S.A. DE C.V.",331581.0,0.0,0.0,0.0,,331581.0
509193,15/06/2018,2018,6,C709,FREEDOMPOP,C0709,FREEDOMPOP,"FREEDOMPOP MEXICO, S.A. DE C.V.",330950.0,0.0,0.0,0.0,,330950.0
509193,15/07/2018,2018,7,C709,FREEDOMPOP,C0709,FREEDOMPOP,"FREEDOMPOP MEXICO, S.A. DE C.V.",345506.0,0.0,0.0,0.0,,345506.0
509193,15/08/2018,2018,8,C709,FREEDOMPOP,C0709,FREEDOMPOP,"FREEDOMPOP MEXICO, S.A. DE C.V.",355210.0,0.0,0.0,0.0,,355210.0
509193,15/09/2018,2018,9,C709,FREEDOMPOP,C0709,FREEDOMPOP,"FREEDOMPOP MEXICO, S.A. DE C.V.",395937.0,0.0,0.0,0.0,,395937.0
509193,15/10/2018,2018,10,C709,FREEDOMPOP,C0709,FREEDOMPOP,"FREEDOMPOP MEXICO, S.A. DE C.V.",401609.0,0.0,0.0,0.0,,401609.0
509193,15/11/2018,2018,11,C709,FREEDOMPOP,C0709,FREEDOMPOP,"FREEDOMPOP MEXICO, S.A. DE C.V.",508847.0,0.0,0.0,0.0,,508847.0
509193,15/12/2018,2018,12,C709,FREEDOMPOP,C0709,FREEDOMPOP,"FREEDOMPOP MEXICO, S.A. DE C.V.",566585.0,0.0,0.0,0.0,,566585.0
509193,15/01/2019,2019,1,C709,FREEDOMPOP,C0709,FREEDOMPOP,"FREEDOMPOP MEXICO, S.A. DE C.V.",567536.0,0.0,0.0,0.0,,567536.0
509193,15/02/2019,2019,2,C709,FREEDOMPOP,C0709,FREEDOMPOP,"FREEDOMPOP MEXICO, S.A. DE C.V.",559316.0,0.0,0.0,0.0,,559316.0
509193,15/03/2019,2019,3,C709,FREEDOMPOP,C0709,FREEDOMPOP,"FREEDOMPOP MEXICO, S.A. DE C.V.",443743.0,0.0,0.0,0.0,,443743.0
509193,15/04/2019,2019,4,C709,FREEDOMPOP,C0709,FREEDOMPOP,"FREEDOMPOP MEXICO, S.A. DE C.V.",445989.0,0.0,0.0,0.0,,445989.0
509193,15/05/2019,2019,5,C709,FREEDOMPOP,C0709,FREEDOMPOP,"FREEDOMPOP MEXICO, S.A. DE C.V.",447089.0,0.0,0.0,0.0,,447089.0
509193,15/06/2019,2019,6,C709,FREEDOMPOP,C0709,FREEDOMPOP,"FREEDOMPOP MEXICO, S.A. DE C.V.",449216.0,0.0,0.0,0.0,,449216.0
509193,15/07/2019,2019,7,C709,FREEDOMPOP,C0709,FREEDOMPOP,"FREEDOMPOP MEXICO, S.A. DE C.V.",457127.0,0.0,0.0,0.0,,457127.0
509193,15/08/2019,2019,8,C709,FREEDOMPOP,C0709,FREEDOMPOP,"FREEDOMPOP MEXICO, S.A. DE C.V.",513671.0,0.0,0.0,0.0,,513671.0
509193,15/09/2019,2019,9,C709,FREEDOMPOP,C0709,FREEDOMPOP,"FREEDOMPOP MEXICO, S.A. DE C.V.",595211.0,0.0,0.0,0.0,,595211.0
509193,15/10/2019,2019,10,C709,FREEDOMPOP,C0709,FREEDOMPOP,"FREEDOMPOP MEXICO, S.A. DE C.V.",658029.0,0.0,0.0,0.0,,658029.0
509193,15/11/2019,2019,11,C709,FREEDOMPOP,C0709,FREEDOMPOP,"FREEDOMPOP MEXICO, S.A. DE C.V.",687758.0,0.0,0.0,0.0,,687758.0
509193,15/12/2019,2019,12,C709,FREEDOMPOP,C0709,FREEDOMPOP,"FREEDOMPOP MEXICO, S.A. DE C.V.",707095.0,0.0,0.0,0.0,,707095.0
509193,15/01/2020,2020,1,C709,FREEDOMPOP,C0709,FREEDOMPOP,"FREEDOMPOP MEXICO, S.A. DE C.V.",709264.0,0.0,0.0,0.0,,709264.0
509193,15/02/2020,2020,2,C709,FREEDOMPOP,C0709,FREEDOMPOP,"FREEDOMPOP MEXICO, S.A. DE C.V.",814070.0,0.0,0.0,0.0,,814070.0
509193,15/03/2020,2020,3,C709,FREEDOMPOP,C0709,FREEDOMPOP,"FREEDOMPOP MEXICO, S.A. DE C.V.",909251.0,0.0,0.0,0.0,,909251.0
509193,15/04/2020,2020,4,C709,FREEDOMPOP,C0709,FREEDOMPOP,"FREEDOMPOP MEXICO, S.A. DE C.V.",966680.0,0.0,0.0,0.0,,966680.0
509193,15/05/2020,2020,5,C709,FREEDOMPOP,C0709,FREEDOMPOP,"FREEDOMPOP MEXICO, S.A. DE C.V.",1060061.0,0.0,0.0,0.0,,1060061.0
509193,15/06/2020,2020,6,C709,FREEDOMPOP,C0709,FREEDOMPOP,"FREEDOMPOP MEXICO, S.A. DE C.V.",1056211.0,0.0,0.0,0.0,,1056211.0
509193,15/07/2020,2020,7,C709,FREEDOMPOP,C0709,FREEDOMPOP,"FREEDOMPOP MEXICO, S.A. DE C.V.",1125508.0,0.0,0.0,0.0,,1125508.0
509193,15/08/2020,2020,8,C709,FREEDOMPOP,C0709,FREEDOMPOP,"FREEDOMPOP MEXICO, S.A. DE C.V.",1177113.0,0.0,0.0,0.0,,1177113.0
509193,15/09/2020,2020,9,C709,FREEDOMPOP,C0709,FREEDOMPOP,"FREEDOMPOP MEXICO, S.A. DE C.V.",1132324.0,0.0,0.0,0.0,,1132324.0
509193,15/10/2020,2020,10,C709,FREEDOMPOP,C0709,FREEDOMPOP,"FREEDOMPOP MEXICO, S.A. DE C.V.",1117232.0,0.0,0.0,0.0,,1117232.0
509193,15/11/2020,2020,11,C709,FREEDOMPOP,C0709,FREEDOMPOP,"FREEDOMPOP MEXICO, S.A. DE C.V.",1096909.0,0.0,0.0,0.0,,1096909.0
509193,15/12/2020,2020,12,C709,FREEDOMPOP,C0709,FREEDOMPOP,"FREEDOMPOP MEXICO, S.A. DE C.V.",1091334.0,0.0,0.0,0.0,,1091334.0
509193,15/01/2021,2021,1,C709,FREEDOMPOP,C0709,FREEDOMPOP,"FREEDOMPOP MEXICO, S.A. DE C.V.",0.0,0.0,0.0,0.0,1097438.0,1097438.0
509193,15/02/2021,2021,2,C709,FREEDOMPOP,C0709,FREEDOMPOP,"FREEDOMPOP MEXICO, S.A. DE C.V.",0.0,0.0,0.0,0.0,1104279.0,1104279.0
509193,15/03/2021,2021,3,C709,FREEDOMPOP,C0709,FREEDOMPOP,"FREEDOMPOP MEXICO, S.A. DE C.V.",0.0,0.0,0.0,0.0,1113807.0,1113807.0
509193,15/04/2021,2021,4,C709,FREEDOMPOP,C0709,FREEDOMPOP,"FREEDOMPOP MEXICO, S.A. DE C.V.",0.0,0.0,0.0,0.0,1125293.0,1125293.0
509193,15/05/2021,2021,5,C709,FREEDOMPOP,C0709,FREEDOMPOP,"FREEDOMPOP MEXICO, S.A. DE C.V.",0.0,0.0,0.0,0.0,1148324.0,1148324.0
509193,15/06/2021,2021,6,C709,FREEDOMPOP,C0709,FREEDOMPOP,"FREEDOMPOP MEXICO, S.A. DE C.V.",0.0,0.0,0.0,0.0,1182841.0,1182841.0
509193,15/07/2021,2021,7,C709,FREEDOMPOP,C0709,FREEDOMPOP,"FREEDOMPOP MEXICO, S.A. DE C.V.",0.0,0.0,0.0,0.0,1197713.0,1197713.0
509193,15/08/2021,2021,8,C709,FREEDOMPOP,C0709,FREEDOMPOP,"FREEDOMPOP MEXICO, S.A. DE C.V.",0.0,0.0,0.0,0.0,1206820.0,1206820.0
509193,15/09/2021,2021,9,C709,FREEDOMPOP,C0709,FREEDOMPOP,"FREEDOMPOP MEXICO, S.A. DE C.V.",0.0,0.0,0.0,0.0,1230798.0,1230798.0
509193,15/10/2021,2021,10,C709,FREEDOMPOP,C0709,FREEDOMPOP,"FREEDOMPOP MEXICO, S.A. DE C.V.",0.0,0.0,0.0,0.0,1230948.0,1230948.0
509193,15/11/2021,2021,11,C709,FREEDOMPOP,C0709,FREEDOMPOP,"FREEDOMPOP MEXICO, S.A. DE C.V.",0.0,0.0,0.0,0.0,1231158.0,1231158.0
509193,15/12/2021,2021,12,C709,FREEDOMPOP,C0709,FREEDOMPOP,"FREEDOMPOP MEXICO, S.A. DE C.V.",0.0,0.0,0.0,0.0,1231734.0,1231734.0
509193,15/01/2022,2022,1,C709,FREEDOMPOP,C0709,FREEDOMPOP,"FREEDOMPOP MEXICO, S.A. DE C.V.",0.0,0.0,0.0,0.0,1247292.0,1247292.0
509193,15/02/2022,2022,2,C709,FREEDOMPOP,C0709,FREEDOMPOP,"FREEDOMPOP MEXICO, S.A. DE C.V.",0.0,0.0,0.0,0.0,1261611.0,1261611.0
509193,15/03/2022,2022,3,C709,FREEDOMPOP,C0709,FREEDOMPOP,"FREEDOMPOP MEXICO, S.A. DE C.V.",0.0,0.0,0.0,0.0,1271950.0,1271950.0
509193,15/04/2022,2022,4,C709,FREEDOMPOP,C0709,FREEDOMPOP,"FREEDOMPOP MEXICO, S.A. DE C.V.",0.0,0.0,0.0,0.0,1280447.0,1280447.0
509193,15/05/2022,2022,5,C709,FREEDOMPOP,C0709,FREEDOMPOP,"FREEDOMPOP MEXICO, S.A. DE C.V.",0.0,0.0,0.0,0.0,1292356.0,1292356.0
509193,15/06/2022,2022,6,C709,FREEDOMPOP,C0709,FREEDOMPOP,"FREEDOMPOP MEXICO, S.A. DE C.V.",0.0,0.0,0.0,0.0,1300140.0,1300140.0
509193,15/07/2022,2022,7,C709,FREEDOMPOP,C0709,FREEDOMPOP,"FREEDOMPOP MEXICO, S.A. DE C.V.",0.0,0.0,0.0,0.0,1338886.0,1338886.0
509193,15/08/2022,2022,8,C709,FREEDOMPOP,C0709,FREEDOMPOP,"FREEDOMPOP MEXICO, S.A. DE C.V.",0.0,0.0,0.0,0.0,1387318.0,1387318.0
509193,15/09/2022,2022,9,C709,FREEDOMPOP,C0709,FREEDOMPOP,"FREEDOMPOP MEXICO, S.A. DE C.V.",0.0,0.0,0.0,0.0,1438517.0,1438517.0
509193,15/10/2022,2022,10,C709,FREEDOMPOP,C0709,FREEDOMPOP,"FREEDOMPOP MEXICO, S.A. DE C.V.",0.0,0.0,0.0,0.0,1439895.0,1439895.0
509193,15/11/2022,2022,11,C709,FREEDOMPOP,C0709,FREEDOMPOP,"FREEDOMPOP MEXICO, S.A. DE C.V.",0.0,0.0,0.0,0.0,1475238.0,1475238.0
509193,15/12/2022,2022,12,C709,FREEDOMPOP,C0709,FREEDOMPOP,"FREEDOMPOP MEXICO, S.A. DE C.V.",0.0,0.0,0.0,0.0,1484919.0,1484919.0
509193,15/01/2023,2023,1,C709,FREEDOMPOP,C0709,FREEDOMPOP,"FREEDOMPOP MEXICO, S.A. DE C.V.",0.0,0.0,0.0,0.0,1541898.0,1541898.0
509193,15/02/2023,2023,2,C709,FREEDOMPOP,C0709,FREEDOMPOP,"FREEDOMPOP MEXICO, S.A. DE C.V.",0.0,0.0,0.0,0.0,1602176.0,1602176.0
509193,15/03/2023,2023,3,C709,FREEDOMPOP,C0709,FREEDOMPOP,"FREEDOMPOP MEXICO, S.A. DE C.V.",0.0,0.0,0.0,0.0,1544545.0,1544545.0
509193,15/04/2023,2023,4,C709,FREEDOMPOP,C0709,FREEDOMPOP,"FREEDOMPOP MEXICO, S.A. DE C.V.",0.0,0.0,0.0,0.0,1595740.0,1595740.0
509193,15/05/2023,2023,5,C709,FREEDOMPOP,C0709,FREEDOMPOP,"FREEDOMPOP MEXICO, S.A. DE C.V.",0.0,0.0,0.0,0.0,1654551.0,1654551.0
509193,15/06/2023,2023,6,C709,FREEDOMPOP,C0709,FREEDOMPOP,"FREEDOMPOP MEXICO, S.A. DE C.V.",0.0,0.0,0.0,0.0,1717113.0,1717113.0
509193,15/07/2023,2023,7,C709,FREEDOMPOP,C0709,FREEDOMPOP,"FREEDOMPOP MEXICO, S.A. DE C.V.",0.0,0.0,0.0,0.0,1781991.0,1781991.0
509193,15/08/2023,2023,8,C709,FREEDOMPOP,C0709,FREEDOMPOP,"FREEDOMPOP MEXICO, S.A. DE C.V.",0.0,0.0,0.0,0.0,1864335.0,1864335.0
509193,15/09/2023,2023,9,C709,FREEDOMPOP,C0709,FREEDOMPOP,"FREEDOMPOP MEXICO, S.A. DE C.V.",0.0,0.0,0.0,0.0,1943315.0,1943315.0
509193,15/10/2023,2023,10,C709,FREEDOMPOP,C0709,FREEDOMPOP,"FREEDOMPOP MEXICO, S.A. DE C.V.",0.0,0.0,0.0,0.0,2032185.0,2032185.0
509193,15/11/2023,2023,11,C709,FREEDOMPOP,C0709,FREEDOMPOP,"FREEDOMPOP MEXICO, S.A. DE C.V.",0.0,0.0,0.0,0.0,2095056.0,2095056.0
509193,15/12/2023,2023,12,C709,FREEDOMPOP,C0709,FREEDOMPOP,"FREEDOMPOP MEXICO, S.A. DE C.V.",0.0,0.0,0.0,0.0,2173583.0,2173583.0
509193,15/01/2024,2024,1,C709,FREEDOMPOP,C0709,FREEDOMPOP,"FREEDOMPOP MEXICO, S.A. DE C.V.",0.0,0.0,0.0,0.0,2107282.0,2107282.0
509193,15/02/2024,2024,2,C709,FREEDOMPOP,C0709,FREEDOMPOP,"FREEDOMPOP MEXICO, S.A. DE C.V.",0.0,0.0,0.0,0.0,2062719.0,2062719.0
509193,15/03/2024,2024,3,C709,FREEDOMPOP,C0709,FREEDOMPOP,"FREEDOMPOP MEXICO, S.A. DE C.V.",0.0,0.0,0.0,0.0,2027698.0,2027698.0
509193,15/04/2024,2024,4,C709,FREEDOMPOP,C0709,FREEDOMPOP,"FREEDOMPOP MEXICO, S.A. DE C.V.",0.0,0.0,0.0,0.0,2091947.0,2091947.0
509193,15/05/2024,2024,5,C709,FREEDOMPOP,C0709,FREEDOMPOP,"FREEDOMPOP MEXICO, S.A. DE C.V.",0.0,0.0,0.0,0.0,2188107.0,2188107.0
509193,15/06/2024,2024,6,C709,FREEDOMPOP,C0709,FREEDOMPOP,"FREEDOMPOP MEXICO, S.A. DE C.V.",0.0,0.0,0.0,0.0,2115555.0,2115555.0
509193,15/07/2024,2024,7,C709,FREEDOMPOP,C0709,FREEDOMPOP,"FREEDOMPOP MEXICO, S.A. DE C.V.",0.0,0.0,0.0,0.0,2061619.0,2061619.0
509193,15/08/2024,2024,8,C709,FREEDOMPOP,C0709,FREEDOMPOP,"FREEDOMPOP MEXICO, S.A. DE C.V.",0.0,0.0,0.0,0.0,1968503.0,1968503.0
509193,15/09/2024,2024,9,C709,FREEDOMPOP,C0709,FREEDOMPOP,"FREEDOMPOP MEXICO, S.A. DE C.V.",0.0,0.0,0.0,0.0,2180851.0,2180851.0
509193,15/10/2024,2024,10,C709,FREEDOMPOP,C0709,FREEDOMPOP,"FREEDOMPOP MEXICO, S.A. DE C.V.",0.0,0.0,0.0,0.0,2180652.0,2180652.0
509193,15/11/2024,2024,11,C709,FREEDOMPOP,C0709,FREEDOMPOP,"FREEDOMPOP MEXICO, S.A. DE C.V.",0.0,0.0,0.0,0.0,2117600.0,2117600.0
509193,15/12/2024,2024,12,C709,FREEDOMPOP,C0709,FREEDOMPOP,"FREEDOMPOP MEXICO, S.A. DE C.V.",0.0,0.0,0.0,0.0,2127465.0,2127465.0
519546,15/01/2022,2022,1,C794,GAMERS,C0794,GAMERS,"GAMEPLANET, S.A. DE C.V.",0.0,0.0,0.0,0.0,756.0,756.0
519546,15/02/2022,2022,2,C794,GAMERS,C0794,GAMERS,"GAMEPLANET, S.A. DE C.V.",0.0,0.0,0.0,0.0,448.0,448.0
519546,15/03/2022,2022,3,C794,GAMERS,C0794,GAMERS,"GAMEPLANET, S.A. DE C.V.",0.0,0.0,0.0,0.0,205.0,205.0
519546,15/04/2022,2022,4,C794,GAMERS,C0794,GAMERS,"GAMEPLANET, S.A. DE C.V.",0.0,0.0,0.0,0.0,140.0,140.0
519546,15/05/2022,2022,5,C794,GAMERS,C0794,GAMERS,"GAMEPLANET, S.A. DE C.V.",0.0,0.0,0.0,0.0,185.0,185.0
519546,15/06/2022,2022,6,C794,GAMERS,C0794,GAMERS,"GAMEPLANET, S.A. DE C.V.",0.0,0.0,0.0,0.0,125.0,125.0
519546,15/07/2022,2022,7,C794,GAMERS,C0794,GAMERS,"GAMEPLANET, S.A. DE C.V.",0.0,0.0,0.0,0.0,121.0,121.0
519546,15/08/2022,2022,8,C794,GAMERS,C0794,GAMERS,"GAMEPLANET, S.A. DE C.V.",0.0,0.0,0.0,0.0,107.0,107.0
519546,15/09/2022,2022,9,C794,GAMERS,C0794,GAMERS,"GAMEPLANET, S.A. DE C.V.",0.0,0.0,0.0,0.0,94.0,94.0
519546,15/10/2022,2022,10,C794,GAMERS,C0794,GAMERS,"GAMEPLANET, S.A. DE C.V.",0.0,0.0,0.0,0.0,125.0,125.0
519546,15/11/2022,2022,11,C794,GAMERS,C0794,GAMERS,"GAMEPLANET, S.A. DE C.V.",0.0,0.0,0.0,0.0,105.0,105.0
519546,15/12/2022,2022,12,C794,GAMERS,C0794,GAMERS,"GAMEPLANET, S.A. DE C.V.",0.0,0.0,0.0,0.0,130.0,130.0
519546,15/01/2023,2023,1,C794,GAMERS,C0794,GAMERS,"GAMEPLANET, S.A. DE C.V.",0.0,0.0,0.0,0.0,212.0,212.0
519546,15/02/2023,2023,2,C794,GAMERS,C0794,GAMERS,"GAMEPLANET, S.A. DE C.V.",0.0,0.0,0.0,0.0,132.0,132.0
519546,15/03/2023,2023,3,C794,GAMERS,C0794,GAMERS,"GAMEPLANET, S.A. DE C.V.",0.0,0.0,0.0,0.0,128.0,128.0
519546,15/04/2023,2023,4,C794,GAMERS,C0794,GAMERS,"GAMEPLANET, S.A. DE C.V.",0.0,0.0,0.0,0.0,193.0,193.0
519546,15/05/2023,2023,5,C794,GAMERS,C0794,GAMERS,"GAMEPLANET, S.A. DE C.V.",0.0,0.0,0.0,0.0,144.0,144.0
519546,15/06/2023,2023,6,C794,GAMERS,C0794,GAMERS,"GAMEPLANET, S.A. DE C.V.",0.0,0.0,0.0,0.0,176.0,176.0
519546,15/07/2023,2023,7,C794,GAMERS,C0794,GAMERS,"GAMEPLANET, S.A. DE C.V.",0.0,0.0,0.0,0.0,216.0,216.0
519546,15/08/2023,2023,8,C794,GAMERS,C0794,GAMERS,"GAMEPLANET, S.A. DE C.V.",0.0,0.0,0.0,0.0,174.0,174.0
519546,15/09/2023,2023,9,C794,GAMERS,C0794,GAMERS,"GAMEPLANET, S.A. DE C.V.",0.0,0.0,0.0,0.0,165.0,165.0
519546,15/10/2023,2023,10,C794,GAMERS,C0794,GAMERS,"GAMEPLANET, S.A. DE C.V.",0.0,0.0,0.0,0.0,142.0,142.0
519546,15/11/2023,2023,11,C794,GAMERS,C0794,GAMERS,"GAMEPLANET, S.A. DE C.V.",0.0,0.0,0.0,0.0,159.0,159.0
519546,15/12/2023,2023,12,C794,GAMERS,C0794,GAMERS,"GAMEPLANET, S.A. DE C.V.",0.0,0.0,0.0,0.0,124.0,124.0
519546,15/01/2024,2024,1,C794,GAMERS,C0794,GAMERS,"GAMEPLANET, S.A. DE C.V.",0.0,0.0,0.0,0.0,1263.0,1263.0
519546,15/02/2024,2024,2,C794,GAMERS,C0794,GAMERS,"GAMEPLANET, S.A. DE C.V.",0.0,0.0,0.0,0.0,1215.0,1215.0
519546,15/03/2024,2024,3,C794,GAMERS,C0794,GAMERS,"GAMEPLANET, S.A. DE C.V.",0.0,0.0,0.0,0.0,1124.0,1124.0
519546,15/04/2024,2024,4,C794,GAMERS,C0794,GAMERS,"GAMEPLANET, S.A. DE C.V.",0.0,0.0,0.0,0.0,1367.0,1367.0
519546,15/05/2024,2024,5,C794,GAMERS,C0794,GAMERS,"GAMEPLANET, S.A. DE C.V.",0.0,0.0,0.0,0.0,1371.0,1371.0
519546,15/06/2024,2024,6,C794,GAMERS,C0794,GAMERS,"GAMEPLANET, S.A. DE C.V.",0.0,0.0,0.0,0.0,1328.0,1328.0
519546,15/07/2024,2024,7,C794,GAMERS,C0794,GAMERS,"GAMEPLANET, S.A. DE C.V.",0.0,0.0,0.0,0.0,1291.0,1291.0
519546,15/08/2024,2024,8,C794,GAMERS,C0794,GAMERS,"GAMEPLANET, S.A. DE C.V.",0.0,0.0,0.0,0.0,1296.0,1296.0
519546,15/09/2024,2024,9,C794,GAMERS,C0794,GAMERS,"GAMEPLANET, S.A. DE C.V.",0.0,0.0,0.0,0.0,1294.0,1294.0
519546,15/10/2024,2024,10,C794,GAMERS,C0794,GAMERS,"GAMEPLANET, S.A. DE C.V.",0.0,0.0,0.0,0.0,1242.0,1242.0
519546,15/11/2024,2024,11,C794,GAMERS,C0794,GAMERS,"GAMEPLANET, S.A. DE C.V.",0.0,0.0,0.0,0.0,1083.0,1083.0
519546,15/12/2024,2024,12,C794,GAMERS,C0794,GAMERS,"GAMEPLANET, S.A. DE C.V.",0.0,0.0,0.0,0.0,950.0,950.0
518185,15/01/2022,2022,1,C781,GUGACOM,C0781,GUGACOM,"GUGA TELECOM, S.A.P.I. DE C.V.",0.0,0.0,0.0,0.0,44.0,44.0
518185,15/02/2022,2022,2,C781,GUGACOM,C0781,GUGACOM,"GUGA TELECOM, S.A.P.I. DE C.V.",0.0,0.0,0.0,0.0,21.0,21.0
518185,15/03/2022,2022,3,C781,GUGACOM,C0781,GUGACOM,"GUGA TELECOM, S.A.P.I. DE C.V.",0.0,0.0,0.0,0.0,27.0,27.0
518185,15/04/2022,2022,4,C781,GUGACOM,C0781,GUGACOM,"GUGA TELECOM, S.A.P.I. DE C.V.",0.0,0.0,0.0,0.0,21.0,21.0
518185,15/05/2022,2022,5,C781,GUGACOM,C0781,GUGACOM,"GUGA TELECOM, S.A.P.I. DE C.V.",0.0,0.0,0.0,0.0,15.0,15.0
518185,15/06/2022,2022,6,C781,GUGACOM,C0781,GUGACOM,"GUGA TELECOM, S.A.P.I. DE C.V.",0.0,0.0,0.0,0.0,16.0,16.0
518185,15/07/2022,2022,7,C781,GUGACOM,C0781,GUGACOM,"GUGA TELECOM, S.A.P.I. DE C.V.",0.0,0.0,0.0,0.0,17.0,17.0
517059,15/01/2021,2021,1,C732,GURUCOMM,C0732,GURUCOMM,"GURUCOMM, S.A.P.I. DE C.V.",0.0,0.0,0.0,0.0,3886.0,3886.0
517059,15/02/2021,2021,2,C732,GURUCOMM,C0732,GURUCOMM,"GURUCOMM, S.A.P.I. DE C.V.",0.0,0.0,0.0,0.0,3874.0,3874.0
517059,15/03/2021,2021,3,C732,GURUCOMM,C0732,GURUCOMM,"GURUCOMM, S.A.P.I. DE C.V.",0.0,0.0,0.0,0.0,3785.0,3785.0
517059,15/04/2021,2021,4,C732,GURUCOMM,C0732,GURUCOMM,"GURUCOMM, S.A.P.I. DE C.V.",0.0,0.0,0.0,0.0,3632.0,3632.0
517059,15/05/2021,2021,5,C732,GURUCOMM,C0732,GURUCOMM,"GURUCOMM, S.A.P.I. DE C.V.",0.0,0.0,0.0,0.0,3546.0,3546.0
517059,15/06/2021,2021,6,C732,GURUCOMM,C0732,GURUCOMM,"GURUCOMM, S.A.P.I. DE C.V.",0.0,0.0,0.0,0.0,3452.0,3452.0
517059,15/07/2021,2021,7,C732,GURUCOMM,C0732,GURUCOMM,"GURUCOMM, S.A.P.I. DE C.V.",0.0,0.0,0.0,0.0,3405.0,3405.0
517059,15/08/2021,2021,8,C732,GURUCOMM,C0732,GURUCOMM,"GURUCOMM, S.A.P.I. DE C.V.",0.0,0.0,0.0,0.0,3295.0,3295.0
517059,15/09/2021,2021,9,C732,GURUCOMM,C0732,GURUCOMM,"GURUCOMM, S.A.P.I. DE C.V.",0.0,0.0,0.0,0.0,3169.0,3169.0
517059,15/10/2021,2021,10,C732,GURUCOMM,C0732,GURUCOMM,"GURUCOMM, S.A.P.I. DE C.V.",0.0,0.0,0.0,0.0,3019.0,3019.0
517059,15/11/2021,2021,11,C732,GURUCOMM,C0732,GURUCOMM,"GURUCOMM, S.A.P.I. DE C.V.",0.0,0.0,0.0,0.0,2926.0,2926.0
517059,15/12/2021,2021,12,C732,GURUCOMM,C0732,GURUCOMM,"GURUCOMM, S.A.P.I. DE C.V.",0.0,0.0,0.0,0.0,2833.0,2833.0
517059,15/01/2022,2022,1,C732,GURUCOMM,C0732,GURUCOMM,"GURUCOMM, S.A.P.I. DE C.V.",0.0,0.0,0.0,0.0,2792.0,2792.0
517059,15/02/2022,2022,2,C732,GURUCOMM,C0732,GURUCOMM,"GURUCOMM, S.A.P.I. DE C.V.",0.0,0.0,0.0,0.0,2694.0,2694.0
517059,15/03/2022,2022,3,C732,GURUCOMM,C0732,GURUCOMM,"GURUCOMM, S.A.P.I. DE C.V.",0.0,0.0,0.0,0.0,2577.0,2577.0
517059,15/04/2022,2022,4,C732,GURUCOMM,C0732,GURUCOMM,"GURUCOMM, S.A.P.I. DE C.V.",0.0,0.0,0.0,0.0,2492.0,2492.0
517059,15/05/2022,2022,5,C732,GURUCOMM,C0732,GURUCOMM,"GURUCOMM, S.A.P.I. DE C.V.",0.0,0.0,0.0,0.0,2377.0,2377.0
517059,15/06/2022,2022,6,C732,GURUCOMM,C0732,GURUCOMM,"GURUCOMM, S.A.P.I. DE C.V.",0.0,0.0,0.0,0.0,2270.0,2270.0
517059,15/07/2022,2022,7,C732,GURUCOMM,C0732,GURUCOMM,"GURUCOMM, S.A.P.I. DE C.V.",0.0,0.0,0.0,0.0,2177.0,2177.0
517059,15/08/2022,2022,8,C732,GURUCOMM,C0732,GURUCOMM,"GURUCOMM, S.A.P.I. DE C.V.",0.0,0.0,0.0,0.0,2116.0,2116.0
517059,15/09/2022,2022,9,C732,GURUCOMM,C0732,GURUCOMM,"GURUCOMM, S.A.P.I. DE C.V.",0.0,0.0,0.0,0.0,2001.0,2001.0
517059,15/10/2022,2022,10,C732,GURUCOMM,C0732,GURUCOMM,"GURUCOMM, S.A.P.I. DE C.V.",0.0,0.0,0.0,0.0,1926.0,1926.0
517059,15/11/2022,2022,11,C732,GURUCOMM,C0732,GURUCOMM,"GURUCOMM, S.A.P.I. DE C.V.",0.0,0.0,0.0,0.0,1877.0,1877.0
517059,15/12/2022,2022,12,C732,GURUCOMM,C0732,GURUCOMM,"GURUCOMM, S.A.P.I. DE C.V.",0.0,0.0,0.0,0.0,1826.0,1826.0
517059,15/01/2023,2023,1,C732,GURUCOMM,C0732,GURUCOMM,"GURUCOMM, S.A.P.I. DE C.V.",0.0,0.0,0.0,0.0,1763.0,1763.0
517059,15/02/2023,2023,2,C732,GURUCOMM,C0732,GURUCOMM,"GURUCOMM, S.A.P.I. DE C.V.",0.0,0.0,0.0,0.0,1700.0,1700.0
517059,15/03/2023,2023,3,C732,GURUCOMM,C0732,GURUCOMM,"GURUCOMM, S.A.P.I. DE C.V.",0.0,0.0,0.0,0.0,1623.0,1623.0
517059,15/04/2023,2023,4,C732,GURUCOMM,C0732,GURUCOMM,"GURUCOMM, S.A.P.I. DE C.V.",0.0,0.0,0.0,0.0,1593.0,1593.0
517059,15/05/2023,2023,5,C732,GURUCOMM,C0732,GURUCOMM,"GURUCOMM, S.A.P.I. DE C.V.",0.0,0.0,0.0,0.0,1597.0,1597.0
517059,15/06/2023,2023,6,C732,GURUCOMM,C0732,GURUCOMM,"GURUCOMM, S.A.P.I. DE C.V.",0.0,0.0,0.0,0.0,1556.0,1556.0
517059,15/07/2023,2023,7,C732,GURUCOMM,C0732,GURUCOMM,"GURUCOMM, S.A.P.I. DE C.V.",0.0,0.0,0.0,0.0,1521.0,1521.0
517059,15/08/2023,2023,8,C732,GURUCOMM,C0732,GURUCOMM,"GURUCOMM, S.A.P.I. DE C.V.",0.0,0.0,0.0,0.0,1474.0,1474.0
517059,15/09/2023,2023,9,C732,GURUCOMM,C0732,GURUCOMM,"GURUCOMM, S.A.P.I. DE C.V.",0.0,0.0,0.0,0.0,1383.0,1383.0
517059,15/10/2023,2023,10,C732,GURUCOMM,C0732,GURUCOMM,"GURUCOMM, S.A.P.I. DE C.V.",0.0,0.0,0.0,0.0,1311.0,1311.0
517059,15/11/2023,2023,11,C732,GURUCOMM,C0732,GURUCOMM,"GURUCOMM, S.A.P.I. DE C.V.",0.0,0.0,0.0,0.0,1193.0,1193.0
517059,15/12/2023,2023,12,C732,GURUCOMM,C0732,GURUCOMM,"GURUCOMM, S.A.P.I. DE C.V.",0.0,0.0,0.0,0.0,1082.0,1082.0
517059,15/01/2024,2024,1,C732,GURUCOMM,C0732,GURUCOMM,"GURUCOMM, S.A.P.I. DE C.V.",0.0,0.0,0.0,0.0,1024.0,1024.0
517059,15/02/2024,2024,2,C732,GURUCOMM,C0732,GURUCOMM,"GURUCOMM, S.A.P.I. DE C.V.",0.0,0.0,0.0,0.0,928.0,928.0
517059,15/03/2024,2024,3,C732,GURUCOMM,C0732,GURUCOMM,"GURUCOMM, S.A.P.I. DE C.V.",0.0,0.0,0.0,0.0,892.0,892.0
517059,15/04/2024,2024,4,C732,GURUCOMM,C0732,GURUCOMM,"GURUCOMM, S.A.P.I. DE C.V.",0.0,0.0,0.0,0.0,855.0,855.0
517059,15/05/2024,2024,5,C732,GURUCOMM,C0732,GURUCOMM,"GURUCOMM, S.A.P.I. DE C.V.",0.0,0.0,0.0,0.0,821.0,821.0
517059,15/06/2024,2024,6,C732,GURUCOMM,C0732,GURUCOMM,"GURUCOMM, S.A.P.I. DE C.V.",0.0,0.0,0.0,0.0,790.0,790.0
517059,15/07/2024,2024,7,C732,GURUCOMM,C0732,GURUCOMM,"GURUCOMM, S.A.P.I. DE C.V.",0.0,0.0,0.0,0.0,762.0,762.0
517059,15/08/2024,2024,8,C732,GURUCOMM,C0732,GURUCOMM,"GURUCOMM, S.A.P.I. DE C.V.",0.0,0.0,0.0,0.0,740.0,740.0
517059,15/09/2024,2024,9,C732,GURUCOMM,C0732,GURUCOMM,"GURUCOMM, S.A.P.I. DE C.V.",0.0,0.0,0.0,0.0,713.0,713.0
517059,15/10/2024,2024,10,C732,GURUCOMM,C0732,GURUCOMM,"GURUCOMM, S.A.P.I. DE C.V.",0.0,0.0,0.0,0.0,670.0,670.0
517059,15/11/2024,2024,11,C732,GURUCOMM,C0732,GURUCOMM,"GURUCOMM, S.A.P.I. DE C.V.",0.0,0.0,0.0,0.0,658.0,658.0
517059,15/12/2024,2024,12,C732,GURUCOMM,C0732,GURUCOMM,"GURUCOMM, S.A.P.I. DE C.V.",0.0,0.0,0.0,0.0,644.0,644.0
502027,15/12/2016,2016,12,C703,HER MOBILE,C0703,HER MOBILE,"HER MOBILE, S.A. DE C.V.",0.0,0.0,0.0,0.0,127.0,127.0
502027,15/01/2017,2017,1,C703,HER MOBILE,C0703,HER MOBILE,"HER MOBILE, S.A. DE C.V.",0.0,0.0,0.0,0.0,645.0,645.0
502027,15/02/2017,2017,2,C703,HER MOBILE,C0703,HER MOBILE,"HER MOBILE, S.A. DE C.V.",0.0,0.0,0.0,0.0,914.0,914.0
502027,15/03/2017,2017,3,C703,HER MOBILE,C0703,HER MOBILE,"HER MOBILE, S.A. DE C.V.",0.0,0.0,0.0,0.0,1213.0,1213.0
502027,15/04/2017,2017,4,C703,HER MOBILE,C0703,HER MOBILE,"HER MOBILE, S.A. DE C.V.",0.0,0.0,0.0,0.0,1647.0,1647.0
502027,15/05/2017,2017,5,C703,HER MOBILE,C0703,HER MOBILE,"HER MOBILE, S.A. DE C.V.",0.0,0.0,0.0,0.0,1998.0,1998.0
502027,15/06/2017,2017,6,C703,HER MOBILE,C0703,HER MOBILE,"HER MOBILE, S.A. DE C.V.",0.0,0.0,0.0,0.0,2153.0,2153.0
502027,15/07/2017,2017,7,C703,HER MOBILE,C0703,HER MOBILE,"HER MOBILE, S.A. DE C.V.",0.0,0.0,0.0,0.0,2414.0,2414.0
502027,15/08/2017,2017,8,C703,HER MOBILE,C0703,HER MOBILE,"HER MOBILE, S.A. DE C.V.",0.0,0.0,0.0,0.0,2723.0,2723.0
502027,15/09/2017,2017,9,C703,HER MOBILE,C0703,HER MOBILE,"HER MOBILE, S.A. DE C.V.",0.0,0.0,0.0,0.0,3103.0,3103.0
502027,15/10/2017,2017,10,C703,HER MOBILE,C0703,HER MOBILE,"HER MOBILE, S.A. DE C.V.",0.0,0.0,0.0,0.0,3512.0,3512.0
502027,15/11/2017,2017,11,C703,HER MOBILE,C0703,HER MOBILE,"HER MOBILE, S.A. DE C.V.",0.0,0.0,0.0,0.0,3611.0,3611.0
502027,15/12/2017,2017,12,C703,HER MOBILE,C0703,HER MOBILE,"HER MOBILE, S.A. DE C.V.",0.0,0.0,0.0,0.0,3629.0,3629.0
502027,15/01/2018,2018,1,C703,HER MOBILE,C0703,HER MOBILE,"HER MOBILE, S.A. DE C.V.",0.0,0.0,0.0,0.0,3762.0,3762.0
502027,15/02/2018,2018,2,C703,HER MOBILE,C0703,HER MOBILE,"HER MOBILE, S.A. DE C.V.",0.0,0.0,0.0,0.0,3805.0,3805.0
502027,15/03/2018,2018,3,C703,HER MOBILE,C0703,HER MOBILE,"HER MOBILE, S.A. DE C.V.",0.0,0.0,0.0,0.0,3937.0,3937.0
502027,15/04/2018,2018,4,C703,HER MOBILE,C0703,HER MOBILE,"HER MOBILE, S.A. DE C.V.",0.0,0.0,0.0,0.0,4065.0,4065.0
502027,15/05/2018,2018,5,C703,HER MOBILE,C0703,HER MOBILE,"HER MOBILE, S.A. DE C.V.",0.0,0.0,0.0,0.0,4257.0,4257.0
502027,15/06/2018,2018,6,C703,HER MOBILE,C0703,HER MOBILE,"HER MOBILE, S.A. DE C.V.",0.0,0.0,0.0,0.0,4424.0,4424.0
502027,15/07/2018,2018,7,C703,HER MOBILE,C0703,HER MOBILE,"HER MOBILE, S.A. DE C.V.",0.0,0.0,0.0,0.0,4520.0,4520.0
502027,15/08/2018,2018,8,C703,HER MOBILE,C0703,HER MOBILE,"HER MOBILE, S.A. DE C.V.",0.0,0.0,0.0,0.0,4651.0,4651.0
502027,15/09/2018,2018,9,C703,HER MOBILE,C0703,HER MOBILE,"HER MOBILE, S.A. DE C.V.",0.0,0.0,0.0,0.0,4761.0,4761.0
502027,15/10/2018,2018,10,C703,HER MOBILE,C0703,HER MOBILE,"HER MOBILE, S.A. DE C.V.",0.0,0.0,0.0,0.0,4870.0,4870.0
502027,15/11/2018,2018,11,C703,HER MOBILE,C0703,HER MOBILE,"HER MOBILE, S.A. DE C.V.",0.0,0.0,0.0,0.0,4947.0,4947.0
502027,15/12/2018,2018,12,C703,HER MOBILE,C0703,HER MOBILE,"HER MOBILE, S.A. DE C.V.",0.0,0.0,0.0,0.0,5026.0,5026.0
502027,15/01/2019,2019,1,C703,HER MOBILE,C0703,HER MOBILE,"HER MOBILE, S.A. DE C.V.",0.0,0.0,0.0,0.0,5079.0,5079.0
502027,15/02/2019,2019,2,C703,HER MOBILE,C0703,HER MOBILE,"HER MOBILE, S.A. DE C.V.",0.0,0.0,0.0,0.0,5162.0,5162.0
502027,15/03/2019,2019,3,C703,HER MOBILE,C0703,HER MOBILE,"HER MOBILE, S.A. DE C.V.",0.0,0.0,0.0,0.0,5264.0,5264.0
502027,15/04/2019,2019,4,C703,HER MOBILE,C0703,HER MOBILE,"HER MOBILE, S.A. DE C.V.",0.0,0.0,0.0,0.0,5429.0,5429.0
502027,15/05/2019,2019,5,C703,HER MOBILE,C0703,HER MOBILE,"HER MOBILE, S.A. DE C.V.",0.0,0.0,0.0,0.0,5665.0,5665.0
502027,15/06/2019,2019,6,C703,HER MOBILE,C0703,HER MOBILE,"HER MOBILE, S.A. DE C.V.",0.0,0.0,0.0,0.0,5832.0,5832.0
502027,15/07/2019,2019,7,C703,HER MOBILE,C0703,HER MOBILE,"HER MOBILE, S.A. DE C.V.",0.0,0.0,0.0,0.0,6019.0,6019.0
502027,15/08/2019,2019,8,C703,HER MOBILE,C0703,HER MOBILE,"HER MOBILE, S.A. DE C.V.",0.0,0.0,0.0,0.0,6222.0,6222.0
502027,15/09/2019,2019,9,C703,HER MOBILE,C0703,HER MOBILE,"HER MOBILE, S.A. DE C.V.",0.0,0.0,0.0,0.0,6428.0,6428.0
502027,15/10/2019,2019,10,C703,HER MOBILE,C0703,HER MOBILE,"HER MOBILE, S.A. DE C.V.",0.0,0.0,0.0,0.0,6646.0,6646.0
502027,15/11/2019,2019,11,C703,HER MOBILE,C0703,HER MOBILE,"HER MOBILE, S.A. DE C.V.",0.0,0.0,0.0,0.0,6849.0,6849.0
502027,15/12/2019,2019,12,C703,HER MOBILE,C0703,HER MOBILE,"HER MOBILE, S.A. DE C.V.",0.0,0.0,0.0,0.0,6989.0,6989.0
502027,15/01/2020,2020,1,C703,HER MOBILE,C0703,HER MOBILE,"HER MOBILE, S.A. DE C.V.",0.0,0.0,0.0,0.0,7126.0,7126.0
502027,15/02/2020,2020,2,C703,HER MOBILE,C0703,HER MOBILE,"HER MOBILE, S.A. DE C.V.",0.0,0.0,0.0,0.0,7215.0,7215.0
502027,15/03/2020,2020,3,C703,HER MOBILE,C0703,HER MOBILE,"HER MOBILE, S.A. DE C.V.",0.0,0.0,0.0,0.0,7293.0,7293.0
502027,15/04/2020,2020,4,C703,HER MOBILE,C0703,HER MOBILE,"HER MOBILE, S.A. DE C.V.",0.0,0.0,0.0,0.0,7409.0,7409.0
502027,15/05/2020,2020,5,C703,HER MOBILE,C0703,HER MOBILE,"HER MOBILE, S.A. DE C.V.",0.0,0.0,0.0,0.0,7520.0,7520.0
502027,15/06/2020,2020,6,C703,HER MOBILE,C0703,HER MOBILE,"HER MOBILE, S.A. DE C.V.",0.0,0.0,0.0,0.0,7629.0,7629.0
502027,15/07/2020,2020,7,C703,HER MOBILE,C0703,HER MOBILE,"HER MOBILE, S.A. DE C.V.",0.0,0.0,0.0,0.0,7758.0,7758.0
502027,15/08/2020,2020,8,C703,HER MOBILE,C0703,HER MOBILE,"HER MOBILE, S.A. DE C.V.",0.0,0.0,0.0,0.0,7912.0,7912.0
502027,15/09/2020,2020,9,C703,HER MOBILE,C0703,HER MOBILE,"HER MOBILE, S.A. DE C.V.",0.0,0.0,0.0,0.0,8022.0,8022.0
502027,15/10/2020,2020,10,C703,HER MOBILE,C0703,HER MOBILE,"HER MOBILE, S.A. DE C.V.",0.0,0.0,0.0,0.0,8103.0,8103.0
502027,15/11/2020,2020,11,C703,HER MOBILE,C0703,HER MOBILE,"HER MOBILE, S.A. DE C.V.",0.0,0.0,0.0,0.0,8133.0,8133.0
502027,15/12/2020,2020,12,C703,HER MOBILE,C0703,HER MOBILE,"HER MOBILE, S.A. DE C.V.",0.0,0.0,0.0,0.0,8171.0,8171.0
521617,15/03/2024,2024,3,C984,YO SOY BIENESTAR,C1129,I AM ABUNDANCE,"I AM ABUNDANCE, S.A.P.I. DE C.V.",0.0,0.0,0.0,0.0,3.0,3.0
521617,15/04/2024,2024,4,C984,YO SOY BIENESTAR,C1129,I AM ABUNDANCE,"I AM ABUNDANCE, S.A.P.I. DE C.V.",0.0,0.0,0.0,0.0,1.0,1.0
521617,15/05/2024,2024,5,C984,YO SOY BIENESTAR,C1129,I AM ABUNDANCE,"I AM ABUNDANCE, S.A.P.I. DE C.V.",0.0,0.0,0.0,0.0,15.0,15.0
521617,15/06/2024,2024,6,C984,YO SOY BIENESTAR,C1129,I AM ABUNDANCE,"I AM ABUNDANCE, S.A.P.I. DE C.V.",0.0,0.0,0.0,0.0,119.0,119.0
521617,15/07/2024,2024,7,C984,YO SOY BIENESTAR,C1129,I AM ABUNDANCE,"I AM ABUNDANCE, S.A.P.I. DE C.V.",0.0,0.0,0.0,0.0,60.0,60.0
521617,15/08/2024,2024,8,C984,YO SOY BIENESTAR,C1129,I AM ABUNDANCE,"I AM ABUNDANCE, S.A.P.I. DE C.V.",0.0,0.0,0.0,0.0,273.0,273.0
521617,15/09/2024,2024,9,C984,YO SOY BIENESTAR,C1129,I AM ABUNDANCE,"I AM ABUNDANCE, S.A.P.I. DE C.V.",0.0,0.0,0.0,0.0,232.0,232.0
521617,15/10/2024,2024,10,C984,YO SOY BIENESTAR,C1129,I AM ABUNDANCE,"I AM ABUNDANCE, S.A.P.I. DE C.V.",0.0,0.0,0.0,0.0,236.0,236.0
521617,15/11/2024,2024,11,C984,YO SOY BIENESTAR,C1129,I AM ABUNDANCE,"I AM ABUNDANCE, S.A.P.I. DE C.V.",0.0,0.0,0.0,0.0,1061.0,1061.0
521617,15/12/2024,2024,12,C984,YO SOY BIENESTAR,C1129,I AM ABUNDANCE,"I AM ABUNDANCE, S.A.P.I. DE C.V.",0.0,0.0,0.0,0.0,246.0,246.0
106870,15/10/2019,2019,10,C717,IENTC,C0717,IENTC,"IENTC, S. DE R.L. DE C.V.",0.0,0.0,0.0,0.0,17273.0,17273.0
106870,15/11/2019,2019,11,C717,IENTC,C0717,IENTC,"IENTC, S. DE R.L. DE C.V.",0.0,0.0,0.0,0.0,20268.0,20268.0
106870,15/12/2019,2019,12,C717,IENTC,C0717,IENTC,"IENTC, S. DE R.L. DE C.V.",0.0,0.0,0.0,0.0,21318.0,21318.0
106870,15/01/2020,2020,1,C717,IENTC,C0717,IENTC,"IENTC, S. DE R.L. DE C.V.",0.0,0.0,0.0,0.0,67150.0,67150.0
106870,15/02/2020,2020,2,C717,IENTC,C0717,IENTC,"IENTC, S. DE R.L. DE C.V.",0.0,0.0,0.0,0.0,70232.0,70232.0
106870,15/03/2020,2020,3,C717,IENTC,C0717,IENTC,"IENTC, S. DE R.L. DE C.V.",0.0,0.0,0.0,0.0,72523.0,72523.0
106870,15/04/2020,2020,4,C717,IENTC,C0717,IENTC,"IENTC, S. DE R.L. DE C.V.",0.0,0.0,0.0,0.0,4275.0,4275.0
106870,15/05/2020,2020,5,C717,IENTC,C0717,IENTC,"IENTC, S. DE R.L. DE C.V.",0.0,0.0,0.0,0.0,4495.0,4495.0
106870,15/06/2020,2020,6,C717,IENTC,C0717,IENTC,"IENTC, S. DE R.L. DE C.V.",0.0,0.0,0.0,0.0,4735.0,4735.0
106870,15/07/2020,2020,7,C717,IENTC,C0717,IENTC,"IENTC, S. DE R.L. DE C.V.",0.0,0.0,0.0,0.0,52151.0,52151.0
106870,15/08/2020,2020,8,C717,IENTC,C0717,IENTC,"IENTC, S. DE R.L. DE C.V.",0.0,0.0,0.0,0.0,52383.0,52383.0
106870,15/09/2020,2020,9,C717,IENTC,C0717,IENTC,"IENTC, S. DE R.L. DE C.V.",0.0,0.0,0.0,0.0,52138.0,52138.0
106870,15/10/2020,2020,10,C717,IENTC,C0717,IENTC,"IENTC, S. DE R.L. DE C.V.",0.0,0.0,0.0,0.0,3858.0,3858.0
106870,15/11/2020,2020,11,C717,IENTC,C0717,IENTC,"IENTC, S. DE R.L. DE C.V.",0.0,0.0,0.0,0.0,4099.0,4099.0
106870,15/12/2020,2020,12,C717,IENTC,C0717,IENTC,"IENTC, S. DE R.L. DE C.V.",0.0,0.0,0.0,0.0,4301.0,4301.0
106870,15/01/2021,2021,1,C717,IENTC,C0717,IENTC,"IENTC, S. DE R.L. DE C.V.",0.0,0.0,0.0,0.0,4342.0,4342.0
106870,15/02/2021,2021,2,C717,IENTC,C0717,IENTC,"IENTC, S. DE R.L. DE C.V.",0.0,0.0,0.0,0.0,4742.0,4742.0
106870,15/03/2021,2021,3,C717,IENTC,C0717,IENTC,"IENTC, S. DE R.L. DE C.V.",0.0,0.0,0.0,0.0,5116.0,5116.0
106870,15/04/2021,2021,4,C717,IENTC,C0717,IENTC,"IENTC, S. DE R.L. DE C.V.",0.0,0.0,0.0,0.0,5272.0,5272.0
106870,15/05/2021,2021,5,C717,IENTC,C0717,IENTC,"IENTC, S. DE R.L. DE C.V.",0.0,0.0,0.0,0.0,5506.0,5506.0
106870,15/06/2021,2021,6,C717,IENTC,C0717,IENTC,"IENTC, S. DE R.L. DE C.V.",0.0,0.0,0.0,0.0,5744.0,5744.0
106870,15/07/2021,2021,7,C717,IENTC,C0717,IENTC,"IENTC, S. DE R.L. DE C.V.",0.0,0.0,0.0,0.0,5227.0,5227.0
106870,15/08/2021,2021,8,C717,IENTC,C0717,IENTC,"IENTC, S. DE R.L. DE C.V.",0.0,0.0,0.0,0.0,5399.0,5399.0
106870,15/09/2021,2021,9,C717,IENTC,C0717,IENTC,"IENTC, S. DE R.L. DE C.V.",0.0,0.0,0.0,0.0,6141.0,6141.0
106870,15/10/2021,2021,10,C717,IENTC,C0717,IENTC,"IENTC, S. DE R.L. DE C.V.",0.0,0.0,0.0,0.0,6135.0,6135.0
106870,15/11/2021,2021,11,C717,IENTC,C0717,IENTC,"IENTC, S. DE R.L. DE C.V.",0.0,0.0,0.0,0.0,6598.0,6598.0
106870,15/12/2021,2021,12,C717,IENTC,C0717,IENTC,"IENTC, S. DE R.L. DE C.V.",0.0,0.0,0.0,0.0,6958.0,6958.0
106870,15/01/2022,2022,1,C717,IENTC,C0717,IENTC,"IENTC, S. DE R.L. DE C.V.",0.0,0.0,0.0,0.0,2066.0,2066.0
106870,15/02/2022,2022,2,C717,IENTC,C0717,IENTC,"IENTC, S. DE R.L. DE C.V.",0.0,0.0,0.0,0.0,2186.0,2186.0
106870,15/03/2022,2022,3,C717,IENTC,C0717,IENTC,"IENTC, S. DE R.L. DE C.V.",0.0,0.0,0.0,0.0,2269.0,2269.0
106870,15/04/2022,2022,4,C717,IENTC,C0717,IENTC,"IENTC, S. DE R.L. DE C.V.",0.0,0.0,0.0,0.0,2420.0,2420.0
106870,15/05/2022,2022,5,C717,IENTC,C0717,IENTC,"IENTC, S. DE R.L. DE C.V.",0.0,0.0,0.0,0.0,2670.0,2670.0
106870,15/06/2022,2022,6,C717,IENTC,C0717,IENTC,"IENTC, S. DE R.L. DE C.V.",0.0,0.0,0.0,0.0,2965.0,2965.0
106870,15/07/2022,2022,7,C717,IENTC,C0717,IENTC,"IENTC, S. DE R.L. DE C.V.",0.0,0.0,0.0,0.0,3144.0,3144.0
106870,15/08/2022,2022,8,C717,IENTC,C0717,IENTC,"IENTC, S. DE R.L. DE C.V.",0.0,0.0,0.0,0.0,3438.0,3438.0
106870,15/09/2022,2022,9,C717,IENTC,C0717,IENTC,"IENTC, S. DE R.L. DE C.V.",0.0,0.0,0.0,0.0,3749.0,3749.0
106870,15/10/2022,2022,10,C717,IENTC,C0717,IENTC,"IENTC, S. DE R.L. DE C.V.",0.0,0.0,0.0,0.0,4010.0,4010.0
106870,15/11/2022,2022,11,C717,IENTC,C0717,IENTC,"IENTC, S. DE R.L. DE C.V.",0.0,0.0,0.0,0.0,4265.0,4265.0
106870,15/12/2022,2022,12,C717,IENTC,C0717,IENTC,"IENTC, S. DE R.L. DE C.V.",0.0,0.0,0.0,0.0,4522.0,4522.0
106870,15/10/2023,2023,10,C717,IENTC,C0717,IENTC,"IENTC, S. DE R.L. DE C.V.",0.0,0.0,0.0,0.0,14330.0,14330.0
106870,15/11/2023,2023,11,C717,IENTC,C0717,IENTC,"IENTC, S. DE R.L. DE C.V.",0.0,0.0,0.0,0.0,14966.0,14966.0
106870,15/12/2023,2023,12,C717,IENTC,C0717,IENTC,"IENTC, S. DE R.L. DE C.V.",0.0,0.0,0.0,0.0,15765.0,15765.0
106870,15/01/2024,2024,1,C717,IENTC,C0717,IENTC,"IENTC, S. DE R.L. DE C.V.",0.0,0.0,0.0,0.0,15624.0,15624.0
106870,15/02/2024,2024,2,C717,IENTC,C0717,IENTC,"IENTC, S. DE R.L. DE C.V.",0.0,0.0,0.0,0.0,16350.0,16350.0
106870,15/03/2024,2024,3,C717,IENTC,C0717,IENTC,"IENTC, S. DE R.L. DE C.V.",0.0,0.0,0.0,0.0,16663.0,16663.0
106870,15/04/2024,2024,4,C717,IENTC,C0717,IENTC,"IENTC, S. DE R.L. DE C.V.",0.0,0.0,0.0,0.0,17022.0,17022.0
106870,15/05/2024,2024,5,C717,IENTC,C0717,IENTC,"IENTC, S. DE R.L. DE C.V.",0.0,0.0,0.0,0.0,17564.0,17564.0
106870,15/06/2024,2024,6,C717,IENTC,C0717,IENTC,"IENTC, S. DE R.L. DE C.V.",0.0,0.0,0.0,0.0,18038.0,18038.0
106870,15/07/2024,2024,7,C717,IENTC,C0717,IENTC,"IENTC, S. DE R.L. DE C.V.",0.0,0.0,0.0,0.0,18420.0,18420.0
106870,15/08/2024,2024,8,C717,IENTC,C0717,IENTC,"IENTC, S. DE R.L. DE C.V.",0.0,0.0,0.0,0.0,18958.0,18958.0
106870,15/09/2024,2024,9,C717,IENTC,C0717,IENTC,"IENTC, S. DE R.L. DE C.V.",0.0,0.0,0.0,0.0,19354.0,19354.0
106870,15/10/2024,2024,10,C717,IENTC,C0717,IENTC TELECOMUNICACIONES,"IENTC, S. DE R.L. DE C.V.",0.0,0.0,0.0,0.0,19893.0,19893.0
106870,15/11/2024,2024,11,C717,IENTC,C0717,IENTC TELECOMUNICACIONES,"IENTC, S. DE R.L. DE C.V.",0.0,0.0,0.0,0.0,20345.0,20345.0
106870,15/12/2024,2024,12,C717,IENTC,C0717,IENTC TELECOMUNICACIONES,"IENTC, S. DE R.L. DE C.V.",0.0,0.0,0.0,0.0,20616.0,20616.0
517654,15/01/2021,2021,1,C826,IGOU TELECOM,C0826,IGOU TELECOM,"SOLUCIONES Y ASESORIA EN COBRANZA, S. DE R.L. DE C.V.",0.0,0.0,0.0,0.0,10.0,10.0
517654,15/02/2021,2021,2,C826,IGOU TELECOM,C0826,IGOU TELECOM,"SOLUCIONES Y ASESORIA EN COBRANZA, S. DE R.L. DE C.V.",0.0,0.0,0.0,0.0,10.0,10.0
517654,15/03/2021,2021,3,C826,IGOU TELECOM,C0826,IGOU TELECOM,"SOLUCIONES Y ASESORIA EN COBRANZA, S. DE R.L. DE C.V.",0.0,0.0,0.0,0.0,14.0,14.0
517654,15/04/2021,2021,4,C826,IGOU TELECOM,C0826,IGOU TELECOM,"SOLUCIONES Y ASESORIA EN COBRANZA, S. DE R.L. DE C.V.",0.0,0.0,0.0,0.0,6.0,6.0
517654,15/05/2021,2021,5,C826,IGOU TELECOM,C0826,IGOU TELECOM,"SOLUCIONES Y ASESORIA EN COBRANZA, S. DE R.L. DE C.V.",0.0,0.0,0.0,0.0,22.0,22.0
517654,15/06/2021,2021,6,C826,IGOU TELECOM,C0826,IGOU TELECOM,"SOLUCIONES Y ASESORIA EN COBRANZA, S. DE R.L. DE C.V.",0.0,0.0,0.0,0.0,21.0,21.0
517654,15/07/2021,2021,7,C826,IGOU TELECOM,C0826,IGOU TELECOM,"SOLUCIONES Y ASESORIA EN COBRANZA, S. DE R.L. DE C.V.",0.0,0.0,0.0,0.0,35.0,35.0
517654,15/08/2021,2021,8,C826,IGOU TELECOM,C0826,IGOU TELECOM,"SOLUCIONES Y ASESORIA EN COBRANZA, S. DE R.L. DE C.V.",0.0,0.0,0.0,0.0,43.0,43.0
517654,15/09/2021,2021,9,C826,IGOU TELECOM,C0826,IGOU TELECOM,"SOLUCIONES Y ASESORIA EN COBRANZA, S. DE R.L. DE C.V.",0.0,0.0,0.0,0.0,47.0,47.0
517654,15/10/2021,2021,10,C826,IGOU TELECOM,C0826,IGOU TELECOM,"SOLUCIONES Y ASESORIA EN COBRANZA, S. DE R.L. DE C.V.",0.0,0.0,0.0,0.0,238.0,238.0
517654,15/11/2021,2021,11,C826,IGOU TELECOM,C0826,IGOU TELECOM,"SOLUCIONES Y ASESORIA EN COBRANZA, S. DE R.L. DE C.V.",0.0,0.0,0.0,0.0,153.0,153.0
517654,15/12/2021,2021,12,C826,IGOU TELECOM,C0826,IGOU TELECOM,"SOLUCIONES Y ASESORIA EN COBRANZA, S. DE R.L. DE C.V.",0.0,0.0,0.0,0.0,88.0,88.0
999996,15/06/2013,2013,6,G005,IUSACELL-UNEFÓN,C0264,IUSACELL-UNEFON,IUSACELL-UNEFON,1067053.0,762795.0,0.0,0.0,,1829848.0
999996,15/07/2013,2013,7,G005,IUSACELL-UNEFÓN,C0264,IUSACELL-UNEFON,IUSACELL-UNEFON,849545.0,1004834.0,0.0,0.0,,1854379.0
999996,15/08/2013,2013,8,G005,IUSACELL-UNEFÓN,C0264,IUSACELL-UNEFON,IUSACELL-UNEFON,861157.0,1018569.0,0.0,0.0,,1879726.0
999996,15/09/2013,2013,9,G005,IUSACELL-UNEFÓN,C0264,IUSACELL-UNEFON,IUSACELL-UNEFON,1100139.0,804936.0,0.0,0.0,,1905075.0
999996,15/10/2013,2013,10,G005,IUSACELL-UNEFÓN,C0264,IUSACELL-UNEFON,IUSACELL-UNEFON,887989.0,1050306.0,0.0,0.0,,1938295.0
999996,15/11/2013,2013,11,G005,IUSACELL-UNEFÓN,C0264,IUSACELL-UNEFON,IUSACELL-UNEFON,903716.0,1068907.0,0.0,0.0,,1972623.0
999996,15/12/2013,2013,12,G005,IUSACELL-UNEFÓN,C0264,IUSACELL-UNEFON,IUSACELL-UNEFON,1181102.0,824740.0,0.0,0.0,,2005842.0
999996,15/01/2014,2014,1,G005,IUSACELL-UNEFÓN,C0264,IUSACELL-UNEFON,IUSACELL-UNEFON,1065915.0,1260755.0,0.0,0.0,,2326670.0
999996,15/02/2014,2014,2,G005,IUSACELL-UNEFÓN,C0264,IUSACELL-UNEFON,IUSACELL-UNEFON,1212895.0,1434602.0,0.0,0.0,,2647497.0
999996,15/03/2014,2014,3,G005,IUSACELL-UNEFÓN,C0264,IUSACELL-UNEFON,IUSACELL-UNEFON,1172735.0,1764542.0,0.0,0.0,,2937277.0
999996,15/04/2014,2014,4,G005,IUSACELL-UNEFÓN,C0264,IUSACELL-UNEFON,IUSACELL-UNEFON,1410956.0,1668866.0,0.0,0.0,,3079822.0
999996,15/05/2014,2014,5,G005,IUSACELL-UNEFÓN,C0264,IUSACELL-UNEFON,IUSACELL-UNEFON,1474153.0,1743615.0,0.0,0.0,,3217768.0
999996,15/06/2014,2014,6,G005,IUSACELL-UNEFÓN,C0264,IUSACELL-UNEFON,IUSACELL-UNEFON,1316306.0,2044006.0,0.0,0.0,,3360312.0
999996,15/07/2014,2014,7,G005,IUSACELL-UNEFÓN,C0264,IUSACELL-UNEFON,IUSACELL-UNEFON,1494877.0,1768128.0,0.0,0.0,,3263005.0
999996,15/08/2014,2014,8,G005,IUSACELL-UNEFÓN,C0264,IUSACELL-UNEFON,IUSACELL-UNEFON,1448812.0,1713642.0,0.0,0.0,,3162454.0
999996,15/09/2014,2014,9,G005,IUSACELL-UNEFÓN,C0264,IUSACELL-UNEFON,IUSACELL-UNEFON,1255834.0,1806070.0,0.0,0.0,,3061904.0
999996,15/10/2014,2014,10,G005,IUSACELL-UNEFÓN,C0264,IUSACELL-UNEFON,IUSACELL-UNEFON,1409312.0,1666921.0,0.0,0.0,,3076233.0
999996,15/11/2014,2014,11,G005,IUSACELL-UNEFÓN,C0264,IUSACELL-UNEFON,IUSACELL-UNEFON,1416096.0,1674945.0,0.0,0.0,,3091041.0
999996,15/12/2014,2014,12,G005,IUSACELL-UNEFÓN,C0264,IUSACELL-UNEFON,IUSACELL-UNEFON,1295579.0,1809791.0,0.0,0.0,,3105370.0
999996,15/01/2015,2015,1,G005,IUSACELL-UNEFÓN,C0264,IUSACELL-UNEFON,IUSACELL-UNEFON,1439642.0,1702795.0,0.0,0.0,,3142437.0
999996,15/02/2015,2015,2,G005,IUSACELL-UNEFÓN,C0264,IUSACELL-UNEFON,IUSACELL-UNEFON,1456623.0,1722880.0,0.0,0.0,,3179503.0
999996,15/03/2015,2015,3,G005,IUSACELL-UNEFÓN,C0264,IUSACELL-UNEFON,IUSACELL-UNEFON,1265703.0,1947280.0,0.0,0.0,,3212983.0
999996,15/04/2015,2015,4,G005,IUSACELL-UNEFÓN,C0264,IUSACELL-UNEFON,IUSACELL-UNEFON,1469768.0,1738429.0,0.0,0.0,,3208197.0
999996,15/05/2015,2015,5,G005,IUSACELL-UNEFÓN,C0264,IUSACELL-UNEFON,IUSACELL-UNEFON,1467646.0,1735919.0,0.0,0.0,,3203565.0
999996,15/06/2015,2015,6,G005,IUSACELL-UNEFÓN,C0264,IUSACELL-UNEFON,IUSACELL-UNEFON,1259220.0,1939559.0,0.0,0.0,,3198779.0
999996,15/07/2015,2015,7,G005,IUSACELL-UNEFÓN,C0264,IUSACELL-UNEFON,IUSACELL-UNEFON,1506205.0,1781526.0,0.0,0.0,,3287731.0
999996,15/08/2015,2015,8,G005,IUSACELL-UNEFÓN,C0264,IUSACELL-UNEFON,IUSACELL-UNEFON,1548315.0,1831333.0,0.0,0.0,,3379648.0
999996,15/09/2015,2015,9,G005,IUSACELL-UNEFÓN,C0264,IUSACELL-UNEFON,IUSACELL-UNEFON,1478606.0,1992960.0,0.0,0.0,,3471566.0
100656,15/01/2023,2023,1,G004,GRUPO TELEVISA,C0784,IZZI,"CABLEVISION RED, S.A. DE C.V.",0.0,0.0,0.0,0.0,248260.0,248260.0
100656,15/02/2023,2023,2,G004,GRUPO TELEVISA,C0784,IZZI,"CABLEVISION RED, S.A. DE C.V.",0.0,0.0,0.0,0.0,256077.0,256077.0
100656,15/03/2023,2023,3,G004,GRUPO TELEVISA,C0784,IZZI,"CABLEVISION RED, S.A. DE C.V.",0.0,0.0,0.0,0.0,264313.0,264313.0
100656,15/04/2023,2023,4,G004,GRUPO TELEVISA,C0784,IZZI,"CABLEVISION RED, S.A. DE C.V.",0.0,0.0,0.0,0.0,268505.0,268505.0
100656,15/05/2023,2023,5,G004,GRUPO TELEVISA,C0784,IZZI,"CABLEVISION RED, S.A. DE C.V.",0.0,0.0,0.0,0.0,277467.0,277467.0
100656,15/06/2023,2023,6,G004,GRUPO TELEVISA,C0784,IZZI,"CABLEVISION RED, S.A. DE C.V.",0.0,0.0,0.0,0.0,285398.0,285398.0
100656,15/07/2023,2023,7,G004,GRUPO TELEVISA,C0784,IZZI,"CABLEVISION RED, S.A. DE C.V.",0.0,0.0,0.0,0.0,283780.0,283780.0
100656,15/08/2023,2023,8,G004,GRUPO TELEVISA,C0784,IZZI,"CABLEVISION RED, S.A. DE C.V.",0.0,0.0,0.0,0.0,288565.0,288565.0
100656,15/09/2023,2023,9,G004,GRUPO TELEVISA,C0784,IZZI,"CABLEVISION RED, S.A. DE C.V.",0.0,0.0,0.0,0.0,293174.0,293174.0
100656,15/01/2024,2024,1,G004,GRUPO TELEVISA,C0784,IZZI,"CABLEVISION RED, S.A. DE C.V.",0.0,0.0,0.0,0.0,310.0,310.0
100656,15/02/2024,2024,2,G004,GRUPO TELEVISA,C0784,IZZI,"CABLEVISION RED, S.A. DE C.V.",0.0,0.0,0.0,0.0,314.0,314.0
100656,15/03/2024,2024,3,G004,GRUPO TELEVISA,C0784,IZZI,"CABLEVISION RED, S.A. DE C.V.",0.0,0.0,0.0,0.0,318.0,318.0
100656,15/04/2024,2024,4,G004,GRUPO TELEVISA,C0784,IZZI,"CABLEVISION RED, S.A. DE C.V.",0.0,0.0,0.0,0.0,315131.0,315131.0
100656,15/05/2024,2024,5,G004,GRUPO TELEVISA,C0784,IZZI,"CABLEVISION RED, S.A. DE C.V.",0.0,0.0,0.0,0.0,316510.0,316510.0
100656,15/06/2024,2024,6,G004,GRUPO TELEVISA,C0784,IZZI,"CABLEVISION RED, S.A. DE C.V.",0.0,0.0,0.0,0.0,323229.0,323229.0
100692,15/07/2024,2024,7,G004,GRUPO TELEVISA,C0784,IZZI,"TELEVISION INTERNACIONAL, S.A. DE C.V.",0.0,0.0,0.0,0.0,322957.0,322957.0
100692,15/08/2024,2024,8,G004,GRUPO TELEVISA,C0784,IZZI,"TELEVISION INTERNACIONAL, S.A. DE C.V.",0.0,0.0,0.0,0.0,328678.0,328678.0
100692,15/09/2024,2024,9,G004,GRUPO TELEVISA,C0784,IZZI,"TELEVISION INTERNACIONAL, S.A. DE C.V.",0.0,0.0,0.0,0.0,327943.0,327943.0
100692,15/10/2024,2024,10,G004,GRUPO TELEVISA,C0784,IZZI,"TELEVISION INTERNACIONAL, S.A. DE C.V.",0.0,0.0,0.0,0.0,312611.0,312611.0
100692,15/11/2024,2024,11,G004,GRUPO TELEVISA,C0784,IZZI,"TELEVISION INTERNACIONAL, S.A. DE C.V.",0.0,0.0,0.0,0.0,324996.0,324996.0
100692,15/12/2024,2024,12,G004,GRUPO TELEVISA,C0784,IZZI,"TELEVISION INTERNACIONAL, S.A. DE C.V.",0.0,0.0,0.0,0.0,329168.0,329168.0
519363,15/04/2021,2021,4,C473,MARKETING 358,C0473,MARKETING 358,"MARKETING 358, S.A. DE C.V.",0.0,0.0,0.0,0.0,1.0,1.0
519363,15/05/2021,2021,5,C473,MARKETING 358,C0473,MARKETING 358,"MARKETING 358, S.A. DE C.V.",0.0,0.0,0.0,0.0,1.0,1.0
519363,15/06/2021,2021,6,C473,MARKETING 358,C0473,MARKETING 358,"MARKETING 358, S.A. DE C.V.",0.0,0.0,0.0,0.0,2.0,2.0
519363,15/07/2021,2021,7,C473,MARKETING 358,C0473,MARKETING 358,"MARKETING 358, S.A. DE C.V.",0.0,0.0,0.0,0.0,1945.0,1945.0
519363,15/08/2021,2021,8,C473,MARKETING 358,C0473,MARKETING 358,"MARKETING 358, S.A. DE C.V.",0.0,0.0,0.0,0.0,5027.0,5027.0
519363,15/09/2021,2021,9,C473,MARKETING 358,C0473,MARKETING 358,"MARKETING 358, S.A. DE C.V.",0.0,0.0,0.0,0.0,14344.0,14344.0
519363,15/10/2021,2021,10,C473,MARKETING 358,C0473,MARKETING 358,"MARKETING 358, S.A. DE C.V.",0.0,0.0,0.0,0.0,22815.0,22815.0
519363,15/11/2021,2021,11,C473,MARKETING 358,C0473,MARKETING 358,"MARKETING 358, S.A. DE C.V.",0.0,0.0,0.0,0.0,27841.0,27841.0
519363,15/12/2021,2021,12,C473,MARKETING 358,C0473,MARKETING 358,"MARKETING 358, S.A. DE C.V.",0.0,0.0,0.0,0.0,31752.0,31752.0
519363,15/04/2022,2022,4,C473,MARKETING 358,C0473,MARKETING 358,"MARKETING 358, S.A. DE C.V.",0.0,0.0,0.0,0.0,186.0,186.0
519363,15/05/2022,2022,5,C473,MARKETING 358,C0473,MARKETING 358,"MARKETING 358, S.A. DE C.V.",0.0,0.0,0.0,0.0,387.0,387.0
519363,15/06/2022,2022,6,C473,MARKETING 358,C0473,MARKETING 358,"MARKETING 358, S.A. DE C.V.",0.0,0.0,0.0,0.0,470.0,470.0
519363,15/07/2022,2022,7,C473,MARKETING 358,C0473,MARKETING 358,"MARKETING 358, S.A. DE C.V.",0.0,0.0,0.0,0.0,478.0,478.0
519363,15/08/2022,2022,8,C473,MARKETING 358,C0473,MARKETING 358,"MARKETING 358, S.A. DE C.V.",0.0,0.0,0.0,0.0,567.0,567.0
519363,15/09/2022,2022,9,C473,MARKETING 358,C0473,MARKETING 358,"MARKETING 358, S.A. DE C.V.",0.0,0.0,0.0,0.0,636.0,636.0
519363,15/10/2022,2022,10,C473,MARKETING 358,C0473,MARKETING 358,"MARKETING 358, S.A. DE C.V.",0.0,0.0,0.0,0.0,714.0,714.0
519363,15/11/2022,2022,11,C473,MARKETING 358,C0473,MARKETING 358,"MARKETING 358, S.A. DE C.V.",0.0,0.0,0.0,0.0,743.0,743.0
519363,15/12/2022,2022,12,C473,MARKETING 358,C0473,MARKETING 358,"MARKETING 358, S.A. DE C.V.",0.0,0.0,0.0,0.0,806.0,806.0
519363,15/01/2023,2023,1,C473,MARKETING 358,C0473,MARKETING 358,"MARKETING 358, S.A. DE C.V.",0.0,0.0,0.0,0.0,1176.0,1176.0
519363,15/02/2023,2023,2,C473,MARKETING 358,C0473,MARKETING 358,"MARKETING 358, S.A. DE C.V.",0.0,0.0,0.0,0.0,1266.0,1266.0
519363,15/03/2023,2023,3,C473,MARKETING 358,C0473,MARKETING 358,"MARKETING 358, S.A. DE C.V.",0.0,0.0,0.0,0.0,1378.0,1378.0
519363,15/04/2023,2023,4,C473,MARKETING 358,C0473,MARKETING 358,"MARKETING 358, S.A. DE C.V.",0.0,0.0,0.0,0.0,1438.0,1438.0
519363,15/05/2023,2023,5,C473,MARKETING 358,C0473,MARKETING 358,"MARKETING 358, S.A. DE C.V.",0.0,0.0,0.0,0.0,1009.0,1009.0
519363,15/06/2023,2023,6,C473,MARKETING 358,C0473,MARKETING 358,"MARKETING 358, S.A. DE C.V.",0.0,0.0,0.0,0.0,1045.0,1045.0
519363,15/10/2023,2023,10,C473,MARKETING 358,C0473,MARKETING 358,"MARKETING 358, S.A. DE C.V.",0.0,0.0,0.0,0.0,884.0,884.0
519363,15/11/2023,2023,11,C473,MARKETING 358,C0473,MARKETING 358,"MARKETING 358, S.A. DE C.V.",0.0,0.0,0.0,0.0,919.0,919.0
519363,15/12/2023,2023,12,C473,MARKETING 358,C0473,MARKETING 358,"MARKETING 358, S.A. DE C.V.",0.0,0.0,0.0,0.0,942.0,942.0
519363,15/01/2024,2024,1,C473,MARKETING 358,C0473,MARKETING 358,"MARKETING 358, S.A. DE C.V.",0.0,0.0,0.0,0.0,971.0,971.0
519363,15/02/2024,2024,2,C473,MARKETING 358,C0473,MARKETING 358,"MARKETING 358, S.A. DE C.V.",0.0,0.0,0.0,0.0,1004.0,1004.0
519363,15/03/2024,2024,3,C473,MARKETING 358,C0473,MARKETING 358,"MARKETING 358, S.A. DE C.V.",0.0,0.0,0.0,0.0,1038.0,1038.0
519363,15/04/2024,2024,4,C473,MARKETING 358,C0473,MARKETING 358,"MARKETING 358, S.A. DE C.V.",0.0,0.0,0.0,0.0,533.0,533.0
519363,15/05/2024,2024,5,C473,MARKETING 358,C0473,MARKETING 358,"MARKETING 358, S.A. DE C.V.",0.0,0.0,0.0,0.0,535.0,535.0
519363,15/06/2024,2024,6,C473,MARKETING 358,C0473,MARKETING 358,"MARKETING 358, S.A. DE C.V.",0.0,0.0,0.0,0.0,589.0,589.0
519363,15/07/2024,2024,7,C473,MARKETING 358,C0473,MARKETING 358,"MARKETING 358, S.A. DE C.V.",0.0,0.0,0.0,0.0,630.0,630.0
519363,15/08/2024,2024,8,C473,MARKETING 358,C0473,MARKETING 358,"MARKETING 358, S.A. DE C.V.",0.0,0.0,0.0,0.0,622.0,622.0
519363,15/09/2024,2024,9,C473,MARKETING 358,C0473,MARKETING 358,"MARKETING 358, S.A. DE C.V.",0.0,0.0,0.0,0.0,584.0,584.0
106223,15/07/2016,2016,7,C373,MAXCOM,C0373,MAXCOM,"MAXCOM TELECOMUNICACIONES, S.A.B. DE C.V.",0.0,0.0,6468.0,0.0,,6468.0
106223,15/08/2016,2016,8,C373,MAXCOM,C0373,MAXCOM,"MAXCOM TELECOMUNICACIONES, S.A.B. DE C.V.",0.0,0.0,5786.0,0.0,,5786.0
106223,15/09/2016,2016,9,C373,MAXCOM,C0373,MAXCOM,"MAXCOM TELECOMUNICACIONES, S.A.B. DE C.V.",0.0,0.0,5364.0,0.0,,5364.0
106223,15/10/2016,2016,10,C373,MAXCOM,C0373,MAXCOM,"MAXCOM TELECOMUNICACIONES, S.A.B. DE C.V.",0.0,0.0,4715.0,0.0,,4715.0
106223,15/11/2016,2016,11,C373,MAXCOM,C0373,MAXCOM,"MAXCOM TELECOMUNICACIONES, S.A.B. DE C.V.",0.0,0.0,3342.0,0.0,,3342.0
106223,15/12/2016,2016,12,C373,MAXCOM,C0373,MAXCOM,"MAXCOM TELECOMUNICACIONES, S.A.B. DE C.V.",0.0,0.0,3156.0,0.0,,3156.0
106223,15/01/2017,2017,1,C373,MAXCOM,C0373,MAXCOM,"MAXCOM TELECOMUNICACIONES, S.A.B. DE C.V.",0.0,0.0,0.0,0.0,1886.0,1886.0
106223,15/02/2017,2017,2,C373,MAXCOM,C0373,MAXCOM,"MAXCOM TELECOMUNICACIONES, S.A.B. DE C.V.",0.0,0.0,0.0,0.0,1724.0,1724.0
106223,15/03/2017,2017,3,C373,MAXCOM,C0373,MAXCOM,"MAXCOM TELECOMUNICACIONES, S.A.B. DE C.V.",0.0,0.0,0.0,0.0,1583.0,1583.0
106223,15/04/2017,2017,4,C373,MAXCOM,C0373,MAXCOM,"MAXCOM TELECOMUNICACIONES, S.A.B. DE C.V.",0.0,0.0,0.0,0.0,1449.0,1449.0
106223,15/05/2017,2017,5,C373,MAXCOM,C0373,MAXCOM,"MAXCOM TELECOMUNICACIONES, S.A.B. DE C.V.",0.0,0.0,0.0,0.0,17.0,17.0
106223,15/06/2017,2017,6,C373,MAXCOM,C0373,MAXCOM,"MAXCOM TELECOMUNICACIONES, S.A.B. DE C.V.",0.0,0.0,0.0,0.0,219.0,219.0
106223,15/07/2017,2017,7,C373,MAXCOM,C0373,MAXCOM,"MAXCOM TELECOMUNICACIONES, S.A.B. DE C.V.",0.0,0.0,0.0,0.0,863.0,863.0
106223,15/08/2017,2017,8,C373,MAXCOM,C0373,MAXCOM,"MAXCOM TELECOMUNICACIONES, S.A.B. DE C.V.",0.0,0.0,0.0,0.0,1544.0,1544.0
106223,15/09/2017,2017,9,C373,MAXCOM,C0373,MAXCOM,"MAXCOM TELECOMUNICACIONES, S.A.B. DE C.V.",0.0,0.0,0.0,0.0,2463.0,2463.0
106223,15/10/2017,2017,10,C373,MAXCOM,C0373,MAXCOM,"MAXCOM TELECOMUNICACIONES, S.A.B. DE C.V.",0.0,0.0,0.0,0.0,2149.0,2149.0
106223,15/11/2017,2017,11,C373,MAXCOM,C0373,MAXCOM,"MAXCOM TELECOMUNICACIONES, S.A.B. DE C.V.",0.0,0.0,0.0,0.0,3019.0,3019.0
106223,15/12/2017,2017,12,C373,MAXCOM,C0373,MAXCOM,"MAXCOM TELECOMUNICACIONES, S.A.B. DE C.V.",0.0,0.0,0.0,0.0,6096.0,6096.0
106223,15/01/2018,2018,1,C373,MAXCOM,C0373,MAXCOM,"MAXCOM TELECOMUNICACIONES, S.A.B. DE C.V.",8098.0,0.0,0.0,0.0,,8098.0
106223,15/02/2018,2018,2,C373,MAXCOM,C0373,MAXCOM,"MAXCOM TELECOMUNICACIONES, S.A.B. DE C.V.",9125.0,0.0,0.0,0.0,,9125.0
106223,15/03/2018,2018,3,C373,MAXCOM,C0373,MAXCOM,"MAXCOM TELECOMUNICACIONES, S.A.B. DE C.V.",12766.0,0.0,0.0,0.0,,12766.0
106223,15/04/2018,2018,4,C373,MAXCOM,C0373,MAXCOM,"MAXCOM TELECOMUNICACIONES, S.A.B. DE C.V.",16525.0,0.0,0.0,0.0,,16525.0
106223,15/05/2018,2018,5,C373,MAXCOM,C0373,MAXCOM,"MAXCOM TELECOMUNICACIONES, S.A.B. DE C.V.",18270.0,0.0,0.0,0.0,,18270.0
106223,15/06/2018,2018,6,C373,MAXCOM,C0373,MAXCOM,"MAXCOM TELECOMUNICACIONES, S.A.B. DE C.V.",17838.0,0.0,0.0,0.0,,17838.0
106223,15/07/2018,2018,7,C373,MAXCOM,C0373,MAXCOM,"MAXCOM TELECOMUNICACIONES, S.A.B. DE C.V.",20360.0,0.0,0.0,0.0,,20360.0
106223,15/08/2018,2018,8,C373,MAXCOM,C0373,MAXCOM,"MAXCOM TELECOMUNICACIONES, S.A.B. DE C.V.",23120.0,0.0,0.0,0.0,,23120.0
106223,15/09/2018,2018,9,C373,MAXCOM,C0373,MAXCOM,"MAXCOM TELECOMUNICACIONES, S.A.B. DE C.V.",27397.0,0.0,0.0,0.0,,27397.0
106223,15/10/2018,2018,10,C373,MAXCOM,C0373,MAXCOM,"MAXCOM TELECOMUNICACIONES, S.A.B. DE C.V.",40868.0,0.0,0.0,0.0,,40868.0
106223,15/11/2018,2018,11,C373,MAXCOM,C0373,MAXCOM,"MAXCOM TELECOMUNICACIONES, S.A.B. DE C.V.",50979.0,0.0,0.0,0.0,,50979.0
106223,15/12/2018,2018,12,C373,MAXCOM,C0373,MAXCOM,"MAXCOM TELECOMUNICACIONES, S.A.B. DE C.V.",47895.0,0.0,0.0,0.0,,47895.0
106223,15/01/2019,2019,1,C373,MAXCOM,C0373,MAXCOM,"MAXCOM TELECOMUNICACIONES, S.A.B. DE C.V.",45507.0,0.0,0.0,0.0,,45507.0
106223,15/02/2019,2019,2,C373,MAXCOM,C0373,MAXCOM,"MAXCOM TELECOMUNICACIONES, S.A.B. DE C.V.",42258.0,0.0,0.0,0.0,,42258.0
106223,15/03/2019,2019,3,C373,MAXCOM,C0373,MAXCOM,"MAXCOM TELECOMUNICACIONES, S.A.B. DE C.V.",39963.0,0.0,0.0,0.0,,39963.0
106223,15/04/2019,2019,4,C373,MAXCOM,C0373,MAXCOM,"MAXCOM TELECOMUNICACIONES, S.A.B. DE C.V.",37325.0,0.0,0.0,0.0,,37325.0
106223,15/05/2019,2019,5,C373,MAXCOM,C0373,MAXCOM,"MAXCOM TELECOMUNICACIONES, S.A.B. DE C.V.",34157.0,0.0,0.0,0.0,,34157.0
106223,15/06/2019,2019,6,C373,MAXCOM,C0373,MAXCOM,"MAXCOM TELECOMUNICACIONES, S.A.B. DE C.V.",29589.0,0.0,0.0,0.0,,29589.0
106223,15/07/2019,2019,7,C373,MAXCOM,C0373,MAXCOM,"MAXCOM TELECOMUNICACIONES, S.A.B. DE C.V.",24175.0,0.0,0.0,0.0,,24175.0
106223,15/08/2019,2019,8,C373,MAXCOM,C0373,MAXCOM,"MAXCOM TELECOMUNICACIONES, S.A.B. DE C.V.",22655.0,0.0,0.0,0.0,,22655.0
106223,15/09/2019,2019,9,C373,MAXCOM,C0373,MAXCOM,"MAXCOM TELECOMUNICACIONES, S.A.B. DE C.V.",20930.0,0.0,0.0,0.0,,20930.0
106223,15/10/2019,2019,10,C373,MAXCOM,C0373,MAXCOM,"MAXCOM TELECOMUNICACIONES, S.A.B. DE C.V.",17826.0,0.0,0.0,0.0,,17826.0
106223,15/11/2019,2019,11,C373,MAXCOM,C0373,MAXCOM,"MAXCOM TELECOMUNICACIONES, S.A.B. DE C.V.",15959.0,0.0,0.0,0.0,,15959.0
106223,15/12/2019,2019,12,C373,MAXCOM,C0373,MAXCOM,"MAXCOM TELECOMUNICACIONES, S.A.B. DE C.V.",13364.0,0.0,0.0,0.0,,13364.0
105792,15/04/2015,2015,4,C376,MAZ TIEMPO,C0376,MAZ TIEMPO,"MAZ TIEMPO, S.A.P.I. DE C.V.",16523.0,0.0,0.0,0.0,,16523.0
105792,15/05/2015,2015,5,C376,MAZ TIEMPO,C0376,MAZ TIEMPO,"MAZ TIEMPO, S.A.P.I. DE C.V.",19116.0,0.0,0.0,0.0,,19116.0
105792,15/06/2015,2015,6,C376,MAZ TIEMPO,C0376,MAZ TIEMPO,"MAZ TIEMPO, S.A.P.I. DE C.V.",21734.0,0.0,0.0,0.0,,21734.0
105792,15/07/2015,2015,7,C376,MAZ TIEMPO,C0376,MAZ TIEMPO,"MAZ TIEMPO, S.A.P.I. DE C.V.",23322.0,0.0,0.0,0.0,,23322.0
105792,15/08/2015,2015,8,C376,MAZ TIEMPO,C0376,MAZ TIEMPO,"MAZ TIEMPO, S.A.P.I. DE C.V.",24439.0,0.0,0.0,0.0,,24439.0
105792,15/09/2015,2015,9,C376,MAZ TIEMPO,C0376,MAZ TIEMPO,"MAZ TIEMPO, S.A.P.I. DE C.V.",28746.0,0.0,0.0,0.0,,28746.0
105792,15/10/2015,2015,10,C376,MAZ TIEMPO,C0376,MAZ TIEMPO,"MAZ TIEMPO, S.A.P.I. DE C.V.",31235.0,0.0,0.0,0.0,,31235.0
105792,15/11/2015,2015,11,C376,MAZ TIEMPO,C0376,MAZ TIEMPO,"MAZ TIEMPO, S.A.P.I. DE C.V.",32392.0,0.0,0.0,0.0,,32392.0
105792,15/12/2015,2015,12,C376,MAZ TIEMPO,C0376,MAZ TIEMPO,"MAZ TIEMPO, S.A.P.I. DE C.V.",33105.0,0.0,0.0,0.0,,33105.0
105792,15/01/2016,2016,1,C376,MAZ TIEMPO,C0376,MAZ TIEMPO,"MAZ TIEMPO, S.A.P.I. DE C.V.",36186.0,0.0,0.0,0.0,,36186.0
105792,15/02/2016,2016,2,C376,MAZ TIEMPO,C0376,MAZ TIEMPO,"MAZ TIEMPO, S.A.P.I. DE C.V.",39582.0,0.0,0.0,0.0,,39582.0
105792,15/03/2016,2016,3,C376,MAZ TIEMPO,C0376,MAZ TIEMPO,"MAZ TIEMPO, S.A.P.I. DE C.V.",41031.0,0.0,0.0,0.0,,41031.0
105792,15/04/2016,2016,4,C376,MAZ TIEMPO,C0376,MAZ TIEMPO,"MAZ TIEMPO, S.A.P.I. DE C.V.",41798.0,0.0,0.0,0.0,,41798.0
105792,15/05/2016,2016,5,C376,MAZ TIEMPO,C0376,MAZ TIEMPO,"MAZ TIEMPO, S.A.P.I. DE C.V.",43585.0,0.0,0.0,0.0,,43585.0
105792,15/06/2016,2016,6,C376,MAZ TIEMPO,C0376,MAZ TIEMPO,"MAZ TIEMPO, S.A.P.I. DE C.V.",45622.0,0.0,0.0,0.0,,45622.0
105792,15/07/2016,2016,7,C376,MAZ TIEMPO,C0376,MAZ TIEMPO,"MAZ TIEMPO, S.A.P.I. DE C.V.",46893.0,0.0,0.0,0.0,,46893.0
105792,15/08/2016,2016,8,C376,MAZ TIEMPO,C0376,MAZ TIEMPO,"MAZ TIEMPO, S.A.P.I. DE C.V.",48745.0,0.0,0.0,0.0,,48745.0
105792,15/09/2016,2016,9,C376,MAZ TIEMPO,C0376,MAZ TIEMPO,"MAZ TIEMPO, S.A.P.I. DE C.V.",49901.0,0.0,0.0,0.0,,49901.0
105792,15/10/2016,2016,10,C376,MAZ TIEMPO,C0376,MAZ TIEMPO,"MAZ TIEMPO, S.A.P.I. DE C.V.",50858.0,0.0,0.0,0.0,,50858.0
105792,15/11/2016,2016,11,C376,MAZ TIEMPO,C0376,MAZ TIEMPO,"MAZ TIEMPO, S.A.P.I. DE C.V.",51920.0,0.0,0.0,0.0,,51920.0
105792,15/12/2016,2016,12,C376,MAZ TIEMPO,C0376,MAZ TIEMPO,"MAZ TIEMPO, S.A.P.I. DE C.V.",52720.0,0.0,0.0,0.0,,52720.0
105792,15/01/2017,2017,1,C376,MAZ TIEMPO,C0376,MAZ TIEMPO,"MAZ TIEMPO, S.A.P.I. DE C.V.",46127.0,0.0,0.0,0.0,,46127.0
105792,15/02/2017,2017,2,C376,MAZ TIEMPO,C0376,MAZ TIEMPO,"MAZ TIEMPO, S.A.P.I. DE C.V.",23178.0,0.0,0.0,0.0,,23178.0
105792,15/03/2017,2017,3,C376,MAZ TIEMPO,C0376,MAZ TIEMPO,"MAZ TIEMPO, S.A.P.I. DE C.V.",9873.0,0.0,0.0,0.0,,9873.0
105792,15/04/2017,2017,4,C376,MAZ TIEMPO,C0376,MAZ TIEMPO,"MAZ TIEMPO, S.A.P.I. DE C.V.",0.0,0.0,0.0,0.0,7865.0,7865.0
105792,15/05/2017,2017,5,C376,MAZ TIEMPO,C0376,MAZ TIEMPO,"MAZ TIEMPO, S.A.P.I. DE C.V.",0.0,0.0,0.0,0.0,6123.0,6123.0
105792,15/06/2017,2017,6,C376,MAZ TIEMPO,C0376,MAZ TIEMPO,"MAZ TIEMPO, S.A.P.I. DE C.V.",0.0,0.0,0.0,0.0,4987.0,4987.0
105792,15/07/2017,2017,7,C376,MAZ TIEMPO,C0376,MAZ TIEMPO,"MAZ TIEMPO, S.A.P.I. DE C.V.",0.0,0.0,0.0,0.0,4623.0,4623.0
105792,15/08/2017,2017,8,C376,MAZ TIEMPO,C0376,MAZ TIEMPO,"MAZ TIEMPO, S.A.P.I. DE C.V.",0.0,0.0,0.0,0.0,4875.0,4875.0
105792,15/09/2017,2017,9,C376,MAZ TIEMPO,C0376,MAZ TIEMPO,"MAZ TIEMPO, S.A.P.I. DE C.V.",0.0,0.0,0.0,0.0,4749.0,4749.0
105792,15/10/2017,2017,10,C376,MAZ TIEMPO,C0376,MAZ TIEMPO,"MAZ TIEMPO, S.A.P.I. DE C.V.",0.0,0.0,0.0,0.0,4578.0,4578.0
105792,15/11/2017,2017,11,C376,MAZ TIEMPO,C0376,MAZ TIEMPO,"MAZ TIEMPO, S.A.P.I. DE C.V.",0.0,0.0,0.0,0.0,4781.0,4781.0
105792,15/12/2017,2017,12,C376,MAZ TIEMPO,C0376,MAZ TIEMPO,"MAZ TIEMPO, S.A.P.I. DE C.V.",0.0,0.0,0.0,0.0,4987.0,4987.0
105792,15/01/2018,2018,1,C376,MAZ TIEMPO,C0376,MAZ TIEMPO,"MAZ TIEMPO, S.A.P.I. DE C.V.",0.0,0.0,0.0,0.0,4090.0,4090.0
105792,15/02/2018,2018,2,C376,MAZ TIEMPO,C0376,MAZ TIEMPO,"MAZ TIEMPO, S.A.P.I. DE C.V.",0.0,0.0,0.0,0.0,4121.0,4121.0
105792,15/03/2018,2018,3,C376,MAZ TIEMPO,C0376,MAZ TIEMPO,"MAZ TIEMPO, S.A.P.I. DE C.V.",0.0,0.0,0.0,0.0,4655.0,4655.0
105792,15/04/2018,2018,4,C376,MAZ TIEMPO,C0376,MAZ TIEMPO,"MAZ TIEMPO, S.A.P.I. DE C.V.",0.0,0.0,0.0,0.0,5100.0,5100.0
105792,15/05/2018,2018,5,C376,MAZ TIEMPO,C0376,MAZ TIEMPO,"MAZ TIEMPO, S.A.P.I. DE C.V.",0.0,0.0,0.0,0.0,4900.0,4900.0
105792,15/06/2018,2018,6,C376,MAZ TIEMPO,C0376,MAZ TIEMPO,"MAZ TIEMPO, S.A.P.I. DE C.V.",0.0,0.0,0.0,0.0,4132.0,4132.0
105792,15/07/2018,2018,7,C376,MAZ TIEMPO,C0376,MAZ TIEMPO,"MAZ TIEMPO, S.A.P.I. DE C.V.",0.0,0.0,0.0,0.0,5231.0,5231.0
105792,15/08/2018,2018,8,C376,MAZ TIEMPO,C0376,MAZ TIEMPO,"MAZ TIEMPO, S.A.P.I. DE C.V.",0.0,0.0,0.0,0.0,5437.0,5437.0
105792,15/09/2018,2018,9,C376,MAZ TIEMPO,C0376,MAZ TIEMPO,"MAZ TIEMPO, S.A.P.I. DE C.V.",0.0,0.0,0.0,0.0,5537.0,5537.0
105792,15/10/2018,2018,10,C376,MAZ TIEMPO,C0376,MAZ TIEMPO,"MAZ TIEMPO, S.A.P.I. DE C.V.",0.0,0.0,0.0,0.0,5580.0,5580.0
105792,15/11/2018,2018,11,C376,MAZ TIEMPO,C0376,MAZ TIEMPO,"MAZ TIEMPO, S.A.P.I. DE C.V.",0.0,0.0,0.0,0.0,5620.0,5620.0
105792,15/12/2018,2018,12,C376,MAZ TIEMPO,C0376,MAZ TIEMPO,"MAZ TIEMPO, S.A.P.I. DE C.V.",0.0,0.0,0.0,0.0,5750.0,5750.0
105792,15/01/2019,2019,1,C376,MAZ TIEMPO,C0376,MAZ TIEMPO,"MAZ TIEMPO, S.A.P.I. DE C.V.",0.0,0.0,0.0,0.0,5850.0,5850.0
105792,15/02/2019,2019,2,C376,MAZ TIEMPO,C0376,MAZ TIEMPO,"MAZ TIEMPO, S.A.P.I. DE C.V.",0.0,0.0,0.0,0.0,5890.0,5890.0
105792,15/03/2019,2019,3,C376,MAZ TIEMPO,C0376,MAZ TIEMPO,"MAZ TIEMPO, S.A.P.I. DE C.V.",0.0,0.0,0.0,0.0,5940.0,5940.0
105792,15/04/2019,2019,4,C376,MAZ TIEMPO,C0376,MAZ TIEMPO,"MAZ TIEMPO, S.A.P.I. DE C.V.",0.0,0.0,0.0,0.0,6000.0,6000.0
105792,15/05/2019,2019,5,C376,MAZ TIEMPO,C0376,MAZ TIEMPO,"MAZ TIEMPO, S.A.P.I. DE C.V.",0.0,0.0,0.0,0.0,6150.0,6150.0
105792,15/06/2019,2019,6,C376,MAZ TIEMPO,C0376,MAZ TIEMPO,"MAZ TIEMPO, S.A.P.I. DE C.V.",0.0,0.0,0.0,0.0,6300.0,6300.0
105792,15/07/2019,2019,7,C376,MAZ TIEMPO,C0376,MAZ TIEMPO,"MAZ TIEMPO, S.A.P.I. DE C.V.",0.0,0.0,0.0,0.0,5000.0,5000.0
105792,15/08/2019,2019,8,C376,MAZ TIEMPO,C0376,MAZ TIEMPO,"MAZ TIEMPO, S.A.P.I. DE C.V.",0.0,0.0,0.0,0.0,4500.0,4500.0
105792,15/09/2019,2019,9,C376,MAZ TIEMPO,C0376,MAZ TIEMPO,"MAZ TIEMPO, S.A.P.I. DE C.V.",0.0,0.0,0.0,0.0,4000.0,4000.0
105792,15/10/2019,2019,10,C376,MAZ TIEMPO,C0376,MAZ TIEMPO,"MAZ TIEMPO, S.A.P.I. DE C.V.",0.0,0.0,0.0,0.0,3500.0,3500.0
105792,15/11/2019,2019,11,C376,MAZ TIEMPO,C0376,MAZ TIEMPO,"MAZ TIEMPO, S.A.P.I. DE C.V.",0.0,0.0,0.0,0.0,3000.0,3000.0
105792,15/12/2019,2019,12,C376,MAZ TIEMPO,C0376,MAZ TIEMPO,"MAZ TIEMPO, S.A.P.I. DE C.V.",0.0,0.0,0.0,0.0,2500.0,2500.0
100418,15/01/2019,2019,1,G008,MEGACABLE-MCM,C0378,MEGACABLE,"MEGA CABLE, S.A. DE C.V.",2962.0,0.0,0.0,0.0,,2962.0
100418,15/02/2019,2019,2,G008,MEGACABLE-MCM,C0378,MEGACABLE,"MEGA CABLE, S.A. DE C.V.",25469.0,0.0,0.0,0.0,,25469.0
100418,15/03/2019,2019,3,G008,MEGACABLE-MCM,C0378,MEGACABLE,"MEGA CABLE, S.A. DE C.V.",21501.0,0.0,0.0,0.0,,21501.0
100418,15/04/2019,2019,4,G008,MEGACABLE-MCM,C0378,MEGACABLE,"MEGA CABLE, S.A. DE C.V.",12020.0,0.0,0.0,0.0,,12020.0
100418,15/05/2019,2019,5,G008,MEGACABLE-MCM,C0378,MEGACABLE,"MEGA CABLE, S.A. DE C.V.",12020.0,0.0,0.0,0.0,,12020.0
100418,15/06/2019,2019,6,G008,MEGACABLE-MCM,C0378,MEGACABLE,"MEGA CABLE, S.A. DE C.V.",12020.0,0.0,0.0,0.0,,12020.0
100418,15/07/2019,2019,7,G008,MEGACABLE-MCM,C0378,MEGACABLE,"MEGA CABLE, S.A. DE C.V.",0.0,0.0,1833.0,0.0,,1833.0
100418,15/08/2019,2019,8,G008,MEGACABLE-MCM,C0378,MEGACABLE,"MEGA CABLE, S.A. DE C.V.",0.0,0.0,1682.0,0.0,,1682.0
100418,15/09/2019,2019,9,G008,MEGACABLE-MCM,C0378,MEGACABLE,"MEGA CABLE, S.A. DE C.V.",0.0,0.0,1541.0,0.0,,1541.0
100418,15/10/2019,2019,10,G008,MEGACABLE-MCM,C0378,MEGACABLE,"MEGA CABLE, S.A. DE C.V.",0.0,0.0,1294.0,0.0,,1294.0
100418,15/11/2019,2019,11,G008,MEGACABLE-MCM,C0378,MEGACABLE,"MEGA CABLE, S.A. DE C.V.",20.0,0.0,1309.0,0.0,,1329.0
100418,15/12/2019,2019,12,G008,MEGACABLE-MCM,C0378,MEGACABLE,"MEGA CABLE, S.A. DE C.V.",257.0,0.0,3870.0,0.0,,4127.0
100418,15/01/2020,2020,1,G008,MEGACABLE-MCM,C0378,MEGACABLE,"MEGA CABLE, S.A. DE C.V.",601.0,0.0,6481.0,0.0,,7082.0
100418,15/02/2020,2020,2,G008,MEGACABLE-MCM,C0378,MEGACABLE,"MEGA CABLE, S.A. DE C.V.",1083.0,0.0,9455.0,0.0,,10538.0
100418,15/03/2020,2020,3,G008,MEGACABLE-MCM,C0378,MEGACABLE,"MEGA CABLE, S.A. DE C.V.",16188.0,0.0,14450.0,0.0,,30638.0
100418,15/04/2020,2020,4,G008,MEGACABLE-MCM,C0378,MEGACABLE,"MEGA CABLE, S.A. DE C.V.",2886.0,0.0,17927.0,0.0,,20813.0
100418,15/05/2020,2020,5,G008,MEGACABLE-MCM,C0378,MEGACABLE,"MEGA CABLE, S.A. DE C.V.",5289.0,0.0,23323.0,0.0,,28612.0
100418,15/06/2020,2020,6,G008,MEGACABLE-MCM,C0378,MEGACABLE,"MEGA CABLE, S.A. DE C.V.",7869.0,0.0,31330.0,0.0,,39199.0
100418,15/07/2020,2020,7,G008,MEGACABLE-MCM,C0378,MEGACABLE,"MEGA CABLE, S.A. DE C.V.",10486.0,0.0,39681.0,0.0,,50167.0
100418,15/08/2020,2020,8,G008,MEGACABLE-MCM,C0378,MEGACABLE,"MEGA CABLE, S.A. DE C.V.",11821.0,0.0,60235.0,0.0,,72056.0
100418,15/09/2020,2020,9,G008,MEGACABLE-MCM,C0378,MEGACABLE,"MEGA CABLE, S.A. DE C.V.",12335.0,0.0,85161.0,0.0,,97496.0
100418,15/10/2020,2020,10,G008,MEGACABLE-MCM,C0378,MEGACABLE,"MEGA CABLE, S.A. DE C.V.",13572.0,0.0,118181.0,0.0,,131753.0
100418,15/11/2020,2020,11,G008,MEGACABLE-MCM,C0378,MEGACABLE,"MEGA CABLE, S.A. DE C.V.",13699.0,0.0,139174.0,0.0,,152873.0
100418,15/12/2020,2020,12,G008,MEGACABLE-MCM,C0378,MEGACABLE,"MEGA CABLE, S.A. DE C.V.",13917.0,0.0,160546.0,0.0,,174463.0
100418,15/01/2021,2021,1,G008,MEGACABLE-MCM,C0378,MEGACABLE,"MEGA CABLE, S.A. DE C.V.",0.0,0.0,0.0,0.0,183634.0,183634.0
100715,15/01/2021,2021,1,G008,MEGACABLE-MCM,C0378,MEGACABLE,"MYC RED, S.A. DE C.V.",0.0,0.0,0.0,0.0,518.0,518.0
105695,15/01/2021,2021,1,G008,MEGACABLE-MCM,C0378,MEGACABLE,"SERVICIO Y EQUIPO EN TELEFONIA INTERNET Y TV, S.A. DE C.V.",0.0,0.0,0.0,0.0,8483.0,8483.0
100418,15/02/2021,2021,2,G008,MEGACABLE-MCM,C0378,MEGACABLE,"MEGA CABLE, S.A. DE C.V.",0.0,0.0,0.0,0.0,188956.0,188956.0
100715,15/02/2021,2021,2,G008,MEGACABLE-MCM,C0378,MEGACABLE,"MYC RED, S.A. DE C.V.",0.0,0.0,0.0,0.0,559.0,559.0
105695,15/02/2021,2021,2,G008,MEGACABLE-MCM,C0378,MEGACABLE,"SERVICIO Y EQUIPO EN TELEFONIA INTERNET Y TV, S.A. DE C.V.",0.0,0.0,0.0,0.0,9239.0,9239.0
100418,15/03/2021,2021,3,G008,MEGACABLE-MCM,C0378,MEGACABLE,"MEGA CABLE, S.A. DE C.V.",0.0,0.0,0.0,0.0,198694.0,198694.0
100715,15/03/2021,2021,3,G008,MEGACABLE-MCM,C0378,MEGACABLE,"MYC RED, S.A. DE C.V.",0.0,0.0,0.0,0.0,686.0,686.0
105695,15/03/2021,2021,3,G008,MEGACABLE-MCM,C0378,MEGACABLE,"SERVICIO Y EQUIPO EN TELEFONIA INTERNET Y TV, S.A. DE C.V.",0.0,0.0,0.0,0.0,10038.0,10038.0
100715,15/04/2021,2021,4,G008,MEGACABLE-MCM,C0378,MEGACABLE,"MYC RED, S.A. DE C.V.",0.0,0.0,0.0,0.0,746.0,746.0
105695,15/04/2021,2021,4,G008,MEGACABLE-MCM,C0378,MEGACABLE,"SERVICIO Y EQUIPO EN TELEFONIA INTERNET Y TV, S.A. DE C.V.",0.0,0.0,0.0,0.0,10997.0,10997.0
100715,15/05/2021,2021,5,G008,MEGACABLE-MCM,C0378,MEGACABLE,"MYC RED, S.A. DE C.V.",0.0,0.0,0.0,0.0,900.0,900.0
105695,15/05/2021,2021,5,G008,MEGACABLE-MCM,C0378,MEGACABLE,"SERVICIO Y EQUIPO EN TELEFONIA INTERNET Y TV, S.A. DE C.V.",0.0,0.0,0.0,0.0,12163.0,12163.0
100715,15/06/2021,2021,6,G008,MEGACABLE-MCM,C0378,MEGACABLE,"MYC RED, S.A. DE C.V.",0.0,0.0,0.0,0.0,1531.0,1531.0
105695,15/06/2021,2021,6,G008,MEGACABLE-MCM,C0378,MEGACABLE,"SERVICIO Y EQUIPO EN TELEFONIA INTERNET Y TV, S.A. DE C.V.",0.0,0.0,0.0,0.0,15243.0,15243.0
100418,15/07/2021,2021,7,G008,MEGACABLE-MCM,C0378,MEGACABLE,"MEGA CABLE, S.A. DE C.V.",0.0,0.0,0.0,0.0,270790.0,270790.0
100715,15/07/2021,2021,7,G008,MEGACABLE-MCM,C0378,MEGACABLE,"MYC RED, S.A. DE C.V.",0.0,0.0,0.0,0.0,1406.0,1406.0
105695,15/07/2021,2021,7,G008,MEGACABLE-MCM,C0378,MEGACABLE,"SERVICIO Y EQUIPO EN TELEFONIA INTERNET Y TV, S.A. DE C.V.",0.0,0.0,0.0,0.0,14586.0,14586.0
100418,15/08/2021,2021,8,G008,MEGACABLE-MCM,C0378,MEGACABLE,"MEGA CABLE, S.A. DE C.V.",0.0,0.0,0.0,0.0,303076.0,303076.0
100715,15/08/2021,2021,8,G008,MEGACABLE-MCM,C0378,MEGACABLE,"MYC RED, S.A. DE C.V.",0.0,0.0,0.0,0.0,1500.0,1500.0
105695,15/08/2021,2021,8,G008,MEGACABLE-MCM,C0378,MEGACABLE,"SERVICIO Y EQUIPO EN TELEFONIA INTERNET Y TV, S.A. DE C.V.",0.0,0.0,0.0,0.0,17708.0,17708.0
100418,15/09/2021,2021,9,G008,MEGACABLE-MCM,C0378,MEGACABLE,"MEGA CABLE, S.A. DE C.V.",0.0,0.0,0.0,0.0,324392.0,324392.0
100715,15/09/2021,2021,9,G008,MEGACABLE-MCM,C0378,MEGACABLE,"MYC RED, S.A. DE C.V.",0.0,0.0,0.0,0.0,1503.0,1503.0
105695,15/09/2021,2021,9,G008,MEGACABLE-MCM,C0378,MEGACABLE,"SERVICIO Y EQUIPO EN TELEFONIA INTERNET Y TV, S.A. DE C.V.",0.0,0.0,0.0,0.0,19855.0,19855.0
100715,15/10/2021,2021,10,G008,MEGACABLE-MCM,C0378,MEGACABLE,"MYC RED, S.A. DE C.V.",0.0,0.0,0.0,0.0,1259.0,1259.0
105695,15/10/2021,2021,10,G008,MEGACABLE-MCM,C0378,MEGACABLE,"SERVICIO Y EQUIPO EN TELEFONIA INTERNET Y TV, S.A. DE C.V.",0.0,0.0,0.0,0.0,19738.0,19738.0
100715,15/11/2021,2021,11,G008,MEGACABLE-MCM,C0378,MEGACABLE,"MYC RED, S.A. DE C.V.",0.0,0.0,0.0,0.0,1398.0,1398.0
105695,15/11/2021,2021,11,G008,MEGACABLE-MCM,C0378,MEGACABLE,"SERVICIO Y EQUIPO EN TELEFONIA INTERNET Y TV, S.A. DE C.V.",0.0,0.0,0.0,0.0,21968.0,21968.0
100715,15/12/2021,2021,12,G008,MEGACABLE-MCM,C0378,MEGACABLE,"MYC RED, S.A. DE C.V.",0.0,0.0,0.0,0.0,1553.0,1553.0
105695,15/12/2021,2021,12,G008,MEGACABLE-MCM,C0378,MEGACABLE,"SERVICIO Y EQUIPO EN TELEFONIA INTERNET Y TV, S.A. DE C.V.",0.0,0.0,0.0,0.0,24543.0,24543.0
100418,15/01/2022,2022,1,G008,MEGACABLE-MCM,C0378,MEGACABLE,"MEGA CABLE, S.A. DE C.V.",0.0,0.0,0.0,0.0,377480.0,377480.0
100715,15/01/2022,2022,1,G008,MEGACABLE-MCM,C0378,MEGACABLE,"MYC RED, S.A. DE C.V.",0.0,0.0,0.0,0.0,1079.0,1079.0
105695,15/01/2022,2022,1,G008,MEGACABLE-MCM,C0378,MEGACABLE,"SERVICIO Y EQUIPO EN TELEFONIA INTERNET Y TV, S.A. DE C.V.",0.0,0.0,0.0,0.0,23816.0,23816.0
100418,15/02/2022,2022,2,G008,MEGACABLE-MCM,C0378,MEGACABLE,"MEGA CABLE, S.A. DE C.V.",0.0,0.0,0.0,0.0,451080.0,451080.0
100715,15/02/2022,2022,2,G008,MEGACABLE-MCM,C0378,MEGACABLE,"MYC RED, S.A. DE C.V.",0.0,0.0,0.0,0.0,1337.0,1337.0
105695,15/02/2022,2022,2,G008,MEGACABLE-MCM,C0378,MEGACABLE,"SERVICIO Y EQUIPO EN TELEFONIA INTERNET Y TV, S.A. DE C.V.",0.0,0.0,0.0,0.0,28271.0,28271.0
100418,15/03/2022,2022,3,G008,MEGACABLE-MCM,C0378,MEGACABLE,"MEGA CABLE, S.A. DE C.V.",0.0,0.0,0.0,0.0,406952.0,406952.0
100715,15/03/2022,2022,3,G008,MEGACABLE-MCM,C0378,MEGACABLE,"MYC RED, S.A. DE C.V.",0.0,0.0,0.0,0.0,1498.0,1498.0
105695,15/03/2022,2022,3,G008,MEGACABLE-MCM,C0378,MEGACABLE,"SERVICIO Y EQUIPO EN TELEFONIA INTERNET Y TV, S.A. DE C.V.",0.0,0.0,0.0,0.0,27312.0,27312.0
100418,15/04/2022,2022,4,G008,MEGACABLE-MCM,C0378,MEGACABLE,"MEGA CABLE, S.A. DE C.V.",0.0,0.0,0.0,0.0,415993.0,415993.0
100715,15/04/2022,2022,4,G008,MEGACABLE-MCM,C0378,MEGACABLE,"MYC RED, S.A. DE C.V.",0.0,0.0,0.0,0.0,1389.0,1389.0
105695,15/04/2022,2022,4,G008,MEGACABLE-MCM,C0378,MEGACABLE,"SERVICIO Y EQUIPO EN TELEFONIA INTERNET Y TV, S.A. DE C.V.",0.0,0.0,0.0,0.0,26326.0,26326.0
100418,15/05/2022,2022,5,G008,MEGACABLE-MCM,C0378,MEGACABLE,"MEGA CABLE, S.A. DE C.V.",0.0,0.0,0.0,0.0,415037.0,415037.0
100715,15/05/2022,2022,5,G008,MEGACABLE-MCM,C0378,MEGACABLE,"MYC RED, S.A. DE C.V.",0.0,0.0,0.0,0.0,1242.0,1242.0
105695,15/05/2022,2022,5,G008,MEGACABLE-MCM,C0378,MEGACABLE,"SERVICIO Y EQUIPO EN TELEFONIA INTERNET Y TV, S.A. DE C.V.",0.0,0.0,0.0,0.0,26029.0,26029.0
100418,15/06/2022,2022,6,G008,MEGACABLE-MCM,C0378,MEGACABLE,"MEGA CABLE, S.A. DE C.V.",0.0,0.0,0.0,0.0,415471.0,415471.0
100715,15/06/2022,2022,6,G008,MEGACABLE-MCM,C0378,MEGACABLE,"MYC RED, S.A. DE C.V.",0.0,0.0,0.0,0.0,1138.0,1138.0
105695,15/06/2022,2022,6,G008,MEGACABLE-MCM,C0378,MEGACABLE,"SERVICIO Y EQUIPO EN TELEFONIA INTERNET Y TV, S.A. DE C.V.",0.0,0.0,0.0,0.0,26253.0,26253.0
100418,15/07/2022,2022,7,G008,MEGACABLE-MCM,C0378,MEGACABLE,"MEGA CABLE, S.A. DE C.V.",0.0,0.0,0.0,0.0,413778.0,413778.0
100715,15/07/2022,2022,7,G008,MEGACABLE-MCM,C0378,MEGACABLE,"MYC RED, S.A. DE C.V.",0.0,0.0,0.0,0.0,1118.0,1118.0
105695,15/07/2022,2022,7,G008,MEGACABLE-MCM,C0378,MEGACABLE,"SERVICIO Y EQUIPO EN TELEFONIA INTERNET Y TV, S.A. DE C.V.",0.0,0.0,0.0,0.0,26326.0,26326.0
100418,15/08/2022,2022,8,G008,MEGACABLE-MCM,C0378,MEGACABLE,"MEGA CABLE, S.A. DE C.V.",0.0,0.0,0.0,0.0,412409.0,412409.0
100715,15/08/2022,2022,8,G008,MEGACABLE-MCM,C0378,MEGACABLE,"MYC RED, S.A. DE C.V.",0.0,0.0,0.0,0.0,1089.0,1089.0
105695,15/08/2022,2022,8,G008,MEGACABLE-MCM,C0378,MEGACABLE,"SERVICIO Y EQUIPO EN TELEFONIA INTERNET Y TV, S.A. DE C.V.",0.0,0.0,0.0,0.0,26029.0,26029.0
100418,15/09/2022,2022,9,G008,MEGACABLE-MCM,C0378,MEGACABLE,"MEGA CABLE, S.A. DE C.V.",0.0,0.0,0.0,0.0,425692.0,425692.0
100715,15/09/2022,2022,9,G008,MEGACABLE-MCM,C0378,MEGACABLE,"MYC RED, S.A. DE C.V.",0.0,0.0,0.0,0.0,1096.0,1096.0
105695,15/09/2022,2022,9,G008,MEGACABLE-MCM,C0378,MEGACABLE,"SERVICIO Y EQUIPO EN TELEFONIA INTERNET Y TV, S.A. DE C.V.",0.0,0.0,0.0,0.0,26253.0,26253.0
100418,15/10/2022,2022,10,G008,MEGACABLE-MCM,C0378,MEGACABLE,"MEGA CABLE, S.A. DE C.V.",0.0,0.0,0.0,0.0,423252.0,423252.0
100715,15/10/2022,2022,10,G008,MEGACABLE-MCM,C0378,MEGACABLE,"MYC RED, S.A. DE C.V.",0.0,0.0,0.0,0.0,1134.0,1134.0
105695,15/10/2022,2022,10,G008,MEGACABLE-MCM,C0378,MEGACABLE,"SERVICIO Y EQUIPO EN TELEFONIA INTERNET Y TV, S.A. DE C.V.",0.0,0.0,0.0,0.0,24141.0,24141.0
100418,15/11/2022,2022,11,G008,MEGACABLE-MCM,C0378,MEGACABLE,"MEGA CABLE, S.A. DE C.V.",0.0,0.0,0.0,0.0,404319.0,404319.0
100715,15/11/2022,2022,11,G008,MEGACABLE-MCM,C0378,MEGACABLE,"MYC RED, S.A. DE C.V.",0.0,0.0,0.0,0.0,1105.0,1105.0
105695,15/11/2022,2022,11,G008,MEGACABLE-MCM,C0378,MEGACABLE,"SERVICIO Y EQUIPO EN TELEFONIA INTERNET Y TV, S.A. DE C.V.",0.0,0.0,0.0,0.0,22779.0,22779.0
100418,15/12/2022,2022,12,G008,MEGACABLE-MCM,C0378,MEGACABLE,"MEGA CABLE, S.A. DE C.V.",0.0,0.0,0.0,0.0,389604.0,389604.0
100715,15/12/2022,2022,12,G008,MEGACABLE-MCM,C0378,MEGACABLE,"MYC RED, S.A. DE C.V.",0.0,0.0,0.0,0.0,1091.0,1091.0
105695,15/12/2022,2022,12,G008,MEGACABLE-MCM,C0378,MEGACABLE,"SERVICIO Y EQUIPO EN TELEFONIA INTERNET Y TV, S.A. DE C.V.",0.0,0.0,0.0,0.0,21619.0,21619.0
100418,15/01/2023,2023,1,G008,MEGACABLE-MCM,C0378,MEGACABLE,"MEGA CABLE, S.A. DE C.V.",0.0,0.0,0.0,0.0,366210.0,366210.0
100715,15/01/2023,2023,1,G008,MEGACABLE-MCM,C0378,MEGACABLE,"MYC RED, S.A. DE C.V.",0.0,0.0,0.0,0.0,1080.0,1080.0
105695,15/01/2023,2023,1,G008,MEGACABLE-MCM,C0378,MEGACABLE,"SERVICIO Y EQUIPO EN TELEFONIA INTERNET Y TV, S.A. DE C.V.",0.0,0.0,0.0,0.0,20447.0,20447.0
100418,15/02/2023,2023,2,G008,MEGACABLE-MCM,C0378,MEGACABLE,"MEGA CABLE, S.A. DE C.V.",0.0,0.0,0.0,0.0,373531.0,373531.0
100715,15/02/2023,2023,2,G008,MEGACABLE-MCM,C0378,MEGACABLE,"MYC RED, S.A. DE C.V.",0.0,0.0,0.0,0.0,1094.0,1094.0
105695,15/02/2023,2023,2,G008,MEGACABLE-MCM,C0378,MEGACABLE,"SERVICIO Y EQUIPO EN TELEFONIA INTERNET Y TV, S.A. DE C.V.",0.0,0.0,0.0,0.0,20792.0,20792.0
100418,15/03/2023,2023,3,G008,MEGACABLE-MCM,C0378,MEGACABLE,"MEGA CABLE, S.A. DE C.V.",0.0,0.0,0.0,0.0,376849.0,376849.0
100715,15/03/2023,2023,3,G008,MEGACABLE-MCM,C0378,MEGACABLE,"MYC RED, S.A. DE C.V.",0.0,0.0,0.0,0.0,1139.0,1139.0
105695,15/03/2023,2023,3,G008,MEGACABLE-MCM,C0378,MEGACABLE,"SERVICIO Y EQUIPO EN TELEFONIA INTERNET Y TV, S.A. DE C.V.",0.0,0.0,0.0,0.0,21071.0,21071.0
100418,15/04/2023,2023,4,G008,MEGACABLE-MCM,C0378,MEGACABLE,"MEGA CABLE, S.A. DE C.V.",0.0,0.0,0.0,0.0,359203.0,359203.0
100715,15/04/2023,2023,4,G008,MEGACABLE-MCM,C0378,MEGACABLE,"MYC RED, S.A. DE C.V.",0.0,0.0,0.0,0.0,1118.0,1118.0
105695,15/04/2023,2023,4,G008,MEGACABLE-MCM,C0378,MEGACABLE,"SERVICIO Y EQUIPO EN TELEFONIA INTERNET Y TV, S.A. DE C.V.",0.0,0.0,0.0,0.0,21332.0,21332.0
100418,15/05/2023,2023,5,G008,MEGACABLE-MCM,C0378,MEGACABLE,"MEGA CABLE, S.A. DE C.V.",0.0,0.0,0.0,0.0,363991.0,363991.0
100715,15/05/2023,2023,5,G008,MEGACABLE-MCM,C0378,MEGACABLE,"MYC RED, S.A. DE C.V.",0.0,0.0,0.0,0.0,1194.0,1194.0
105695,15/05/2023,2023,5,G008,MEGACABLE-MCM,C0378,MEGACABLE,"SERVICIO Y EQUIPO EN TELEFONIA INTERNET Y TV, S.A. DE C.V.",0.0,0.0,0.0,0.0,21525.0,21525.0
100418,15/06/2023,2023,6,G008,MEGACABLE-MCM,C0378,MEGACABLE,"MEGA CABLE, S.A. DE C.V.",0.0,0.0,0.0,0.0,367985.0,367985.0
100715,15/06/2023,2023,6,G008,MEGACABLE-MCM,C0378,MEGACABLE,"MYC RED, S.A. DE C.V.",0.0,0.0,0.0,0.0,1227.0,1227.0
105695,15/06/2023,2023,6,G008,MEGACABLE-MCM,C0378,MEGACABLE,"SERVICIO Y EQUIPO EN TELEFONIA INTERNET Y TV, S.A. DE C.V.",0.0,0.0,0.0,0.0,21576.0,21576.0
100418,15/07/2023,2023,7,G008,MEGACABLE-MCM,C0378,MEGACABLE,"MEGA CABLE, S.A. DE C.V.",0.0,0.0,0.0,0.0,371031.0,371031.0
100715,15/07/2023,2023,7,G008,MEGACABLE-MCM,C0378,MEGACABLE,"MYC RED, S.A. DE C.V.",0.0,0.0,0.0,0.0,1254.0,1254.0
105695,15/07/2023,2023,7,G008,MEGACABLE-MCM,C0378,MEGACABLE,"SERVICIO Y EQUIPO EN TELEFONIA INTERNET Y TV, S.A. DE C.V.",0.0,0.0,0.0,0.0,21508.0,21508.0
100418,15/08/2023,2023,8,G008,MEGACABLE-MCM,C0378,MEGACABLE,"MEGA CABLE, S.A. DE C.V.",0.0,0.0,0.0,0.0,381601.0,381601.0
100715,15/08/2023,2023,8,G008,MEGACABLE-MCM,C0378,MEGACABLE,"MYC RED, S.A. DE C.V.",0.0,0.0,0.0,0.0,1270.0,1270.0
105695,15/08/2023,2023,8,G008,MEGACABLE-MCM,C0378,MEGACABLE,"SERVICIO Y EQUIPO EN TELEFONIA INTERNET Y TV, S.A. DE C.V.",0.0,0.0,0.0,0.0,22205.0,22205.0
100418,15/09/2023,2023,9,G008,MEGACABLE-MCM,C0378,MEGACABLE,"MEGA CABLE, S.A. DE C.V.",0.0,0.0,0.0,0.0,388389.0,388389.0
100715,15/09/2023,2023,9,G008,MEGACABLE-MCM,C0378,MEGACABLE,"MYC RED, S.A. DE C.V.",0.0,0.0,0.0,0.0,1317.0,1317.0
105695,15/09/2023,2023,9,G008,MEGACABLE-MCM,C0378,MEGACABLE,"SERVICIO Y EQUIPO EN TELEFONIA INTERNET Y TV, S.A. DE C.V.",0.0,0.0,0.0,0.0,22544.0,22544.0
100418,15/10/2023,2023,10,G008,MEGACABLE-MCM,C0378,MEGACABLE,"MEGA CABLE, S.A. DE C.V.",0.0,0.0,0.0,0.0,397233.0,397233.0
100715,15/10/2023,2023,10,G008,MEGACABLE-MCM,C0378,MEGACABLE,"MYC RED, S.A. DE C.V.",0.0,0.0,0.0,0.0,1334.0,1334.0
105695,15/10/2023,2023,10,G008,MEGACABLE-MCM,C0378,MEGACABLE,"SERVICIO Y EQUIPO EN TELEFONIA INTERNET Y TV, S.A. DE C.V.",0.0,0.0,0.0,0.0,23078.0,23078.0
100418,15/11/2023,2023,11,G008,MEGACABLE-MCM,C0378,MEGACABLE,"MEGA CABLE, S.A. DE C.V.",0.0,0.0,0.0,0.0,405588.0,405588.0
100715,15/11/2023,2023,11,G008,MEGACABLE-MCM,C0378,MEGACABLE,"MYC RED, S.A. DE C.V.",0.0,0.0,0.0,0.0,1334.0,1334.0
105695,15/11/2023,2023,11,G008,MEGACABLE-MCM,C0378,MEGACABLE,"SERVICIO Y EQUIPO EN TELEFONIA INTERNET Y TV, S.A. DE C.V.",0.0,0.0,0.0,0.0,23187.0,23187.0
100418,15/12/2023,2023,12,G008,MEGACABLE-MCM,C0378,MEGACABLE,"MEGA CABLE, S.A. DE C.V.",0.0,0.0,0.0,0.0,408902.0,408902.0
100715,15/12/2023,2023,12,G008,MEGACABLE-MCM,C0378,MEGACABLE,"MYC RED, S.A. DE C.V.",0.0,0.0,0.0,0.0,1324.0,1324.0
105695,15/12/2023,2023,12,G008,MEGACABLE-MCM,C0378,MEGACABLE,"SERVICIO Y EQUIPO EN TELEFONIA INTERNET Y TV, S.A. DE C.V.",0.0,0.0,0.0,0.0,23162.0,23162.0
100418,15/01/2024,2024,1,G008,MEGACABLE-MCM,C0378,MEGACABLE,"MEGA CABLE, S.A. DE C.V.",0.0,0.0,0.0,0.0,413136.0,413136.0
100715,15/01/2024,2024,1,G008,MEGACABLE-MCM,C0378,MEGACABLE,"MYC RED, S.A. DE C.V.",0.0,0.0,0.0,0.0,1315.0,1315.0
105695,15/01/2024,2024,1,G008,MEGACABLE-MCM,C0378,MEGACABLE,"SERVICIO Y EQUIPO EN TELEFONIA INTERNET Y TV, S.A. DE C.V.",0.0,0.0,0.0,0.0,22671.0,22671.0
100418,15/02/2024,2024,2,G008,MEGACABLE-MCM,C0378,MEGACABLE,"MEGA CABLE, S.A. DE C.V.",0.0,0.0,0.0,0.0,425940.0,425940.0
100715,15/02/2024,2024,2,G008,MEGACABLE-MCM,C0378,MEGACABLE,"MYC RED, S.A. DE C.V.",0.0,0.0,0.0,0.0,1367.0,1367.0
105695,15/02/2024,2024,2,G008,MEGACABLE-MCM,C0378,MEGACABLE,"SERVICIO Y EQUIPO EN TELEFONIA INTERNET Y TV, S.A. DE C.V.",0.0,0.0,0.0,0.0,22726.0,22726.0
100418,15/03/2024,2024,3,G008,MEGACABLE-MCM,C0378,MEGACABLE,"MEGA CABLE, S.A. DE C.V.",0.0,0.0,0.0,0.0,436804.0,436804.0
100715,15/03/2024,2024,3,G008,MEGACABLE-MCM,C0378,MEGACABLE,"MYC RED, S.A. DE C.V.",0.0,0.0,0.0,0.0,1388.0,1388.0
105695,15/03/2024,2024,3,G008,MEGACABLE-MCM,C0378,MEGACABLE,"SERVICIO Y EQUIPO EN TELEFONIA INTERNET Y TV, S.A. DE C.V.",0.0,0.0,0.0,0.0,22877.0,22877.0
100418,15/04/2024,2024,4,G008,MEGACABLE-MCM,C0378,MEGACABLE,"MEGA CABLE, S.A. DE C.V.",0.0,0.0,0.0,0.0,434761.0,434761.0
100715,15/04/2024,2024,4,G008,MEGACABLE-MCM,C0378,MEGACABLE,"MYC RED, S.A. DE C.V.",0.0,0.0,0.0,0.0,1398.0,1398.0
105695,15/04/2024,2024,4,G008,MEGACABLE-MCM,C0378,MEGACABLE,"SERVICIO Y EQUIPO EN TELEFONIA INTERNET Y TV, S.A. DE C.V.",0.0,0.0,0.0,0.0,22516.0,22516.0
100418,15/05/2024,2024,5,G008,MEGACABLE-MCM,C0378,MEGACABLE,"MEGA CABLE, S.A. DE C.V.",0.0,0.0,0.0,0.0,435390.0,435390.0
100715,15/05/2024,2024,5,G008,MEGACABLE-MCM,C0378,MEGACABLE,"MYC RED, S.A. DE C.V.",0.0,0.0,0.0,0.0,1404.0,1404.0
105695,15/05/2024,2024,5,G008,MEGACABLE-MCM,C0378,MEGACABLE,"SERVICIO Y EQUIPO EN TELEFONIA INTERNET Y TV, S.A. DE C.V.",0.0,0.0,0.0,0.0,22423.0,22423.0
100418,15/06/2024,2024,6,G008,MEGACABLE-MCM,C0378,MEGACABLE,"MEGA CABLE, S.A. DE C.V.",0.0,0.0,0.0,0.0,444764.0,444764.0
100715,15/06/2024,2024,6,G008,MEGACABLE-MCM,C0378,MEGACABLE,"MYC RED, S.A. DE C.V.",0.0,0.0,0.0,0.0,1505.0,1505.0
105695,15/06/2024,2024,6,G008,MEGACABLE-MCM,C0378,MEGACABLE,"SERVICIO Y EQUIPO EN TELEFONIA INTERNET Y TV, S.A. DE C.V.",0.0,0.0,0.0,0.0,22416.0,22416.0
100418,15/07/2024,2024,7,G008,MEGACABLE-MCM,C0378,MEGACABLE,"MEGA CABLE, S.A. DE C.V.",0.0,0.0,0.0,0.0,461709.0,461709.0
100715,15/07/2024,2024,7,G008,MEGACABLE-MCM,C0378,MEGACABLE,"MYC RED, S.A. DE C.V.",0.0,0.0,0.0,0.0,1481.0,1481.0
105695,15/07/2024,2024,7,G008,MEGACABLE-MCM,C0378,MEGACABLE,"SERVICIO Y EQUIPO EN TELEFONIA INTERNET Y TV, S.A. DE C.V.",0.0,0.0,0.0,0.0,23184.0,23184.0
100418,15/08/2024,2024,8,G008,MEGACABLE-MCM,C0378,MEGACABLE,"MEGA CABLE, S.A. DE C.V.",0.0,0.0,0.0,0.0,480944.0,480944.0
100715,15/08/2024,2024,8,G008,MEGACABLE-MCM,C0378,MEGACABLE,"MYC RED, S.A. DE C.V.",0.0,0.0,0.0,0.0,1391.0,1391.0
105695,15/08/2024,2024,8,G008,MEGACABLE-MCM,C0378,MEGACABLE,"SERVICIO Y EQUIPO EN TELEFONIA INTERNET Y TV, S.A. DE C.V.",0.0,0.0,0.0,0.0,23352.0,23352.0
100418,15/09/2024,2024,9,G008,MEGACABLE-MCM,C0378,MEGACABLE,"MEGA CABLE, S.A. DE C.V.",0.0,0.0,0.0,0.0,487560.0,487560.0
100715,15/09/2024,2024,9,G008,MEGACABLE-MCM,C0378,MEGACABLE,"MYC RED, S.A. DE C.V.",0.0,0.0,0.0,0.0,1446.0,1446.0
105695,15/09/2024,2024,9,G008,MEGACABLE-MCM,C0378,MEGACABLE,"SERVICIO Y EQUIPO EN TELEFONIA INTERNET Y TV, S.A. DE C.V.",0.0,0.0,0.0,0.0,23557.0,23557.0
100418,15/10/2024,2024,10,G008,MEGACABLE-MCM,C0378,MEGACABLE,"MEGA CABLE, S.A. DE C.V.",0.0,0.0,0.0,0.0,501382.0,501382.0
100715,15/10/2024,2024,10,G008,MEGACABLE-MCM,C0378,MEGACABLE,"MYC RED, S.A. DE C.V.",0.0,0.0,0.0,0.0,1562.0,1562.0
105695,15/10/2024,2024,10,G008,MEGACABLE-MCM,C0378,MEGACABLE,"SERVICIO Y EQUIPO EN TELEFONIA INTERNET Y TV, S.A. DE C.V.",0.0,0.0,0.0,0.0,23993.0,23993.0
100418,15/11/2024,2024,11,G008,MEGACABLE-MCM,C0378,MEGACABLE,"MEGA CABLE, S.A. DE C.V.",0.0,0.0,0.0,0.0,515455.0,515455.0
100715,15/11/2024,2024,11,G008,MEGACABLE-MCM,C0378,MEGACABLE,"MYC RED, S.A. DE C.V.",0.0,0.0,0.0,0.0,1523.0,1523.0
105695,15/11/2024,2024,11,G008,MEGACABLE-MCM,C0378,MEGACABLE,"SERVICIO Y EQUIPO EN TELEFONIA INTERNET Y TV, S.A. DE C.V.",0.0,0.0,0.0,0.0,24308.0,24308.0
100418,15/12/2024,2024,12,G008,MEGACABLE-MCM,C0378,MEGACABLE,"MEGA CABLE, S.A. DE C.V.",0.0,0.0,0.0,0.0,528047.0,528047.0
100715,15/12/2024,2024,12,G008,MEGACABLE-MCM,C0378,MEGACABLE,"MYC RED, S.A. DE C.V.",0.0,0.0,0.0,0.0,1674.0,1674.0
105695,15/12/2024,2024,12,G008,MEGACABLE-MCM,C0378,MEGACABLE,"SERVICIO Y EQUIPO EN TELEFONIA INTERNET Y TV, S.A. DE C.V.",0.0,0.0,0.0,0.0,24601.0,24601.0
105875,15/10/2016,2016,10,C659,MEGATEL,C0659,MEGATEL,"QUICKLY PHONE, S.A. DE C.V.",78.0,0.0,0.0,0.0,,78.0
105875,15/11/2016,2016,11,C659,MEGATEL,C0659,MEGATEL,"QUICKLY PHONE, S.A. DE C.V.",287.0,0.0,0.0,0.0,,287.0
105875,15/12/2016,2016,12,C659,MEGATEL,C0659,MEGATEL,"QUICKLY PHONE, S.A. DE C.V.",7787.0,0.0,0.0,0.0,,7787.0
105875,15/01/2017,2017,1,C659,MEGATEL,C0659,MEGATEL,"QUICKLY PHONE, S.A. DE C.V.",0.0,0.0,0.0,0.0,835.0,835.0
105875,15/02/2017,2017,2,C659,MEGATEL,C0659,MEGATEL,"QUICKLY PHONE, S.A. DE C.V.",0.0,0.0,0.0,0.0,162.0,162.0
105875,15/03/2017,2017,3,C659,MEGATEL,C0659,MEGATEL,"QUICKLY PHONE, S.A. DE C.V.",0.0,0.0,0.0,0.0,446.0,446.0
105875,15/04/2017,2017,4,C659,MEGATEL,C0659,MEGATEL,"QUICKLY PHONE, S.A. DE C.V.",0.0,0.0,0.0,0.0,134.0,134.0
105875,15/05/2017,2017,5,C659,MEGATEL,C0659,MEGATEL,"QUICKLY PHONE, S.A. DE C.V.",0.0,0.0,0.0,0.0,198.0,198.0
105875,15/06/2017,2017,6,C659,MEGATEL,C0659,MEGATEL,"QUICKLY PHONE, S.A. DE C.V.",0.0,0.0,0.0,0.0,65.0,65.0
105875,15/07/2017,2017,7,C659,MEGATEL,C0659,MEGATEL,"QUICKLY PHONE, S.A. DE C.V.",0.0,0.0,0.0,0.0,25.0,25.0
105875,15/08/2017,2017,8,C659,MEGATEL,C0659,MEGATEL,"QUICKLY PHONE, S.A. DE C.V.",0.0,0.0,0.0,0.0,16.0,16.0
105875,15/09/2017,2017,9,C659,MEGATEL,C0659,MEGATEL,"QUICKLY PHONE, S.A. DE C.V.",0.0,0.0,0.0,0.0,12.0,12.0
105875,15/10/2017,2017,10,C659,MEGATEL,C0659,MEGATEL,"QUICKLY PHONE, S.A. DE C.V.",0.0,0.0,0.0,0.0,10.0,10.0
105875,15/11/2017,2017,11,C659,MEGATEL,C0659,MEGATEL,"QUICKLY PHONE, S.A. DE C.V.",0.0,0.0,0.0,0.0,8.0,8.0
105875,15/12/2017,2017,12,C659,MEGATEL,C0659,MEGATEL,"QUICKLY PHONE, S.A. DE C.V.",0.0,0.0,0.0,0.0,2.0,2.0
518205,15/01/2021,2021,1,C754,MEXFON,C0754,MEXFON,"ADS MOBILE SERVICES, S. DE R.L. DE C.V.",0.0,0.0,0.0,0.0,101.0,101.0
518205,15/02/2021,2021,2,C754,MEXFON,C0754,MEXFON,"ADS MOBILE SERVICES, S. DE R.L. DE C.V.",0.0,0.0,0.0,0.0,115.0,115.0
518205,15/03/2021,2021,3,C754,MEXFON,C0754,MEXFON,"ADS MOBILE SERVICES, S. DE R.L. DE C.V.",0.0,0.0,0.0,0.0,127.0,127.0
518205,15/04/2021,2021,4,C754,MEXFON,C0754,MEXFON,"ADS MOBILE SERVICES, S. DE R.L. DE C.V.",0.0,0.0,0.0,0.0,137.0,137.0
518205,15/05/2021,2021,5,C754,MEXFON,C0754,MEXFON,"ADS MOBILE SERVICES, S. DE R.L. DE C.V.",0.0,0.0,0.0,0.0,140.0,140.0
518205,15/06/2021,2021,6,C754,MEXFON,C0754,MEXFON,"ADS MOBILE SERVICES, S. DE R.L. DE C.V.",0.0,0.0,0.0,0.0,147.0,147.0
518205,15/07/2021,2021,7,C754,MEXFON,C0754,MEXFON,"ADS MOBILE SERVICES, S. DE R.L. DE C.V.",0.0,0.0,0.0,0.0,149.0,149.0
518205,15/08/2021,2021,8,C754,MEXFON,C0754,MEXFON,"ADS MOBILE SERVICES, S. DE R.L. DE C.V.",0.0,0.0,0.0,0.0,153.0,153.0
518205,15/09/2021,2021,9,C754,MEXFON,C0754,MEXFON,"ADS MOBILE SERVICES, S. DE R.L. DE C.V.",0.0,0.0,0.0,0.0,166.0,166.0
518205,15/10/2021,2021,10,C754,MEXFON,C0754,MEXFON,"ADS MOBILE SERVICES, S. DE R.L. DE C.V.",0.0,0.0,0.0,0.0,171.0,171.0
518205,15/11/2021,2021,11,C754,MEXFON,C0754,MEXFON,"ADS MOBILE SERVICES, S. DE R.L. DE C.V.",0.0,0.0,0.0,0.0,176.0,176.0
518205,15/12/2021,2021,12,C754,MEXFON,C0754,MEXFON,"ADS MOBILE SERVICES, S. DE R.L. DE C.V.",0.0,0.0,0.0,0.0,182.0,182.0
518205,15/01/2022,2022,1,C754,MEXFON,C0754,MEXFON,"ADS MOBILE SERVICES, S. DE R.L. DE C.V.",0.0,0.0,0.0,0.0,186.0,186.0
518205,15/02/2022,2022,2,C754,MEXFON,C0754,MEXFON,"ADS MOBILE SERVICES, S. DE R.L. DE C.V.",0.0,0.0,0.0,0.0,195.0,195.0
518205,15/03/2022,2022,3,C754,MEXFON,C0754,MEXFON,"ADS MOBILE SERVICES, S. DE R.L. DE C.V.",0.0,0.0,0.0,0.0,117.0,117.0
518205,15/04/2022,2022,4,C754,MEXFON,C0754,MEXFON,"ADS MOBILE SERVICES, S. DE R.L. DE C.V.",0.0,0.0,0.0,0.0,124.0,124.0
518205,15/05/2022,2022,5,C754,MEXFON,C0754,MEXFON,"ADS MOBILE SERVICES, S. DE R.L. DE C.V.",0.0,0.0,0.0,0.0,121.0,121.0
518205,15/06/2022,2022,6,C754,MEXFON,C0754,MEXFON,"ADS MOBILE SERVICES, S. DE R.L. DE C.V.",0.0,0.0,0.0,0.0,126.0,126.0
518205,15/07/2022,2022,7,C754,MEXFON,C0754,MEXFON,"ADS MOBILE SERVICES, S. DE R.L. DE C.V.",0.0,0.0,0.0,0.0,135.0,135.0
518205,15/08/2022,2022,8,C754,MEXFON,C0754,MEXFON,"ADS MOBILE SERVICES, S. DE R.L. DE C.V.",0.0,0.0,0.0,0.0,148.0,148.0
518205,15/09/2022,2022,9,C754,MEXFON,C0754,MEXFON,"ADS MOBILE SERVICES, S. DE R.L. DE C.V.",0.0,0.0,0.0,0.0,164.0,164.0
518205,15/10/2022,2022,10,C754,MEXFON,C0754,MEXFON,"ADS MOBILE SERVICES, S. DE R.L. DE C.V.",0.0,0.0,0.0,0.0,168.0,168.0
518205,15/11/2022,2022,11,C754,MEXFON,C0754,MEXFON,"ADS MOBILE SERVICES, S. DE R.L. DE C.V.",0.0,0.0,0.0,0.0,134.0,134.0
518205,15/12/2022,2022,12,C754,MEXFON,C0754,MEXFON,"ADS MOBILE SERVICES, S. DE R.L. DE C.V.",0.0,0.0,0.0,0.0,170.0,170.0
518205,15/01/2023,2023,1,C754,MEXFON,C0754,MEXFON,"ADS MOBILE SERVICES, S. DE R.L. DE C.V.",0.0,0.0,0.0,0.0,234.0,234.0
518205,15/02/2023,2023,2,C754,MEXFON,C0754,MEXFON,"ADS MOBILE SERVICES, S. DE R.L. DE C.V.",0.0,0.0,0.0,0.0,225.0,225.0
518205,15/03/2023,2023,3,C754,MEXFON,C0754,MEXFON,"ADS MOBILE SERVICES, S. DE R.L. DE C.V.",0.0,0.0,0.0,0.0,139.0,139.0
518205,15/04/2023,2023,4,C754,MEXFON,C0754,MEXFON,"ADS MOBILE SERVICES, S. DE R.L. DE C.V.",0.0,0.0,0.0,0.0,13.0,13.0
518205,15/05/2023,2023,5,C754,MEXFON,C0754,MEXFON,"ADS MOBILE SERVICES, S. DE R.L. DE C.V.",0.0,0.0,0.0,0.0,17.0,17.0
518205,15/06/2023,2023,6,C754,MEXFON,C0754,MEXFON,"ADS MOBILE SERVICES, S. DE R.L. DE C.V.",0.0,0.0,0.0,0.0,7.0,7.0
518205,15/07/2023,2023,7,C754,MEXFON,C0754,MEXFON,"ADS MOBILE SERVICES, S. DE R.L. DE C.V.",0.0,0.0,0.0,0.0,496.0,496.0
518205,15/08/2023,2023,8,C754,MEXFON,C0754,MEXFON,"ADS MOBILE SERVICES, S. DE R.L. DE C.V.",0.0,0.0,0.0,0.0,727.0,727.0
518205,15/09/2023,2023,9,C754,MEXFON,C0754,MEXFON,"ADS MOBILE SERVICES, S. DE R.L. DE C.V.",0.0,0.0,0.0,0.0,1236.0,1236.0
518205,15/10/2023,2023,10,C754,MEXFON,C0754,MEXFON,"ADS MOBILE SERVICES, S. DE R.L. DE C.V.",0.0,0.0,0.0,0.0,1272.0,1272.0
518205,15/11/2023,2023,11,C754,MEXFON,C0754,MEXFON,"ADS MOBILE SERVICES, S. DE R.L. DE C.V.",0.0,0.0,0.0,0.0,1267.0,1267.0
518205,15/12/2023,2023,12,C754,MEXFON,C0754,MEXFON,"ADS MOBILE SERVICES, S. DE R.L. DE C.V.",0.0,0.0,0.0,0.0,1827.0,1827.0
518205,15/01/2024,2024,1,C754,MEXFON,C0754,MEXFON,"ADS MOBILE SERVICES, S. DE R.L. DE C.V.",0.0,0.0,0.0,0.0,171.0,171.0
518205,15/02/2024,2024,2,C754,MEXFON,C0754,MEXFON,"ADS MOBILE SERVICES, S. DE R.L. DE C.V.",0.0,0.0,0.0,0.0,79.0,79.0
518205,15/03/2024,2024,3,C754,MEXFON,C0754,MEXFON,"ADS MOBILE SERVICES, S. DE R.L. DE C.V.",0.0,0.0,0.0,0.0,167.0,167.0
518205,15/04/2024,2024,4,C754,MEXFON,C0754,MEXFON,"ADS MOBILE SERVICES, S. DE R.L. DE C.V.",0.0,0.0,0.0,0.0,169.0,169.0
518205,15/05/2024,2024,5,C754,MEXFON,C0754,MEXFON,"ADS MOBILE SERVICES, S. DE R.L. DE C.V.",0.0,0.0,0.0,0.0,7.0,7.0
518205,15/06/2024,2024,6,C754,MEXFON,C0754,MEXFON,"ADS MOBILE SERVICES, S. DE R.L. DE C.V.",0.0,0.0,0.0,0.0,34.0,34.0
516992,15/09/2019,2019,9,C737,MIIO,C0737,MIIO,"KING DAVID MOBILE, S.A.P.I. DE C.V.",0.0,0.0,0.0,0.0,49.0,49.0
516992,15/10/2019,2019,10,C737,MIIO,C0737,MIIO,"KING DAVID MOBILE, S.A.P.I. DE C.V.",0.0,0.0,0.0,0.0,47.0,47.0
516992,15/11/2019,2019,11,C737,MIIO,C0737,MIIO,"KING DAVID MOBILE, S.A.P.I. DE C.V.",0.0,0.0,0.0,0.0,47.0,47.0
516992,15/12/2019,2019,12,C737,MIIO,C0737,MIIO,"KING DAVID MOBILE, S.A.P.I. DE C.V.",0.0,0.0,0.0,0.0,47.0,47.0
516992,15/01/2020,2020,1,C737,MIIO,C0737,MIIO,"KING DAVID MOBILE, S.A.P.I. DE C.V.",0.0,0.0,0.0,0.0,47.0,47.0
516992,15/02/2020,2020,2,C737,MIIO,C0737,MIIO,"KING DAVID MOBILE, S.A.P.I. DE C.V.",0.0,0.0,0.0,0.0,47.0,47.0
516992,15/03/2020,2020,3,C737,MIIO,C0737,MIIO,"KING DAVID MOBILE, S.A.P.I. DE C.V.",0.0,0.0,0.0,0.0,47.0,47.0
516992,15/04/2020,2020,4,C737,MIIO,C0737,MIIO,"KING DAVID MOBILE, S.A.P.I. DE C.V.",0.0,0.0,0.0,0.0,47.0,47.0
516992,15/05/2020,2020,5,C737,MIIO,C0737,MIIO,"KING DAVID MOBILE, S.A.P.I. DE C.V.",0.0,0.0,0.0,0.0,43.0,43.0
516992,15/06/2020,2020,6,C737,MIIO,C0737,MIIO,"KING DAVID MOBILE, S.A.P.I. DE C.V.",0.0,0.0,0.0,0.0,43.0,43.0
516992,15/07/2020,2020,7,C737,MIIO,C0737,MIIO,"KING DAVID MOBILE, S.A.P.I. DE C.V.",0.0,0.0,0.0,0.0,43.0,43.0
516992,15/08/2020,2020,8,C737,MIIO,C0737,MIIO,"KING DAVID MOBILE, S.A.P.I. DE C.V.",0.0,0.0,0.0,0.0,43.0,43.0
516992,15/09/2020,2020,9,C737,MIIO,C0737,MIIO,"KING DAVID MOBILE, S.A.P.I. DE C.V.",0.0,0.0,0.0,0.0,43.0,43.0
516992,15/10/2020,2020,10,C737,MIIO,C0737,MIIO,"KING DAVID MOBILE, S.A.P.I. DE C.V.",0.0,0.0,0.0,0.0,43.0,43.0
516992,15/11/2020,2020,11,C737,MIIO,C0737,MIIO,"KING DAVID MOBILE, S.A.P.I. DE C.V.",0.0,0.0,0.0,0.0,43.0,43.0
516992,15/12/2020,2020,12,C737,MIIO,C0737,MIIO,"KING DAVID MOBILE, S.A.P.I. DE C.V.",0.0,0.0,0.0,0.0,43.0,43.0
516992,15/01/2021,2021,1,C737,MIIO,C0737,MIIO,"KING DAVID MOBILE, S.A.P.I. DE C.V.",0.0,0.0,0.0,0.0,166.0,166.0
516992,15/02/2021,2021,2,C737,MIIO,C0737,MIIO,"KING DAVID MOBILE, S.A.P.I. DE C.V.",0.0,0.0,0.0,0.0,159.0,159.0
516992,15/03/2021,2021,3,C737,MIIO,C0737,MIIO,"KING DAVID MOBILE, S.A.P.I. DE C.V.",0.0,0.0,0.0,0.0,131.0,131.0
516992,15/04/2021,2021,4,C737,MIIO,C0737,MIIO,"KING DAVID MOBILE, S.A.P.I. DE C.V.",0.0,0.0,0.0,0.0,248.0,248.0
516992,15/05/2021,2021,5,C737,MIIO,C0737,MIIO,"KING DAVID MOBILE, S.A.P.I. DE C.V.",0.0,0.0,0.0,0.0,281.0,281.0
516992,15/06/2021,2021,6,C737,MIIO,C0737,MIIO,"KING DAVID MOBILE, S.A.P.I. DE C.V.",0.0,0.0,0.0,0.0,240.0,240.0
516992,15/07/2021,2021,7,C737,MIIO,C0737,MIIO,"KING DAVID MOBILE, S.A.P.I. DE C.V.",0.0,0.0,0.0,0.0,138.0,138.0
516992,15/08/2021,2021,8,C737,MIIO,C0737,MIIO,"KING DAVID MOBILE, S.A.P.I. DE C.V.",0.0,0.0,0.0,0.0,118.0,118.0
516992,15/09/2021,2021,9,C737,MIIO,C0737,MIIO,"KING DAVID MOBILE, S.A.P.I. DE C.V.",0.0,0.0,0.0,0.0,95.0,95.0
516992,15/10/2021,2021,10,C737,MIIO,C0737,MIIO,"KING DAVID MOBILE, S.A.P.I. DE C.V.",0.0,0.0,0.0,0.0,118.0,118.0
516992,15/11/2021,2021,11,C737,MIIO,C0737,MIIO,"KING DAVID MOBILE, S.A.P.I. DE C.V.",0.0,0.0,0.0,0.0,97.0,97.0
516992,15/12/2021,2021,12,C737,MIIO,C0737,MIIO,"KING DAVID MOBILE, S.A.P.I. DE C.V.",0.0,0.0,0.0,0.0,258.0,258.0
516992,15/01/2022,2022,1,C737,MIIO,C0737,MIIO,"KING DAVID MOBILE, S.A.P.I. DE C.V.",0.0,0.0,0.0,0.0,320.0,320.0
516992,15/02/2022,2022,2,C737,MIIO,C0737,MIIO,"KING DAVID MOBILE, S.A.P.I. DE C.V.",0.0,0.0,0.0,0.0,318.0,318.0
516992,15/03/2022,2022,3,C737,MIIO,C0737,MIIO,"KING DAVID MOBILE, S.A.P.I. DE C.V.",0.0,0.0,0.0,0.0,300.0,300.0
516992,15/04/2022,2022,4,C737,MIIO,C0737,MIIO,"KING DAVID MOBILE, S.A.P.I. DE C.V.",0.0,0.0,0.0,0.0,295.0,295.0
516992,15/05/2022,2022,5,C737,MIIO,C0737,MIIO,"KING DAVID MOBILE, S.A.P.I. DE C.V.",0.0,0.0,0.0,0.0,296.0,296.0
516992,15/06/2022,2022,6,C737,MIIO,C0737,MIIO,"KING DAVID MOBILE, S.A.P.I. DE C.V.",0.0,0.0,0.0,0.0,290.0,290.0
516992,15/07/2022,2022,7,C737,MIIO,C0737,MIIO,"KING DAVID MOBILE, S.A.P.I. DE C.V.",0.0,0.0,0.0,0.0,390.0,390.0
516992,15/08/2022,2022,8,C737,MIIO,C0737,MIIO,"KING DAVID MOBILE, S.A.P.I. DE C.V.",0.0,0.0,0.0,0.0,489.0,489.0
516992,15/09/2022,2022,9,C737,MIIO,C0737,MIIO,"KING DAVID MOBILE, S.A.P.I. DE C.V.",0.0,0.0,0.0,0.0,450.0,450.0
516992,15/10/2022,2022,10,C737,MIIO,C0737,MIIO,"KING DAVID MOBILE, S.A.P.I. DE C.V.",0.0,0.0,0.0,0.0,468.0,468.0
516992,15/11/2022,2022,11,C737,MIIO,C0737,MIIO,"KING DAVID MOBILE, S.A.P.I. DE C.V.",0.0,0.0,0.0,0.0,464.0,464.0
516992,15/12/2022,2022,12,C737,MIIO,C0737,MIIO,"KING DAVID MOBILE, S.A.P.I. DE C.V.",0.0,0.0,0.0,0.0,464.0,464.0
516992,15/01/2023,2023,1,C737,MIIO,C0737,MIIO,"KING DAVID MOBILE, S.A.P.I. DE C.V.",0.0,0.0,0.0,0.0,453.0,453.0
516992,15/02/2023,2023,2,C737,MIIO,C0737,MIIO,"KING DAVID MOBILE, S.A.P.I. DE C.V.",0.0,0.0,0.0,0.0,445.0,445.0
516992,15/03/2023,2023,3,C737,MIIO,C0737,MIIO,"KING DAVID MOBILE, S.A.P.I. DE C.V.",0.0,0.0,0.0,0.0,446.0,446.0
516992,15/04/2023,2023,4,C737,MIIO,C0737,MIIO,"KING DAVID MOBILE, S.A.P.I. DE C.V.",0.0,0.0,0.0,0.0,448.0,448.0
516992,15/05/2023,2023,5,C737,MIIO,C0737,MIIO,"KING DAVID MOBILE, S.A.P.I. DE C.V.",0.0,0.0,0.0,0.0,450.0,450.0
516992,15/06/2023,2023,6,C737,MIIO,C0737,MIIO,"KING DAVID MOBILE, S.A.P.I. DE C.V.",0.0,0.0,0.0,0.0,450.0,450.0
516992,15/07/2023,2023,7,C737,MIIO,C0737,MIIO,"KING DAVID MOBILE, S.A.P.I. DE C.V.",0.0,0.0,0.0,0.0,450.0,450.0
516992,15/08/2023,2023,8,C737,MIIO,C0737,MIIO,"KING DAVID MOBILE, S.A.P.I. DE C.V.",0.0,0.0,0.0,0.0,463.0,463.0
516992,15/09/2023,2023,9,C737,MIIO,C0737,MIIO,"KING DAVID MOBILE, S.A.P.I. DE C.V.",0.0,0.0,0.0,0.0,460.0,460.0
516992,15/10/2023,2023,10,C737,MIIO,C0737,MIIO,"KING DAVID MOBILE, S.A.P.I. DE C.V.",0.0,0.0,0.0,0.0,468.0,468.0
516992,15/11/2023,2023,11,C737,MIIO,C0737,MIIO,"KING DAVID MOBILE, S.A.P.I. DE C.V.",0.0,0.0,0.0,0.0,470.0,470.0
516992,15/12/2023,2023,12,C737,MIIO,C0737,MIIO,"KING DAVID MOBILE, S.A.P.I. DE C.V.",0.0,0.0,0.0,0.0,472.0,472.0
516992,15/01/2024,2024,1,C737,MIIO,C0737,MIIO,"KING DAVID MOBILE, S.A.P.I. DE C.V.",0.0,0.0,0.0,0.0,1175.0,1175.0
516992,15/02/2024,2024,2,C737,MIIO,C0737,MIIO,"KING DAVID MOBILE, S.A.P.I. DE C.V.",0.0,0.0,0.0,0.0,1052.0,1052.0
516992,15/03/2024,2024,3,C737,MIIO,C0737,MIIO,"KING DAVID MOBILE, S.A.P.I. DE C.V.",0.0,0.0,0.0,0.0,988.0,988.0
516992,15/04/2024,2024,4,C737,MIIO,C0737,MIIO,"KING DAVID MOBILE, S.A.P.I. DE C.V.",0.0,0.0,0.0,0.0,938.0,938.0
516992,15/05/2024,2024,5,C737,MIIO,C0737,MIIO,"KING DAVID MOBILE, S.A.P.I. DE C.V.",0.0,0.0,0.0,0.0,899.0,899.0
516992,15/06/2024,2024,6,C737,MIIO,C0737,MIIO,"KING DAVID MOBILE, S.A.P.I. DE C.V.",0.0,0.0,0.0,0.0,670.0,670.0
516992,15/07/2024,2024,7,C737,MIIO,C0737,MIIO,"KING DAVID MOBILE, S.A.P.I. DE C.V.",0.0,0.0,0.0,0.0,636.0,636.0
516992,15/08/2024,2024,8,C737,MIIO,C0737,MIIO,"KING DAVID MOBILE, S.A.P.I. DE C.V.",0.0,0.0,0.0,0.0,547.0,547.0
516992,15/09/2024,2024,9,C737,MIIO,C0737,MIIO,"KING DAVID MOBILE, S.A.P.I. DE C.V.",0.0,0.0,0.0,0.0,412.0,412.0
516992,15/10/2024,2024,10,C737,MIIO,C0737,MIIO,"KING DAVID MOBILE, S.A.P.I. DE C.V.",0.0,0.0,0.0,0.0,373.0,373.0
516992,15/11/2024,2024,11,C737,MIIO,C0737,MIIO,"KING DAVID MOBILE, S.A.P.I. DE C.V.",0.0,0.0,0.0,0.0,347.0,347.0
519622,15/03/2022,2022,3,C832,MO!NET,C0832,MO!NET,"PLASMA VISION, S.A. DE C.V.",0.0,0.0,0.0,0.0,6.0,6.0
519622,15/04/2022,2022,4,C832,MO!NET,C0832,MO!NET,"PLASMA VISION, S.A. DE C.V.",0.0,0.0,0.0,0.0,9.0,9.0
519622,15/05/2022,2022,5,C832,MO!NET,C0832,MO!NET,"PLASMA VISION, S.A. DE C.V.",0.0,0.0,0.0,0.0,11.0,11.0
519622,15/06/2022,2022,6,C832,MO!NET,C0832,MO!NET,"PLASMA VISION, S.A. DE C.V.",0.0,0.0,0.0,0.0,8.0,8.0
519622,15/07/2022,2022,7,C832,MO!NET,C0832,MO!NET,"PLASMA VISION, S.A. DE C.V.",0.0,0.0,0.0,0.0,12.0,12.0
519622,15/08/2022,2022,8,C832,MO!NET,C0832,MO!NET,"PLASMA VISION, S.A. DE C.V.",0.0,0.0,0.0,0.0,12.0,12.0
519622,15/09/2022,2022,9,C832,MO!NET,C0832,MO!NET,"PLASMA VISION, S.A. DE C.V.",0.0,0.0,0.0,0.0,10.0,10.0
519622,15/10/2022,2022,10,C832,MO!NET,C0832,MO!NET,"PLASMA VISION, S.A. DE C.V.",0.0,0.0,0.0,0.0,8.0,8.0
519622,15/11/2022,2022,11,C832,MO!NET,C0832,MO!NET,"PLASMA VISION, S.A. DE C.V.",0.0,0.0,0.0,0.0,11.0,11.0
519622,15/12/2022,2022,12,C832,MO!NET,C0832,MO!NET,"PLASMA VISION, S.A. DE C.V.",0.0,0.0,0.0,0.0,12.0,12.0
519779,15/01/2022,2022,1,C818,MOBIG,C0818,MOBIG,"FEMASEISA, S.A. DE C.V.",0.0,0.0,0.0,0.0,444.0,444.0
519779,15/02/2022,2022,2,C818,MOBIG,C0818,MOBIG,"FEMASEISA, S.A. DE C.V.",0.0,0.0,0.0,0.0,616.0,616.0
519779,15/03/2022,2022,3,C818,MOBIG,C0818,MOBIG,"FEMASEISA, S.A. DE C.V.",0.0,0.0,0.0,0.0,934.0,934.0
519779,15/04/2022,2022,4,C818,MOBIG,C0818,MOBIG,"FEMASEISA, S.A. DE C.V.",0.0,0.0,0.0,0.0,1403.0,1403.0
519779,15/05/2022,2022,5,C818,MOBIG,C0818,MOBIG,"FEMASEISA, S.A. DE C.V.",0.0,0.0,0.0,0.0,1915.0,1915.0
519779,15/06/2022,2022,6,C818,MOBIG,C0818,MOBIG,"FEMASEISA, S.A. DE C.V.",0.0,0.0,0.0,0.0,2593.0,2593.0
519779,15/07/2022,2022,7,C818,MOBIG,C0818,MOBIG,"FEMASEISA, S.A. DE C.V.",0.0,0.0,0.0,0.0,3366.0,3366.0
519779,15/08/2022,2022,8,C818,MOBIG,C0818,MOBIG,"FEMASEISA, S.A. DE C.V.",0.0,0.0,0.0,0.0,4545.0,4545.0
519779,15/09/2022,2022,9,C818,MOBIG,C0818,MOBIG,"FEMASEISA, S.A. DE C.V.",0.0,0.0,0.0,0.0,4978.0,4978.0
519779,15/10/2022,2022,10,C818,MOBIG,C0818,MOBIG,"FEMASEISA, S.A. DE C.V.",0.0,0.0,0.0,0.0,5397.0,5397.0
519779,15/11/2022,2022,11,C818,MOBIG,C0818,MOBIG,"FEMASEISA, S.A. DE C.V.",0.0,0.0,0.0,0.0,6213.0,6213.0
519779,15/12/2022,2022,12,C818,MOBIG,C0818,MOBIG,"FEMASEISA, S.A. DE C.V.",0.0,0.0,0.0,0.0,6945.0,6945.0
519779,15/01/2023,2023,1,C818,MOBIG,C0818,MOBIG,"FEMASEISA, S.A. DE C.V.",0.0,0.0,0.0,0.0,8405.0,8405.0
519779,15/02/2023,2023,2,C818,MOBIG,C0818,MOBIG,"FEMASEISA, S.A. DE C.V.",0.0,0.0,0.0,0.0,8877.0,8877.0
519779,15/03/2023,2023,3,C818,MOBIG,C0818,MOBIG,"FEMASEISA, S.A. DE C.V.",0.0,0.0,0.0,0.0,9410.0,9410.0
519779,15/04/2023,2023,4,C818,MOBIG,C0818,MOBIG,"FEMASEISA, S.A. DE C.V.",0.0,0.0,0.0,0.0,10003.0,10003.0
519779,15/05/2023,2023,5,C818,MOBIG,C0818,MOBIG,"FEMASEISA, S.A. DE C.V.",0.0,0.0,0.0,0.0,10757.0,10757.0
519779,15/06/2023,2023,6,C818,MOBIG,C0818,MOBIG,"FEMASEISA, S.A. DE C.V.",0.0,0.0,0.0,0.0,11347.0,11347.0
519779,15/07/2023,2023,7,C818,MOBIG,C0818,MOBIG,"FEMASEISA, S.A. DE C.V.",0.0,0.0,0.0,0.0,11443.0,11443.0
519779,15/08/2023,2023,8,C818,MOBIG,C0818,MOBIG,"FEMASEISA, S.A. DE C.V.",0.0,0.0,0.0,0.0,11821.0,11821.0
519779,15/09/2023,2023,9,C818,MOBIG,C0818,MOBIG,"FEMASEISA, S.A. DE C.V.",0.0,0.0,0.0,0.0,11103.0,11103.0
519779,15/10/2023,2023,10,C818,MOBIG,C0818,MOBIG,"FEMASEISA, S.A. DE C.V.",0.0,0.0,0.0,0.0,11064.0,11064.0
519779,15/11/2023,2023,11,C818,MOBIG,C0818,MOBIG,"FEMASEISA, S.A. DE C.V.",0.0,0.0,0.0,0.0,11289.0,11289.0
519779,15/12/2023,2023,12,C818,MOBIG,C0818,MOBIG,"FEMASEISA, S.A. DE C.V.",0.0,0.0,0.0,0.0,11570.0,11570.0
519779,15/01/2024,2024,1,C818,MOBIG,C0818,MOBIG,"FEMASEISA, S.A. DE C.V.",0.0,0.0,0.0,0.0,56.0,56.0
519779,15/02/2024,2024,2,C818,MOBIG,C0818,MOBIG,"FEMASEISA, S.A. DE C.V.",0.0,0.0,0.0,0.0,11.0,11.0
519779,15/03/2024,2024,3,C818,MOBIG,C0818,MOBIG,"FEMASEISA, S.A. DE C.V.",0.0,0.0,0.0,0.0,25.0,25.0
519779,15/04/2024,2024,4,C818,MOBIG,C0818,MOBIG,"FEMASEISA, S.A. DE C.V.",0.0,0.0,0.0,0.0,29.0,29.0
519779,15/05/2024,2024,5,C818,MOBIG,C0818,MOBIG,"FEMASEISA, S.A. DE C.V.",0.0,0.0,0.0,0.0,12.0,12.0
519779,15/06/2024,2024,6,C818,MOBIG,C0818,MOBIG,"FEMASEISA, S.A. DE C.V.",0.0,0.0,0.0,0.0,6.0,6.0
519779,15/07/2024,2024,7,C818,MOBIG,C0818,MOBIG,"FEMASEISA, S.A. DE C.V.",0.0,0.0,0.0,0.0,15.0,15.0
519779,15/08/2024,2024,8,C818,MOBIG,C0818,MOBIG,"FEMASEISA, S.A. DE C.V.",0.0,0.0,0.0,0.0,9.0,9.0
519779,15/09/2024,2024,9,C818,MOBIG,C0818,MOBIG,"FEMASEISA, S.A. DE C.V.",0.0,0.0,0.0,0.0,3.0,3.0
519779,15/10/2024,2024,10,C818,MOBIG,C0818,MOBIG,"FEMASEISA, S.A. DE C.V.",0.0,0.0,0.0,0.0,15.0,15.0
519779,15/11/2024,2024,11,C818,MOBIG,C0818,MOBIG,"FEMASEISA, S.A. DE C.V.",0.0,0.0,0.0,0.0,4.0,4.0
519779,15/12/2024,2024,12,C818,MOBIG,C0818,MOBIG,"FEMASEISA, S.A. DE C.V.",0.0,0.0,0.0,0.0,308.0,308.0
521206,15/10/2023,2023,10,C132,MOVIL PARA TODOS,C1132,MOVIL PARA TODOS,"MOVIL PARA TODOS, S.A. DE C.V.",0.0,0.0,0.0,0.0,111.0,111.0
521206,15/11/2023,2023,11,C132,MOVIL PARA TODOS,C1132,MOVIL PARA TODOS,"MOVIL PARA TODOS, S.A. DE C.V.",0.0,0.0,0.0,0.0,107.0,107.0
521206,15/12/2023,2023,12,C132,MOVIL PARA TODOS,C1132,MOVIL PARA TODOS,"MOVIL PARA TODOS, S.A. DE C.V.",0.0,0.0,0.0,0.0,207.0,207.0
101346,15/06/2013,2013,6,G003,TELEFÓNICA,C0422,MOVISTAR,"PEGASO PCS, S.A. DE C.V.",1920904.0,566973.0,0.0,0.0,,2487877.0
101346,15/07/2013,2013,7,G003,TELEFÓNICA,C0422,MOVISTAR,"PEGASO PCS, S.A. DE C.V.",2288678.0,349514.0,0.0,0.0,,2638192.0
101346,15/08/2013,2013,8,G003,TELEFÓNICA,C0422,MOVISTAR,"PEGASO PCS, S.A. DE C.V.",2423425.0,370092.0,0.0,0.0,,2793517.0
101346,15/09/2013,2013,9,G003,TELEFÓNICA,C0422,MOVISTAR,"PEGASO PCS, S.A. DE C.V.",2365440.0,583403.0,0.0,0.0,,2948843.0
101346,15/10/2013,2013,10,G003,TELEFÓNICA,C0422,MOVISTAR,"PEGASO PCS, S.A. DE C.V.",2618398.0,399867.0,0.0,0.0,,3018265.0
101346,15/11/2013,2013,11,G003,TELEFÓNICA,C0422,MOVISTAR,"PEGASO PCS, S.A. DE C.V.",2680631.0,409371.0,0.0,0.0,,3090002.0
101346,15/12/2013,2013,12,G003,TELEFÓNICA,C0422,MOVISTAR,"PEGASO PCS, S.A. DE C.V.",2569131.0,590294.0,0.0,0.0,,3159425.0
101346,15/01/2014,2014,1,G003,TELEFÓNICA,C0422,MOVISTAR,"PEGASO PCS, S.A. DE C.V.",2701703.0,412589.0,0.0,0.0,,3114292.0
101346,15/02/2014,2014,2,G003,TELEFÓNICA,C0422,MOVISTAR,"PEGASO PCS, S.A. DE C.V.",2662549.0,406610.0,0.0,0.0,,3069159.0
101346,15/03/2014,2014,3,G003,TELEFÓNICA,C0422,MOVISTAR,"PEGASO PCS, S.A. DE C.V.",2467086.0,561307.0,0.0,0.0,,3028393.0
101346,15/04/2014,2014,4,G003,TELEFÓNICA,C0422,MOVISTAR,"PEGASO PCS, S.A. DE C.V.",3414443.0,521435.0,0.0,0.0,,3935878.0
101346,15/05/2014,2014,5,G003,TELEFÓNICA,C0422,MOVISTAR,"PEGASO PCS, S.A. DE C.V.",4176307.0,637783.0,0.0,0.0,,4814090.0
101346,15/06/2014,2014,6,G003,TELEFÓNICA,C0422,MOVISTAR,"PEGASO PCS, S.A. DE C.V.",5059208.0,662367.0,0.0,0.0,,5721575.0
101346,15/07/2014,2014,7,G003,TELEFÓNICA,C0422,MOVISTAR,"PEGASO PCS, S.A. DE C.V.",5231530.0,798931.0,0.0,0.0,,6030461.0
101346,15/08/2014,2014,8,G003,TELEFÓNICA,C0422,MOVISTAR,"PEGASO PCS, S.A. DE C.V.",5508426.0,841217.0,0.0,0.0,,6349643.0
101346,15/09/2014,2014,9,G003,TELEFÓNICA,C0422,MOVISTAR,"PEGASO PCS, S.A. DE C.V.",5992396.0,676428.0,0.0,0.0,,6668824.0
101346,15/10/2014,2014,10,G003,TELEFÓNICA,C0422,MOVISTAR,"PEGASO PCS, S.A. DE C.V.",6129946.0,936132.0,0.0,0.0,,7066078.0
101346,15/11/2014,2014,11,G003,TELEFÓNICA,C0422,MOVISTAR,"PEGASO PCS, S.A. DE C.V.",6486058.0,990515.0,0.0,0.0,,7476573.0
101346,15/12/2014,2014,12,G003,TELEFÓNICA,C0422,MOVISTAR,"PEGASO PCS, S.A. DE C.V.",7148700.0,725127.0,0.0,0.0,,7873827.0
101346,15/01/2015,2015,1,G003,TELEFÓNICA,C0422,MOVISTAR,"PEGASO PCS, S.A. DE C.V.",7114122.0,1086430.0,0.0,0.0,,8200552.0
101346,15/02/2015,2015,2,G003,TELEFÓNICA,C0422,MOVISTAR,"PEGASO PCS, S.A. DE C.V.",7397562.0,1129715.0,0.0,0.0,,8527277.0
101346,15/03/2015,2015,3,G003,TELEFÓNICA,C0422,MOVISTAR,"PEGASO PCS, S.A. DE C.V.",8038112.0,784271.0,0.0,0.0,,8822383.0
101346,15/04/2015,2015,4,G003,TELEFÓNICA,C0422,MOVISTAR,"PEGASO PCS, S.A. DE C.V.",7851019.0,1198965.0,0.0,0.0,,9049984.0
101346,15/05/2015,2015,5,G003,TELEFÓNICA,C0422,MOVISTAR,"PEGASO PCS, S.A. DE C.V.",8042098.0,1228145.0,0.0,0.0,,9270243.0
101346,15/06/2015,2015,6,G003,TELEFÓNICA,C0422,MOVISTAR,"PEGASO PCS, S.A. DE C.V.",8668766.0,829078.0,0.0,0.0,,9497844.0
101346,15/07/2015,2015,7,G003,TELEFÓNICA,C0422,MOVISTAR,"PEGASO PCS, S.A. DE C.V.",8467711.0,1293142.0,0.0,0.0,,9760853.0
101346,15/08/2015,2015,8,G003,TELEFÓNICA,C0422,MOVISTAR,"PEGASO PCS, S.A. DE C.V.",8703481.0,1329148.0,0.0,0.0,,10032629.0
101346,15/09/2015,2015,9,G003,TELEFÓNICA,C0422,MOVISTAR,"PEGASO PCS, S.A. DE C.V.",9398669.0,905736.0,0.0,0.0,,10304405.0
101346,15/10/2015,2015,10,G003,TELEFÓNICA,C0422,MOVISTAR,"PEGASO PCS, S.A. DE C.V.",9364182.0,1430047.0,0.0,0.0,,10794229.0
101346,15/11/2015,2015,11,G003,TELEFÓNICA,C0422,MOVISTAR,"PEGASO PCS, S.A. DE C.V.",9803277.0,1497103.0,0.0,0.0,,11300380.0
101346,15/12/2015,2015,12,G003,TELEFÓNICA,C0422,MOVISTAR,"PEGASO PCS, S.A. DE C.V.",10776103.0,1014101.0,0.0,0.0,,11790204.0
101346,15/01/2016,2016,1,G003,TELEFÓNICA,C0422,MOVISTAR,"PEGASO PCS, S.A. DE C.V.",8184596.0,1249907.0,0.0,0.0,,9434503.0
101346,15/02/2016,2016,2,G003,TELEFÓNICA,C0422,MOVISTAR,"PEGASO PCS, S.A. DE C.V.",8220536.0,1255395.0,0.0,0.0,,9475931.0
101346,15/03/2016,2016,3,G003,TELEFÓNICA,C0422,MOVISTAR,"PEGASO PCS, S.A. DE C.V.",8566824.0,1308279.0,0.0,0.0,,9875103.0
101346,15/04/2016,2016,4,G003,TELEFÓNICA,C0422,MOVISTAR,"PEGASO PCS, S.A. DE C.V.",8504812.0,1298808.0,0.0,0.0,,9803620.0
101346,15/05/2016,2016,5,G003,TELEFÓNICA,C0422,MOVISTAR,"PEGASO PCS, S.A. DE C.V.",8584779.0,1311021.0,0.0,0.0,,9895800.0
101346,15/06/2016,2016,6,G003,TELEFÓNICA,C0422,MOVISTAR,"PEGASO PCS, S.A. DE C.V.",8563405.0,1307756.0,0.0,0.0,,9871161.0
101346,15/07/2016,2016,7,G003,TELEFÓNICA,C0422,MOVISTAR,"PEGASO PCS, S.A. DE C.V.",8724295.0,1332327.0,0.0,0.0,,10056622.0
101346,15/08/2016,2016,8,G003,TELEFÓNICA,C0422,MOVISTAR,"PEGASO PCS, S.A. DE C.V.",8670475.0,1324108.0,0.0,0.0,,9994583.0
101346,15/09/2016,2016,9,G003,TELEFÓNICA,C0422,MOVISTAR,"PEGASO PCS, S.A. DE C.V.",8600011.0,1313347.0,0.0,0.0,,9913358.0
101346,15/10/2016,2016,10,G003,TELEFÓNICA,C0422,MOVISTAR,"PEGASO PCS, S.A. DE C.V.",8767537.0,1338930.0,0.0,0.0,,10106467.0
101346,15/11/2016,2016,11,G003,TELEFÓNICA,C0422,MOVISTAR,"PEGASO PCS, S.A. DE C.V.",8807704.0,1345065.0,0.0,0.0,,10152769.0
101346,15/12/2016,2016,12,G003,TELEFÓNICA,C0422,MOVISTAR,"PEGASO PCS, S.A. DE C.V.",9194661.0,1404158.0,0.0,0.0,,10598819.0
101346,15/01/2017,2017,1,G003,TELEFÓNICA,C0422,MOVISTAR,"PEGASO PCS, S.A. DE C.V.",9187240.0,1403025.0,0.0,0.0,,10590265.0
101346,15/02/2017,2017,2,G003,TELEFÓNICA,C0422,MOVISTAR,"PEGASO PCS, S.A. DE C.V.",9663638.0,1475778.0,0.0,0.0,,11139416.0
101346,15/03/2017,2017,3,G003,TELEFÓNICA,C0422,MOVISTAR,"PEGASO PCS, S.A. DE C.V.",10005458.0,1527979.0,0.0,0.0,,11533437.0
101346,15/04/2017,2017,4,G003,TELEFÓNICA,C0422,MOVISTAR,"PEGASO PCS, S.A. DE C.V.",8837690.0,0.0,1255169.0,94475.0,,10187334.0
101346,15/05/2017,2017,5,G003,TELEFÓNICA,C0422,MOVISTAR,"PEGASO PCS, S.A. DE C.V.",8905571.0,0.0,1278409.0,81601.0,,10265581.0
101346,15/06/2017,2017,6,G003,TELEFÓNICA,C0422,MOVISTAR,"PEGASO PCS, S.A. DE C.V.",8839037.0,0.0,1268858.0,80991.0,,10188886.0
101346,15/07/2017,2017,7,G003,TELEFÓNICA,C0422,MOVISTAR,"PEGASO PCS, S.A. DE C.V.",8861393.0,0.0,1244669.0,79447.0,,10185509.0
101346,15/08/2017,2017,8,G003,TELEFÓNICA,C0422,MOVISTAR,"PEGASO PCS, S.A. DE C.V.",8747499.0,0.0,1228671.0,78426.0,,10054596.0
101346,15/09/2017,2017,9,G003,TELEFÓNICA,C0422,MOVISTAR,"PEGASO PCS, S.A. DE C.V.",8713659.0,0.0,1223919.0,78122.0,,10015700.0
101346,15/10/2017,2017,10,G003,TELEFÓNICA,C0422,MOVISTAR,"PEGASO PCS, S.A. DE C.V.",8577468.0,0.0,1217606.0,64085.0,,9859159.0
101346,15/11/2017,2017,11,G003,TELEFÓNICA,C0422,MOVISTAR,"PEGASO PCS, S.A. DE C.V.",8549576.0,0.0,1200872.0,76651.0,,9827099.0
101346,15/12/2017,2017,12,G003,TELEFÓNICA,C0422,MOVISTAR,"PEGASO PCS, S.A. DE C.V.",8791385.0,0.0,1234836.0,78819.0,,10105040.0
101346,15/01/2018,2018,1,G003,TELEFÓNICA,C0422,MOVISTAR,"PEGASO PCS, S.A. DE C.V.",8904007.0,0.0,1250655.0,79829.0,,10234491.0
101346,15/02/2018,2018,2,G003,TELEFÓNICA,C0422,MOVISTAR,"PEGASO PCS, S.A. DE C.V.",8749591.0,0.0,1228965.0,78445.0,,10057001.0
101346,15/03/2018,2018,3,G003,TELEFÓNICA,C0422,MOVISTAR,"PEGASO PCS, S.A. DE C.V.",8660194.0,0.0,1229349.0,64703.0,,9954246.0
101346,15/04/2018,2018,4,G003,TELEFÓNICA,C0422,MOVISTAR,"PEGASO PCS, S.A. DE C.V.",8675048.0,0.0,1231458.0,64814.0,,9971320.0
101346,15/05/2018,2018,5,G003,TELEFÓNICA,C0422,MOVISTAR,"PEGASO PCS, S.A. DE C.V.",8683844.0,0.0,1232707.0,64879.0,,9981430.0
101346,15/06/2018,2018,6,G003,TELEFÓNICA,C0422,MOVISTAR,"PEGASO PCS, S.A. DE C.V.",8478278.0,0.0,1203526.0,63343.0,,9745147.0
101346,15/07/2018,2018,7,G003,TELEFÓNICA,C0422,MOVISTAR,"PEGASO PCS, S.A. DE C.V.",8494347.0,0.0,1205807.0,63463.0,,9763617.0
101346,15/08/2018,2018,8,G003,TELEFÓNICA,C0422,MOVISTAR,"PEGASO PCS, S.A. DE C.V.",8614624.0,0.0,1222881.0,64362.0,,9901867.0
101346,15/09/2018,2018,9,G003,TELEFÓNICA,C0422,MOVISTAR,"PEGASO PCS, S.A. DE C.V.",8510289.0,0.0,1208069.0,63583.0,,9781941.0
101346,15/10/2018,2018,10,G003,TELEFÓNICA,C0422,MOVISTAR,"PEGASO PCS, S.A. DE C.V.",8570859.0,0.0,1263205.0,39068.0,,9873132.0
101346,15/11/2018,2018,11,G003,TELEFÓNICA,C0422,MOVISTAR,"PEGASO PCS, S.A. DE C.V.",8705764.0,0.0,1283088.0,39683.0,,10028535.0
101346,15/12/2018,2018,12,G003,TELEFÓNICA,C0422,MOVISTAR,"PEGASO PCS, S.A. DE C.V.",8981192.0,0.0,1323680.0,40939.0,,10345811.0
101346,15/01/2019,2019,1,G003,TELEFÓNICA,C0422,MOVISTAR,"PEGASO PCS, S.A. DE C.V.",9047007.0,0.0,1333381.0,41239.0,,10421627.0
101346,15/02/2019,2019,2,G003,TELEFÓNICA,C0422,MOVISTAR,"PEGASO PCS, S.A. DE C.V.",8841991.0,0.0,1303165.0,40304.0,,10185460.0
101346,15/03/2019,2019,3,G003,TELEFÓNICA,C0422,MOVISTAR,"PEGASO PCS, S.A. DE C.V.",9042585.0,0.0,1332730.0,41218.0,,10416533.0
101346,15/04/2019,2019,4,G003,TELEFÓNICA,C0422,MOVISTAR,"PEGASO PCS, S.A. DE C.V.",8946542.0,0.0,1318574.0,40781.0,,10305897.0
101346,15/05/2019,2019,5,G003,TELEFÓNICA,C0422,MOVISTAR,"PEGASO PCS, S.A. DE C.V.",9070698.0,0.0,1336872.0,41347.0,,10448917.0
101346,15/06/2019,2019,6,G003,TELEFÓNICA,C0422,MOVISTAR,"PEGASO PCS, S.A. DE C.V.",9115420.0,0.0,1343465.0,41550.0,,10500435.0
101346,15/07/2019,2019,7,G003,TELEFÓNICA,C0422,MOVISTAR,"PEGASO PCS, S.A. DE C.V.",9322007.0,0.0,1233048.0,38135.0,,10593190.0
101346,15/08/2019,2019,8,G003,TELEFÓNICA,C0422,MOVISTAR,"PEGASO PCS, S.A. DE C.V.",9433276.0,0.0,1142592.0,23318.0,,10599186.0
101346,15/09/2019,2019,9,G003,TELEFÓNICA,C0422,MOVISTAR,"PEGASO PCS, S.A. DE C.V.",9440488.0,0.0,1027964.0,20979.0,,10489431.0
101346,15/10/2019,2019,10,G003,TELEFÓNICA,C0422,MOVISTAR,"PEGASO PCS, S.A. DE C.V.",9433041.0,0.0,1021971.0,20857.0,,10475869.0
101346,15/11/2019,2019,11,G003,TELEFÓNICA,C0422,MOVISTAR,"PEGASO PCS, S.A. DE C.V.",9462270.0,0.0,1024805.0,20914.0,,10507989.0
101346,15/12/2019,2019,12,G003,TELEFÓNICA,C0422,MOVISTAR,"PEGASO PCS, S.A. DE C.V.",9580951.0,0.0,1043259.0,21291.0,,10645501.0
101346,15/01/2020,2020,1,G003,TELEFÓNICA,C0422,MOVISTAR,"PEGASO PCS, S.A. DE C.V.",9513235.0,0.0,1035885.0,21141.0,,10570261.0
101346,15/02/2020,2020,2,G003,TELEFÓNICA,C0422,MOVISTAR,"PEGASO PCS, S.A. DE C.V.",9365441.0,0.0,1019792.0,20812.0,,10406045.0
101346,15/03/2020,2020,3,G003,TELEFÓNICA,C0422,MOVISTAR,"PEGASO PCS, S.A. DE C.V.",9368471.0,0.0,1020122.0,20819.0,,10409412.0
101346,15/04/2020,2020,4,G003,TELEFÓNICA,C0422,MOVISTAR,"PEGASO PCS, S.A. DE C.V.",9002196.0,0.0,980239.0,20005.0,,10002440.0
101346,15/05/2020,2020,5,G003,TELEFÓNICA,C0422,MOVISTAR,"PEGASO PCS, S.A. DE C.V.",9048353.0,0.0,985266.0,20107.0,,10053726.0
101346,15/06/2020,2020,6,G003,TELEFÓNICA,C0422,MOVISTAR,"PEGASO PCS, S.A. DE C.V.",9176930.0,0.0,999268.0,20391.0,,10196589.0
101346,15/07/2020,2020,7,G003,TELEFÓNICA,C0422,MOVISTAR,"PEGASO PCS, S.A. DE C.V.",9342242.0,0.0,1017266.0,20761.0,,10380269.0
101346,15/08/2020,2020,8,G003,TELEFÓNICA,C0422,MOVISTAR,"PEGASO PCS, S.A. DE C.V.",9461444.0,0.0,1030245.0,21026.0,,10512715.0
101346,15/09/2020,2020,9,G003,TELEFÓNICA,C0422,MOVISTAR,"PEGASO PCS, S.A. DE C.V.",9368090.0,0.0,1020081.0,20818.0,,10408989.0
101346,15/10/2020,2020,10,G003,TELEFÓNICA,C0422,MOVISTAR,"PEGASO PCS, S.A. DE C.V.",9325939.0,0.0,1015491.0,20724.0,,10362154.0
101346,15/11/2020,2020,11,G003,TELEFÓNICA,C0422,MOVISTAR,"PEGASO PCS, S.A. DE C.V.",9352474.0,0.0,1018382.0,20782.0,,10391638.0
101346,15/12/2020,2020,12,G003,TELEFÓNICA,C0422,MOVISTAR,"PEGASO PCS, S.A. DE C.V.",9517600.0,0.0,1016167.0,20738.0,,10554505.0
101346,15/01/2021,2021,1,G003,TELEFÓNICA,C0422,MOVISTAR,"PEGASO PCS, S.A. DE C.V.",9659438.0,0.0,612543.0,11928.0,,10283909.0
101346,15/02/2021,2021,2,G003,TELEFÓNICA,C0422,MOVISTAR,"PEGASO PCS, S.A. DE C.V.",9599686.0,0.0,610067.0,11678.0,,10221431.0
101346,15/03/2021,2021,3,G003,TELEFÓNICA,C0422,MOVISTAR,"PEGASO PCS, S.A. DE C.V.",9715474.0,0.0,634063.0,11792.0,,10361329.0
101346,15/04/2021,2021,4,G003,TELEFÓNICA,C0422,MOVISTAR,"PEGASO PCS, S.A. DE C.V.",9636706.0,0.0,634544.0,11512.0,,10282762.0
101346,15/05/2021,2021,5,G003,TELEFÓNICA,C0422,MOVISTAR,"PEGASO PCS, S.A. DE C.V.",9673421.0,0.0,648291.0,11502.0,,10333214.0
101346,15/06/2021,2021,6,G003,TELEFÓNICA,C0422,MOVISTAR,"PEGASO PCS, S.A. DE C.V.",9628636.0,0.0,653537.0,11278.0,,10293451.0
101346,15/07/2021,2021,7,G003,TELEFÓNICA,C0422,MOVISTAR,"PEGASO PCS, S.A. DE C.V.",9610937.0,0.0,682558.0,11478.0,,10304973.0
101346,15/08/2021,2021,8,G003,TELEFÓNICA,C0422,MOVISTAR,"PEGASO PCS, S.A. DE C.V.",9613689.0,0.0,710417.0,11639.0,,10335745.0
101346,15/09/2021,2021,9,G003,TELEFÓNICA,C0422,MOVISTAR,"PEGASO PCS, S.A. DE C.V.",9601579.0,0.0,730535.0,11625.0,,10343739.0
101346,15/10/2021,2021,10,G003,TELEFÓNICA,C0422,MOVISTAR,"PEGASO PCS, S.A. DE C.V.",9605398.0,0.0,744323.0,11204.0,,10360925.0
101346,15/11/2021,2021,11,G003,TELEFÓNICA,C0422,MOVISTAR,"PEGASO PCS, S.A. DE C.V.",9624432.0,0.0,762278.0,11137.0,,10397847.0
101346,15/12/2021,2021,12,G003,TELEFÓNICA,C0422,MOVISTAR,"PEGASO PCS, S.A. DE C.V.",9693052.0,0.0,785473.0,11245.0,,10489770.0
101346,15/01/2022,2022,1,G003,TELEFÓNICA,C0422,MOVISTAR,"PEGASO PCS, S.A. DE C.V.",9568729.0,0.0,800472.0,11188.0,,10380389.0
101346,15/02/2022,2022,2,G003,TELEFÓNICA,C0422,MOVISTAR,"PEGASO PCS, S.A. DE C.V.",9454292.0,0.0,809841.0,11106.0,,10275239.0
101346,15/03/2022,2022,3,G003,TELEFÓNICA,C0422,MOVISTAR,"PEGASO PCS, S.A. DE C.V.",9551296.0,0.0,843998.0,11392.0,,10406686.0
101346,15/04/2022,2022,4,G003,TELEFÓNICA,C0422,MOVISTAR,"PEGASO PCS, S.A. DE C.V.",9440038.0,0.0,839445.0,11215.0,,10290698.0
101346,15/05/2022,2022,5,G003,TELEFÓNICA,C0422,MOVISTAR,"PEGASO PCS, S.A. DE C.V.",9459368.0,0.0,851021.0,11056.0,,10321445.0
101346,15/06/2022,2022,6,G003,TELEFÓNICA,C0422,MOVISTAR,"PEGASO PCS, S.A. DE C.V.",9351710.0,0.0,850207.0,10935.0,,10212852.0
101346,15/07/2022,2022,7,G003,TELEFÓNICA,C0422,MOVISTAR,"PEGASO PCS, S.A. DE C.V.",9295914.0,0.0,863049.0,10792.0,,10169755.0
101346,15/08/2022,2022,8,G003,TELEFÓNICA,C0422,MOVISTAR,"PEGASO PCS, S.A. DE C.V.",9232110.0,0.0,872802.0,10621.0,,10115533.0
101346,15/09/2022,2022,9,G003,TELEFÓNICA,C0422,MOVISTAR,"PEGASO PCS, S.A. DE C.V.",9098700.0,0.0,870503.0,10357.0,,9979560.0
101346,15/10/2022,2022,10,G003,TELEFÓNICA,C0422,MOVISTAR,"PEGASO PCS, S.A. DE C.V.",9064101.0,0.0,869403.0,10192.0,,9943696.0
101346,15/11/2022,2022,11,G003,TELEFÓNICA,C0422,MOVISTAR,"PEGASO PCS, S.A. DE C.V.",9002445.0,0.0,878319.0,9950.0,,9890714.0
101346,15/12/2022,2022,12,G003,TELEFÓNICA,C0422,MOVISTAR,"PEGASO PCS, S.A. DE C.V.",9033126.0,0.0,889675.0,9776.0,,9932577.0
101346,15/01/2023,2023,1,G003,TELEFÓNICA,C0422,MOVISTAR,"PEGASO PCS, S.A. DE C.V.",8973028.0,0.0,908239.0,9770.0,,9891037.0
101346,15/02/2023,2023,2,G003,TELEFÓNICA,C0422,MOVISTAR,"PEGASO PCS, S.A. DE C.V.",8814033.0,0.0,901247.0,9587.0,,9724867.0
101346,15/03/2023,2023,3,G003,TELEFÓNICA,C0422,MOVISTAR,"PEGASO PCS, S.A. DE C.V.",8871169.0,0.0,923921.0,9597.0,,9804687.0
101346,15/04/2023,2023,4,G003,TELEFÓNICA,C0422,MOVISTAR,"PEGASO PCS, S.A. DE C.V.",8788113.0,0.0,924879.0,9466.0,,9722458.0
101346,15/05/2023,2023,5,G003,TELEFÓNICA,C0422,MOVISTAR,"PEGASO PCS, S.A. DE C.V.",8800902.0,0.0,935245.0,9374.0,,9745521.0
101346,15/06/2023,2023,6,G003,TELEFÓNICA,C0422,MOVISTAR,"PEGASO PCS, S.A. DE C.V.",8751605.0,0.0,941213.0,9237.0,,9702055.0
101346,15/07/2023,2023,7,G003,TELEFÓNICA,C0422,MOVISTAR,"PEGASO PCS, S.A. DE C.V.",8767446.0,0.0,955921.0,9134.0,,9732501.0
101346,15/08/2023,2023,8,G003,TELEFÓNICA,C0422,MOVISTAR,"PEGASO PCS, S.A. DE C.V.",8746787.0,0.0,985173.0,9215.0,,9741175.0
101346,15/09/2023,2023,9,G003,TELEFÓNICA,C0422,MOVISTAR,"PEGASO PCS, S.A. DE C.V.",8649057.0,0.0,1000912.0,9120.0,,9659089.0
101346,15/10/2023,2023,10,G003,TELEFÓNICA,C0422,MOVISTAR,"PEGASO PCS, S.A. DE C.V.",8652846.0,0.0,1008405.0,8950.0,,9670201.0
101346,15/11/2023,2023,11,G003,TELEFÓNICA,C0422,MOVISTAR,"PEGASO PCS, S.A. DE C.V.",8566183.0,0.0,1009828.0,8895.0,,9584906.0
101346,15/12/2023,2023,12,G003,TELEFÓNICA,C0422,MOVISTAR,"PEGASO PCS, S.A. DE C.V.",8602253.0,0.0,1025604.0,8804.0,,9636661.0
101346,15/01/2024,2024,1,G003,TELEFÓNICA,C0422,MOVISTAR,"PEGASO PCS, S.A. DE C.V.",8617304.0,0.0,1078001.0,8921.0,,9704226.0
101346,15/02/2024,2024,2,G003,TELEFÓNICA,C0422,MOVISTAR,"PEGASO PCS, S.A. DE C.V.",8543758.0,0.0,1095369.0,8963.0,,9648090.0
101346,15/03/2024,2024,3,G003,TELEFÓNICA,C0422,MOVISTAR,"PEGASO PCS, S.A. DE C.V.",8565498.0,0.0,1111305.0,8892.0,,9685695.0
101346,15/04/2024,2024,4,G003,TELEFÓNICA,C0422,MOVISTAR,"PEGASO PCS, S.A. DE C.V.",8546450.0,0.0,1098881.0,8600.0,,9653931.0
101346,15/05/2024,2024,5,G003,TELEFÓNICA,C0422,MOVISTAR,"PEGASO PCS, S.A. DE C.V.",8603638.0,0.0,1052152.0,8122.0,,9663912.0
101346,15/06/2024,2024,6,G003,TELEFÓNICA,C0422,MOVISTAR,"PEGASO PCS, S.A. DE C.V.",8509459.0,0.0,1092995.0,8260.0,,9610714.0
101346,15/07/2024,2024,7,G003,TELEFÓNICA,C0422,MOVISTAR,"PEGASO PCS, S.A. DE C.V.",8565877.0,0.0,1070647.0,8184.0,,9644708.0
101346,15/08/2024,2024,8,G003,TELEFÓNICA,C0422,MOVISTAR,"PEGASO PCS, S.A. DE C.V.",8450454.0,0.0,1143306.0,8807.0,,9602567.0
101346,15/09/2024,2024,9,G003,TELEFÓNICA,C0422,MOVISTAR,"PEGASO PCS, S.A. DE C.V.",8414771.0,0.0,1105075.0,8512.0,,9528358.0
101346,15/10/2024,2024,10,G003,TELEFÓNICA,C0422,MOVISTAR,"PEGASO PCS, S.A. DE C.V.",8393007.0,0.0,1106150.0,8449.0,,9507606.0
101346,15/11/2024,2024,11,G003,TELEFÓNICA,C0422,MOVISTAR,"PEGASO PCS, S.A. DE C.V.",8358298.0,0.0,1100405.0,8256.0,,9466959.0
101346,15/12/2024,2024,12,G003,TELEFÓNICA,C0422,MOVISTAR,"PEGASO PCS, S.A. DE C.V.",8352995.0,0.0,1115667.0,8245.0,,9476907.0
517058,15/03/2021,2021,3,C729,NETWEY,C0729,NETWEY,"ISLIM TELCO, S.A.P.I. DE C.V.",0.0,0.0,0.0,0.0,384.0,384.0
517058,15/04/2021,2021,4,C729,NETWEY,C0729,NETWEY,"ISLIM TELCO, S.A.P.I. DE C.V.",0.0,0.0,0.0,0.0,2034.0,2034.0
517058,15/05/2021,2021,5,C729,NETWEY,C0729,NETWEY,"ISLIM TELCO, S.A.P.I. DE C.V.",0.0,0.0,0.0,0.0,5489.0,5489.0
517058,15/06/2021,2021,6,C729,NETWEY,C0729,NETWEY,"ISLIM TELCO, S.A.P.I. DE C.V.",0.0,0.0,0.0,0.0,8845.0,8845.0
517058,15/07/2021,2021,7,C729,NETWEY,C0729,NETWEY,"ISLIM TELCO, S.A.P.I. DE C.V.",0.0,0.0,0.0,0.0,12966.0,12966.0
517058,15/08/2021,2021,8,C729,NETWEY,C0729,NETWEY,"ISLIM TELCO, S.A.P.I. DE C.V.",0.0,0.0,0.0,0.0,15384.0,15384.0
517058,15/09/2021,2021,9,C729,NETWEY,C0729,NETWEY,"ISLIM TELCO, S.A.P.I. DE C.V.",0.0,0.0,0.0,0.0,17118.0,17118.0
517058,15/10/2021,2021,10,C729,NETWEY,C0729,NETWEY,"ISLIM TELCO, S.A.P.I. DE C.V.",0.0,0.0,0.0,0.0,18564.0,18564.0
517058,15/11/2021,2021,11,C729,NETWEY,C0729,NETWEY,"ISLIM TELCO, S.A.P.I. DE C.V.",0.0,0.0,0.0,0.0,19297.0,19297.0
517058,15/12/2021,2021,12,C729,NETWEY,C0729,NETWEY,"ISLIM TELCO, S.A.P.I. DE C.V.",0.0,0.0,0.0,0.0,19524.0,19524.0
517058,15/10/2022,2022,10,C729,NETWEY,C0729,NETWEY,"ISLIM TELCO, S.A.P.I. DE C.V.",0.0,0.0,0.0,0.0,17500.0,17500.0
517058,15/11/2022,2022,11,C729,NETWEY,C0729,NETWEY,"ISLIM TELCO, S.A.P.I. DE C.V.",0.0,0.0,0.0,0.0,16898.0,16898.0
517058,15/12/2022,2022,12,C729,NETWEY,C0729,NETWEY,"ISLIM TELCO, S.A.P.I. DE C.V.",0.0,0.0,0.0,0.0,17237.0,17237.0
517058,15/01/2023,2023,1,C729,NETWEY,C0729,NETWEY,"ISLIM TELCO, S.A.P.I. DE C.V.",0.0,0.0,0.0,0.0,15906.0,15906.0
517058,15/02/2023,2023,2,C729,NETWEY,C0729,NETWEY,"ISLIM TELCO, S.A.P.I. DE C.V.",0.0,0.0,0.0,0.0,15979.0,15979.0
517058,15/03/2023,2023,3,C729,NETWEY,C0729,NETWEY,"ISLIM TELCO, S.A.P.I. DE C.V.",0.0,0.0,0.0,0.0,15344.0,15344.0
517058,15/04/2023,2023,4,C729,NETWEY,C0729,NETWEY,"ISLIM TELCO, S.A.P.I. DE C.V.",0.0,0.0,0.0,0.0,14373.0,14373.0
517058,15/05/2023,2023,5,C729,NETWEY,C0729,NETWEY,"ISLIM TELCO, S.A.P.I. DE C.V.",0.0,0.0,0.0,0.0,13396.0,13396.0
517058,15/06/2023,2023,6,C729,NETWEY,C0729,NETWEY,"ISLIM TELCO, S.A.P.I. DE C.V.",0.0,0.0,0.0,0.0,12705.0,12705.0
517058,15/07/2023,2023,7,C729,NETWEY,C0729,NETWEY,"ISLIM TELCO, S.A.P.I. DE C.V.",0.0,0.0,0.0,0.0,14661.0,14661.0
517058,15/08/2023,2023,8,C729,NETWEY,C0729,NETWEY,"ISLIM TELCO, S.A.P.I. DE C.V.",0.0,0.0,0.0,0.0,14503.0,14503.0
517058,15/09/2023,2023,9,C729,NETWEY,C0729,NETWEY,"ISLIM TELCO, S.A.P.I. DE C.V.",0.0,0.0,0.0,0.0,14862.0,14862.0
517058,15/01/2024,2024,1,C729,NETWEY,C0729,NETWEY,"ISLIM TELCO, S.A.P.I. DE C.V.",0.0,0.0,0.0,0.0,18660.0,18660.0
517058,15/02/2024,2024,2,C729,NETWEY,C0729,NETWEY,"ISLIM TELCO, S.A.P.I. DE C.V.",0.0,0.0,0.0,0.0,20542.0,20542.0
517058,15/03/2024,2024,3,C729,NETWEY,C0729,NETWEY,"ISLIM TELCO, S.A.P.I. DE C.V.",0.0,0.0,0.0,0.0,19886.0,19886.0
517058,15/04/2024,2024,4,C729,NETWEY,C0729,NETWEY,"ISLIM TELCO, S.A.P.I. DE C.V.",0.0,0.0,0.0,0.0,19936.0,19936.0
517058,15/05/2024,2024,5,C729,NETWEY,C0729,NETWEY,"ISLIM TELCO, S.A.P.I. DE C.V.",0.0,0.0,0.0,0.0,18801.0,18801.0
517058,15/06/2024,2024,6,C729,NETWEY,C0729,NETWEY,"ISLIM TELCO, S.A.P.I. DE C.V.",0.0,0.0,0.0,0.0,16395.0,16395.0
517058,15/07/2024,2024,7,C729,NETWEY,C0729,NETWEY,"ISLIM TELCO, S.A.P.I. DE C.V.",0.0,0.0,0.0,0.0,13814.0,13814.0
517058,15/08/2024,2024,8,C729,NETWEY,C0729,NETWEY,"ISLIM TELCO, S.A.P.I. DE C.V.",0.0,0.0,0.0,0.0,12172.0,12172.0
517058,15/09/2024,2024,9,C729,NETWEY,C0729,NETWEY,"ISLIM TELCO, S.A.P.I. DE C.V.",0.0,0.0,0.0,0.0,10870.0,10870.0
517058,15/10/2024,2024,10,C729,NETWEY,C0729,NETWEY,"ISLIM TELCO, S.A.P.I. DE C.V.",0.0,0.0,0.0,0.0,9463.0,9463.0
517058,15/11/2024,2024,11,C729,NETWEY,C0729,NETWEY,"ISLIM TELCO, S.A.P.I. DE C.V.",0.0,0.0,0.0,0.0,8159.0,8159.0
517058,15/12/2024,2024,12,C729,NETWEY,C0729,NETWEY,"ISLIM TELCO, S.A.P.I. DE C.V.",0.0,0.0,0.0,0.0,7064.0,7064.0
107247,15/11/2016,2016,11,C706,NEUS MOBILE,C0706,NEUS MOBILE,"NEUS MOBILE, S.A.P.I. DE C.V.",0.0,0.0,0.0,0.0,1491.0,1491.0
107247,15/12/2016,2016,12,C706,NEUS MOBILE,C0706,NEUS MOBILE,"NEUS MOBILE, S.A.P.I. DE C.V.",0.0,0.0,0.0,0.0,1712.0,1712.0
107247,15/01/2017,2017,1,C706,NEUS MOBILE,C0706,NEUS MOBILE,"NEUS MOBILE, S.A.P.I. DE C.V.",0.0,0.0,0.0,0.0,1862.0,1862.0
107247,15/02/2017,2017,2,C706,NEUS MOBILE,C0706,NEUS MOBILE,"NEUS MOBILE, S.A.P.I. DE C.V.",0.0,0.0,0.0,0.0,2541.0,2541.0
107247,15/03/2017,2017,3,C706,NEUS MOBILE,C0706,NEUS MOBILE,"NEUS MOBILE, S.A.P.I. DE C.V.",0.0,0.0,0.0,0.0,2543.0,2543.0
107247,15/04/2017,2017,4,C706,NEUS MOBILE,C0706,NEUS MOBILE,"NEUS MOBILE, S.A.P.I. DE C.V.",0.0,0.0,0.0,0.0,2837.0,2837.0
107247,15/05/2017,2017,5,C706,NEUS MOBILE,C0706,NEUS MOBILE,"NEUS MOBILE, S.A.P.I. DE C.V.",0.0,0.0,0.0,0.0,2852.0,2852.0
107247,15/06/2017,2017,6,C706,NEUS MOBILE,C0706,NEUS MOBILE,"NEUS MOBILE, S.A.P.I. DE C.V.",0.0,0.0,0.0,0.0,2881.0,2881.0
107247,15/07/2017,2017,7,C706,NEUS MOBILE,C0706,NEUS MOBILE,"NEUS MOBILE, S.A.P.I. DE C.V.",0.0,0.0,0.0,0.0,3128.0,3128.0
107247,15/08/2017,2017,8,C706,NEUS MOBILE,C0706,NEUS MOBILE,"NEUS MOBILE, S.A.P.I. DE C.V.",0.0,0.0,0.0,0.0,3211.0,3211.0
107247,15/09/2017,2017,9,C706,NEUS MOBILE,C0706,NEUS MOBILE,"NEUS MOBILE, S.A.P.I. DE C.V.",0.0,0.0,0.0,0.0,3919.0,3919.0
107247,15/10/2017,2017,10,C706,NEUS MOBILE,C0706,NEUS MOBILE,"NEUS MOBILE, S.A.P.I. DE C.V.",0.0,0.0,0.0,0.0,4161.0,4161.0
107247,15/11/2017,2017,11,C706,NEUS MOBILE,C0706,NEUS MOBILE,"NEUS MOBILE, S.A.P.I. DE C.V.",0.0,0.0,0.0,0.0,4215.0,4215.0
107247,15/12/2017,2017,12,C706,NEUS MOBILE,C0706,NEUS MOBILE,"NEUS MOBILE, S.A.P.I. DE C.V.",0.0,0.0,0.0,0.0,4225.0,4225.0
107247,15/01/2018,2018,1,C706,NEUS MOBILE,C0706,NEUS MOBILE,"NEUS MOBILE, S.A.P.I. DE C.V.",0.0,0.0,0.0,0.0,4398.0,4398.0
107247,15/02/2018,2018,2,C706,NEUS MOBILE,C0706,NEUS MOBILE,"NEUS MOBILE, S.A.P.I. DE C.V.",0.0,0.0,0.0,0.0,4669.0,4669.0
107247,15/03/2018,2018,3,C706,NEUS MOBILE,C0706,NEUS MOBILE,"NEUS MOBILE, S.A.P.I. DE C.V.",0.0,0.0,0.0,0.0,5379.0,5379.0
107247,15/04/2018,2018,4,C706,NEUS MOBILE,C0706,NEUS MOBILE,"NEUS MOBILE, S.A.P.I. DE C.V.",0.0,0.0,0.0,0.0,5794.0,5794.0
107247,15/05/2018,2018,5,C706,NEUS MOBILE,C0706,NEUS MOBILE,"NEUS MOBILE, S.A.P.I. DE C.V.",0.0,0.0,0.0,0.0,5938.0,5938.0
107247,15/06/2018,2018,6,C706,NEUS MOBILE,C0706,NEUS MOBILE,"NEUS MOBILE, S.A.P.I. DE C.V.",0.0,0.0,0.0,0.0,6218.0,6218.0
107247,15/07/2018,2018,7,C706,NEUS MOBILE,C0706,NEUS MOBILE,"NEUS MOBILE, S.A.P.I. DE C.V.",0.0,0.0,0.0,0.0,6690.0,6690.0
107247,15/08/2018,2018,8,C706,NEUS MOBILE,C0706,NEUS MOBILE,"NEUS MOBILE, S.A.P.I. DE C.V.",0.0,0.0,0.0,0.0,7265.0,7265.0
107247,15/09/2018,2018,9,C706,NEUS MOBILE,C0706,NEUS MOBILE,"NEUS MOBILE, S.A.P.I. DE C.V.",0.0,0.0,0.0,0.0,7628.0,7628.0
107247,15/10/2018,2018,10,C706,NEUS MOBILE,C0706,NEUS MOBILE,"NEUS MOBILE, S.A.P.I. DE C.V.",0.0,0.0,0.0,0.0,7684.0,7684.0
107247,15/11/2018,2018,11,C706,NEUS MOBILE,C0706,NEUS MOBILE,"NEUS MOBILE, S.A.P.I. DE C.V.",0.0,0.0,0.0,0.0,7958.0,7958.0
107247,15/12/2018,2018,12,C706,NEUS MOBILE,C0706,NEUS MOBILE,"NEUS MOBILE, S.A.P.I. DE C.V.",0.0,0.0,0.0,0.0,8188.0,8188.0
107247,15/01/2019,2019,1,C706,NEUS MOBILE,C0706,NEUS MOBILE,"NEUS MOBILE, S.A.P.I. DE C.V.",0.0,0.0,0.0,0.0,7273.0,7273.0
107247,15/02/2019,2019,2,C706,NEUS MOBILE,C0706,NEUS MOBILE,"NEUS MOBILE, S.A.P.I. DE C.V.",0.0,0.0,0.0,0.0,6955.0,6955.0
107247,15/03/2019,2019,3,C706,NEUS MOBILE,C0706,NEUS MOBILE,"NEUS MOBILE, S.A.P.I. DE C.V.",0.0,0.0,0.0,0.0,6896.0,6896.0
107247,15/04/2019,2019,4,C706,NEUS MOBILE,C0706,NEUS MOBILE,"NEUS MOBILE, S.A.P.I. DE C.V.",0.0,0.0,0.0,0.0,5854.0,5854.0
107247,15/05/2019,2019,5,C706,NEUS MOBILE,C0706,NEUS MOBILE,"NEUS MOBILE, S.A.P.I. DE C.V.",0.0,0.0,0.0,0.0,6850.0,6850.0
107247,15/06/2019,2019,6,C706,NEUS MOBILE,C0706,NEUS MOBILE,"NEUS MOBILE, S.A.P.I. DE C.V.",0.0,0.0,0.0,0.0,5866.0,5866.0
107247,15/07/2019,2019,7,C706,NEUS MOBILE,C0706,NEUS MOBILE,"NEUS MOBILE, S.A.P.I. DE C.V.",0.0,0.0,0.0,0.0,5899.0,5899.0
107247,15/08/2019,2019,8,C706,NEUS MOBILE,C0706,NEUS MOBILE,"NEUS MOBILE, S.A.P.I. DE C.V.",0.0,0.0,0.0,0.0,5964.0,5964.0
107247,15/09/2019,2019,9,C706,NEUS MOBILE,C0706,NEUS MOBILE,"NEUS MOBILE, S.A.P.I. DE C.V.",0.0,0.0,0.0,0.0,6015.0,6015.0
107247,15/10/2019,2019,10,C706,NEUS MOBILE,C0706,NEUS MOBILE,"NEUS MOBILE, S.A.P.I. DE C.V.",0.0,0.0,0.0,0.0,5754.0,5754.0
107247,15/11/2019,2019,11,C706,NEUS MOBILE,C0706,NEUS MOBILE,"NEUS MOBILE, S.A.P.I. DE C.V.",0.0,0.0,0.0,0.0,5656.0,5656.0
107247,15/12/2019,2019,12,C706,NEUS MOBILE,C0706,NEUS MOBILE,"NEUS MOBILE, S.A.P.I. DE C.V.",0.0,0.0,0.0,0.0,5672.0,5672.0
107247,15/01/2020,2020,1,C706,NEUS MOBILE,C0706,NEUS MOBILE,"NEUS MOBILE, S.A.P.I. DE C.V.",0.0,0.0,0.0,0.0,5478.0,5478.0
107247,15/02/2020,2020,2,C706,NEUS MOBILE,C0706,NEUS MOBILE,"NEUS MOBILE, S.A.P.I. DE C.V.",0.0,0.0,0.0,0.0,4938.0,4938.0
107247,15/03/2020,2020,3,C706,NEUS MOBILE,C0706,NEUS MOBILE,"NEUS MOBILE, S.A.P.I. DE C.V.",0.0,0.0,0.0,0.0,4806.0,4806.0
107247,15/04/2020,2020,4,C706,NEUS MOBILE,C0706,NEUS MOBILE,"NEUS MOBILE, S.A.P.I. DE C.V.",0.0,0.0,0.0,0.0,4795.0,4795.0
107247,15/05/2020,2020,5,C706,NEUS MOBILE,C0706,NEUS MOBILE,"NEUS MOBILE, S.A.P.I. DE C.V.",0.0,0.0,0.0,0.0,4744.0,4744.0
107247,15/06/2020,2020,6,C706,NEUS MOBILE,C0706,NEUS MOBILE,"NEUS MOBILE, S.A.P.I. DE C.V.",0.0,0.0,0.0,0.0,4177.0,4177.0
107247,15/07/2020,2020,7,C706,NEUS MOBILE,C0706,NEUS MOBILE,"NEUS MOBILE, S.A.P.I. DE C.V.",0.0,0.0,0.0,0.0,3651.0,3651.0
107247,15/08/2020,2020,8,C706,NEUS MOBILE,C0706,NEUS MOBILE,"NEUS MOBILE, S.A.P.I. DE C.V.",0.0,0.0,0.0,0.0,4068.0,4068.0
107247,15/09/2020,2020,9,C706,NEUS MOBILE,C0706,NEUS MOBILE,"NEUS MOBILE, S.A.P.I. DE C.V.",0.0,0.0,0.0,0.0,4023.0,4023.0
107247,15/10/2020,2020,10,C706,NEUS MOBILE,C0706,NEUS MOBILE,"NEUS MOBILE, S.A.P.I. DE C.V.",0.0,0.0,0.0,0.0,4209.0,4209.0
107247,15/11/2020,2020,11,C706,NEUS MOBILE,C0706,NEUS MOBILE,"NEUS MOBILE, S.A.P.I. DE C.V.",0.0,0.0,0.0,0.0,3302.0,3302.0
107247,15/12/2020,2020,12,C706,NEUS MOBILE,C0706,NEUS MOBILE,"NEUS MOBILE, S.A.P.I. DE C.V.",0.0,0.0,0.0,0.0,3244.0,3244.0
517975,15/01/2021,2021,1,C751,NEWWW,C0751,NEWWW,"TALENTO NET, S. DE R.L. DE C.V.",0.0,0.0,0.0,0.0,3619.0,3619.0
517975,15/02/2021,2021,2,C751,NEWWW,C0751,NEWWW,"TALENTO NET, S. DE R.L. DE C.V.",0.0,0.0,0.0,0.0,3907.0,3907.0
517975,15/03/2021,2021,3,C751,NEWWW,C0751,NEWWW,"TALENTO NET, S. DE R.L. DE C.V.",0.0,0.0,0.0,0.0,6037.0,6037.0
517975,15/04/2021,2021,4,C751,NEWWW,C0751,NEWWW,"TALENTO NET, S. DE R.L. DE C.V.",0.0,0.0,0.0,0.0,4815.0,4815.0
517975,15/05/2021,2021,5,C751,NEWWW,C0751,NEWWW,"TALENTO NET, S. DE R.L. DE C.V.",0.0,0.0,0.0,0.0,3821.0,3821.0
517975,15/06/2021,2021,6,C751,NEWWW,C0751,NEWWW,"TALENTO NET, S. DE R.L. DE C.V.",0.0,0.0,0.0,0.0,3207.0,3207.0
517975,15/07/2021,2021,7,C751,NEWWW,C0751,NEWWW,"TALENTO NET, S. DE R.L. DE C.V.",0.0,0.0,0.0,0.0,2439.0,2439.0
517975,15/08/2021,2021,8,C751,NEWWW,C0751,NEWWW,"TALENTO NET, S. DE R.L. DE C.V.",0.0,0.0,0.0,0.0,3333.0,3333.0
517975,15/09/2021,2021,9,C751,NEWWW,C0751,NEWWW,"TALENTO NET, S. DE R.L. DE C.V.",0.0,0.0,0.0,0.0,4426.0,4426.0
517975,15/10/2021,2021,10,C751,NEWWW,C0751,NEWWW,"TALENTO NET, S. DE R.L. DE C.V.",0.0,0.0,0.0,0.0,13206.0,13206.0
517975,15/11/2021,2021,11,C751,NEWWW,C0751,NEWWW,"TALENTO NET, S. DE R.L. DE C.V.",0.0,0.0,0.0,0.0,8889.0,8889.0
517975,15/12/2021,2021,12,C751,NEWWW,C0751,NEWWW,"TALENTO NET, S. DE R.L. DE C.V.",0.0,0.0,0.0,0.0,7268.0,7268.0
517975,15/01/2022,2022,1,C751,NEWWW,C0751,NEWWW,"TALENTO NET, S. DE R.L. DE C.V.",0.0,0.0,0.0,0.0,4001.0,4001.0
517975,15/02/2022,2022,2,C751,NEWWW,C0751,NEWWW,"TALENTO NET, S. DE R.L. DE C.V.",0.0,0.0,0.0,0.0,2281.0,2281.0
517975,15/03/2022,2022,3,C751,NEWWW,C0751,NEWWW,"TALENTO NET, S. DE R.L. DE C.V.",0.0,0.0,0.0,0.0,3499.0,3499.0
517975,15/04/2022,2022,4,C751,NEWWW,C0751,NEWWW,"TALENTO NET, S. DE R.L. DE C.V.",0.0,0.0,0.0,0.0,67150.0,67150.0
517975,15/05/2022,2022,5,C751,NEWWW,C0751,NEWWW,"TALENTO NET, S. DE R.L. DE C.V.",0.0,0.0,0.0,0.0,70232.0,70232.0
517975,15/06/2022,2022,6,C751,NEWWW,C0751,NEWWW,"TALENTO NET, S. DE R.L. DE C.V.",0.0,0.0,0.0,0.0,72523.0,72523.0
517975,15/07/2022,2022,7,C751,NEWWW,C0751,NEWWW,"TALENTO NET, S. DE R.L. DE C.V.",0.0,0.0,0.0,0.0,347974.0,347974.0
517975,15/08/2022,2022,8,C751,NEWWW,C0751,NEWWW,"TALENTO NET, S. DE R.L. DE C.V.",0.0,0.0,0.0,0.0,356422.0,356422.0
517975,15/09/2022,2022,9,C751,NEWWW,C0751,NEWWW,"TALENTO NET, S. DE R.L. DE C.V.",0.0,0.0,0.0,0.0,363907.0,363907.0
517975,15/10/2022,2022,10,C751,NEWWW,C0751,NEWWW,"TALENTO NET, S. DE R.L. DE C.V.",0.0,0.0,0.0,0.0,371678.0,371678.0
517975,15/11/2022,2022,11,C751,NEWWW,C0751,NEWWW,"TALENTO NET, S. DE R.L. DE C.V.",0.0,0.0,0.0,0.0,379638.0,379638.0
517975,15/12/2022,2022,12,C751,NEWWW,C0751,NEWWW,"TALENTO NET, S. DE R.L. DE C.V.",0.0,0.0,0.0,0.0,387642.0,387642.0
517975,15/01/2023,2023,1,C751,NEWWW,C0751,NEWWW,"TALENTO NET, S. DE R.L. DE C.V.",0.0,0.0,0.0,0.0,395130.0,395130.0
517975,15/02/2023,2023,2,C751,NEWWW,C0751,NEWWW,"TALENTO NET, S. DE R.L. DE C.V.",0.0,0.0,0.0,0.0,401670.0,401670.0
517975,15/03/2023,2023,3,C751,NEWWW,C0751,NEWWW,"TALENTO NET, S. DE R.L. DE C.V.",0.0,0.0,0.0,0.0,409925.0,409925.0
517975,15/04/2023,2023,4,C751,NEWWW,C0751,NEWWW,"TALENTO NET, S. DE R.L. DE C.V.",0.0,0.0,0.0,0.0,416724.0,416724.0
517975,15/05/2023,2023,5,C751,NEWWW,C0751,NEWWW,"TALENTO NET, S. DE R.L. DE C.V.",0.0,0.0,0.0,0.0,424149.0,424149.0
517975,15/06/2023,2023,6,C751,NEWWW,C0751,NEWWW,"TALENTO NET, S. DE R.L. DE C.V.",0.0,0.0,0.0,0.0,432144.0,432144.0
517975,15/07/2023,2023,7,C751,NEWWW,C0751,NEWWW,"TALENTO NET, S. DE R.L. DE C.V.",0.0,0.0,0.0,0.0,439321.0,439321.0
517975,15/08/2023,2023,8,C751,NEWWW,C0751,NEWWW,"TALENTO NET, S. DE R.L. DE C.V.",0.0,0.0,0.0,0.0,449943.0,449943.0
517975,15/09/2023,2023,9,C751,NEWWW,C0751,NEWWW,"TALENTO NET, S. DE R.L. DE C.V.",0.0,0.0,0.0,0.0,459078.0,459078.0
517975,15/10/2023,2023,10,C751,NEWWW,C0751,NEWWW,"TALENTO NET, S. DE R.L. DE C.V.",0.0,0.0,0.0,0.0,468595.0,468595.0
517975,15/11/2023,2023,11,C751,NEWWW,C0751,NEWWW,"TALENTO NET, S. DE R.L. DE C.V.",0.0,0.0,0.0,0.0,479775.0,479775.0
517975,15/12/2023,2023,12,C751,NEWWW,C0751,NEWWW,"TALENTO NET, S. DE R.L. DE C.V.",0.0,0.0,0.0,0.0,492131.0,492131.0
517975,15/01/2024,2024,1,C751,NEWWW,C0751,NEWWW,"TALENTO NET, S. DE R.L. DE C.V.",0.0,0.0,0.0,0.0,506410.0,506410.0
517975,15/02/2024,2024,2,C751,NEWWW,C0751,NEWWW,"TALENTO NET, S. DE R.L. DE C.V.",0.0,0.0,0.0,0.0,526320.0,526320.0
517975,15/03/2024,2024,3,C751,NEWWW,C0751,NEWWW,"TALENTO NET, S. DE R.L. DE C.V.",0.0,0.0,0.0,0.0,542441.0,542441.0
517975,15/04/2024,2024,4,C751,NEWWW,C0751,NEWWW,"TALENTO NET, S. DE R.L. DE C.V.",0.0,0.0,0.0,0.0,561152.0,561152.0
517975,15/05/2024,2024,5,C751,NEWWW,C0751,NEWWW,"TALENTO NET, S. DE R.L. DE C.V.",0.0,0.0,0.0,0.0,582948.0,582948.0
517975,15/06/2024,2024,6,C751,NEWWW,C0751,NEWWW,"TALENTO NET, S. DE R.L. DE C.V.",0.0,0.0,0.0,0.0,598272.0,598272.0
517975,15/07/2024,2024,7,C751,NEWWW,C0751,NEWWW,"TALENTO NET, S. DE R.L. DE C.V.",0.0,0.0,0.0,0.0,613244.0,613244.0
517975,15/08/2024,2024,8,C751,NEWWW,C0751,NEWWW,"TALENTO NET, S. DE R.L. DE C.V.",0.0,0.0,0.0,0.0,629055.0,629055.0
517975,15/09/2024,2024,9,C751,NEWWW,C0751,NEWWW,"TALENTO NET, S. DE R.L. DE C.V.",0.0,0.0,0.0,0.0,643710.0,643710.0
517975,15/10/2024,2024,10,C751,NEWWW,C0751,NEWWW,"TALENTO NET, S. DE R.L. DE C.V.",0.0,0.0,0.0,0.0,656366.0,656366.0
517975,15/11/2024,2024,11,C751,NEWWW,C0751,NEWWW,"TALENTO NET, S. DE R.L. DE C.V.",0.0,0.0,0.0,0.0,668893.0,668893.0
517975,15/12/2024,2024,12,C751,NEWWW,C0751,NEWWW,"TALENTO NET, S. DE R.L. DE C.V.",0.0,0.0,0.0,0.0,687269.0,687269.0
104117,15/06/2013,2013,6,C400,NEXTEL,C0400,NEXTEL,"NII DIGITAL, S. DE R.L. DE C.V.",49097.0,562610.0,0.0,0.0,,611707.0
104117,15/07/2013,2013,7,C400,NEXTEL,C0400,NEXTEL,"NII DIGITAL, S. DE R.L. DE C.V.",40881.0,683993.0,0.0,0.0,,724874.0
104117,15/08/2013,2013,8,C400,NEXTEL,C0400,NEXTEL,"NII DIGITAL, S. DE R.L. DE C.V.",47476.0,794338.0,0.0,0.0,,841814.0
104117,15/09/2013,2013,9,C400,NEXTEL,C0400,NEXTEL,"NII DIGITAL, S. DE R.L. DE C.V.",66565.0,892189.0,0.0,0.0,,958754.0
104117,15/10/2013,2013,10,C400,NEXTEL,C0400,NEXTEL,"NII DIGITAL, S. DE R.L. DE C.V.",58707.0,982253.0,0.0,0.0,,1040960.0
104117,15/11/2013,2013,11,C400,NEXTEL,C0400,NEXTEL,"NII DIGITAL, S. DE R.L. DE C.V.",63498.0,1062409.0,0.0,0.0,,1125907.0
104117,15/12/2013,2013,12,C400,NEXTEL,C0400,NEXTEL,"NII DIGITAL, S. DE R.L. DE C.V.",52353.0,1155761.0,0.0,0.0,,1208114.0
104117,15/01/2014,2014,1,C400,NEXTEL,C0400,NEXTEL,"NII DIGITAL, S. DE R.L. DE C.V.",73459.0,1229071.0,0.0,0.0,,1302530.0
104117,15/02/2014,2014,2,C400,NEXTEL,C0400,NEXTEL,"NII DIGITAL, S. DE R.L. DE C.V.",78784.0,1318163.0,0.0,0.0,,1396947.0
104117,15/03/2014,2014,3,C400,NEXTEL,C0400,NEXTEL,"NII DIGITAL, S. DE R.L. DE C.V.",58817.0,1423410.0,0.0,0.0,,1482227.0
104117,15/04/2014,2014,4,C400,NEXTEL,C0400,NEXTEL,"NII DIGITAL, S. DE R.L. DE C.V.",88207.0,1475822.0,0.0,0.0,,1564029.0
104117,15/05/2014,2014,5,C400,NEXTEL,C0400,NEXTEL,"NII DIGITAL, S. DE R.L. DE C.V.",92672.0,1550520.0,0.0,0.0,,1643192.0
104117,15/06/2014,2014,6,C400,NEXTEL,C0400,NEXTEL,"NII DIGITAL, S. DE R.L. DE C.V.",61377.0,1663617.0,0.0,0.0,,1724994.0
104117,15/07/2014,2014,7,C400,NEXTEL,C0400,NEXTEL,"NII DIGITAL, S. DE R.L. DE C.V.",100451.0,1680677.0,0.0,0.0,,1781128.0
104117,15/08/2014,2014,8,C400,NEXTEL,C0400,NEXTEL,"NII DIGITAL, S. DE R.L. DE C.V.",103722.0,1735411.0,0.0,0.0,,1839133.0
104117,15/09/2014,2014,9,C400,NEXTEL,C0400,NEXTEL,"NII DIGITAL, S. DE R.L. DE C.V.",62115.0,1835023.0,0.0,0.0,,1897138.0
104117,15/10/2014,2014,10,C400,NEXTEL,C0400,NEXTEL,"NII DIGITAL, S. DE R.L. DE C.V.",110087.0,1841902.0,0.0,0.0,,1951989.0
104117,15/11/2014,2014,11,C400,NEXTEL,C0400,NEXTEL,"NII DIGITAL, S. DE R.L. DE C.V.",113284.0,1895384.0,0.0,0.0,,2008668.0
104117,15/12/2014,2014,12,C400,NEXTEL,C0400,NEXTEL,"NII DIGITAL, S. DE R.L. DE C.V.",64739.0,1998780.0,0.0,0.0,,2063519.0
104117,15/01/2015,2015,1,C400,NEXTEL,C0400,NEXTEL,"NII DIGITAL, S. DE R.L. DE C.V.",66844.0,1982307.0,0.0,0.0,,2049151.0
104117,15/02/2015,2015,2,C400,NEXTEL,C0400,NEXTEL,"NII DIGITAL, S. DE R.L. DE C.V.",80179.0,2015959.0,0.0,0.0,,2096138.0
104117,15/03/2015,2015,3,C400,NEXTEL,C0400,NEXTEL,"NII DIGITAL, S. DE R.L. DE C.V.",97641.0,2063641.0,0.0,0.0,,2161282.0
104117,15/04/2015,2015,4,C400,NEXTEL,C0400,NEXTEL,"NII DIGITAL, S. DE R.L. DE C.V.",120085.0,2084023.0,0.0,0.0,,2204108.0
104117,15/05/2015,2015,5,C400,NEXTEL,C0400,NEXTEL,"NII DIGITAL, S. DE R.L. DE C.V.",143893.0,2105893.0,0.0,0.0,,2249786.0
104117,15/06/2015,2015,6,C400,NEXTEL,C0400,NEXTEL,"NII DIGITAL, S. DE R.L. DE C.V.",167555.0,2130567.0,0.0,0.0,,2298122.0
104117,15/07/2015,2015,7,C400,NEXTEL,C0400,NEXTEL,"NII DIGITAL, S. DE R.L. DE C.V.",183909.0,2157259.0,0.0,0.0,,2341168.0
104117,15/08/2015,2015,8,C400,NEXTEL,C0400,NEXTEL,"NII DIGITAL, S. DE R.L. DE C.V.",210366.0,2168399.0,0.0,0.0,,2378765.0
104117,15/09/2015,2015,9,C400,NEXTEL,C0400,NEXTEL,"NII DIGITAL, S. DE R.L. DE C.V.",228890.0,2166174.0,0.0,0.0,,2395064.0
102902,15/01/2021,2021,1,C410,OMETEL,C0410,OMETEL,"OME TEL, S.A. DE C.V.",0.0,0.0,0.0,0.0,5492.0,5492.0
102902,15/02/2021,2021,2,C410,OMETEL,C0410,OMETEL,"OME TEL, S.A. DE C.V.",0.0,0.0,0.0,0.0,5756.0,5756.0
102902,15/03/2021,2021,3,C410,OMETEL,C0410,OMETEL,"OME TEL, S.A. DE C.V.",0.0,0.0,0.0,0.0,6206.0,6206.0
102902,15/04/2021,2021,4,C410,OMETEL,C0410,OMETEL,"OME TEL, S.A. DE C.V.",0.0,0.0,0.0,0.0,6599.0,6599.0
102902,15/05/2021,2021,5,C410,OMETEL,C0410,OMETEL,"OME TEL, S.A. DE C.V.",0.0,0.0,0.0,0.0,7225.0,7225.0
102902,15/06/2021,2021,6,C410,OMETEL,C0410,OMETEL,"OME TEL, S.A. DE C.V.",0.0,0.0,0.0,0.0,7859.0,7859.0
102902,15/07/2021,2021,7,C410,OMETEL,C0410,OMETEL,"OME TEL, S.A. DE C.V.",0.0,0.0,0.0,0.0,8431.0,8431.0
102902,15/08/2021,2021,8,C410,OMETEL,C0410,OMETEL,"OME TEL, S.A. DE C.V.",0.0,0.0,0.0,0.0,9270.0,9270.0
102902,15/09/2021,2021,9,C410,OMETEL,C0410,OMETEL,"OME TEL, S.A. DE C.V.",0.0,0.0,0.0,0.0,8952.0,8952.0
102902,15/10/2021,2021,10,C410,OMETEL,C0410,OMETEL,"OME TEL, S.A. DE C.V.",0.0,0.0,0.0,0.0,9249.0,9249.0
102902,15/11/2021,2021,11,C410,OMETEL,C0410,OMETEL,"OME TEL, S.A. DE C.V.",0.0,0.0,0.0,0.0,9364.0,9364.0
102902,15/12/2021,2021,12,C410,OMETEL,C0410,OMETEL,"OME TEL, S.A. DE C.V.",0.0,0.0,0.0,0.0,9254.0,9254.0
102273,15/11/2016,2016,11,C584,GRUPO SALINAS,C0655,OUI,"TELECOMUNICACIONES 360, S.A. DE C.V.",2302.0,0.0,0.0,0.0,,2302.0
102273,15/12/2016,2016,12,C584,GRUPO SALINAS,C0655,OUI,"TELECOMUNICACIONES 360, S.A. DE C.V.",4373.0,0.0,0.0,0.0,,4373.0
102273,15/01/2017,2017,1,C584,GRUPO SALINAS,C0655,OUI,"TELECOMUNICACIONES 360, S.A. DE C.V.",13028.0,0.0,0.0,0.0,,13028.0
102273,15/02/2017,2017,2,C584,GRUPO SALINAS,C0655,OUI,"TELECOMUNICACIONES 360, S.A. DE C.V.",21465.0,0.0,0.0,0.0,,21465.0
102273,15/03/2017,2017,3,C584,GRUPO SALINAS,C0655,OUI,"TELECOMUNICACIONES 360, S.A. DE C.V.",30086.0,0.0,0.0,0.0,,30086.0
102273,15/04/2017,2017,4,C584,GRUPO SALINAS,C0655,OUI,"TELECOMUNICACIONES 360, S.A. DE C.V.",37949.0,0.0,0.0,0.0,,37949.0
102273,15/05/2017,2017,5,C584,GRUPO SALINAS,C0655,OUI,"TELECOMUNICACIONES 360, S.A. DE C.V.",46848.0,0.0,0.0,0.0,,46848.0
102273,15/06/2017,2017,6,C584,GRUPO SALINAS,C0655,OUI,"TELECOMUNICACIONES 360, S.A. DE C.V.",56727.0,0.0,0.0,0.0,,56727.0
102273,15/07/2017,2017,7,C584,GRUPO SALINAS,C0655,OUI,"TELECOMUNICACIONES 360, S.A. DE C.V.",80625.0,0.0,0.0,0.0,,80625.0
102273,15/08/2017,2017,8,C584,GRUPO SALINAS,C0655,OUI,"TELECOMUNICACIONES 360, S.A. DE C.V.",95554.0,0.0,0.0,0.0,,95554.0
102273,15/09/2017,2017,9,C584,GRUPO SALINAS,C0655,OUI,"TELECOMUNICACIONES 360, S.A. DE C.V.",108986.0,0.0,0.0,0.0,,108986.0
102273,15/10/2017,2017,10,C584,GRUPO SALINAS,C0655,OUI,"TELECOMUNICACIONES 360, S.A. DE C.V.",123939.0,0.0,0.0,0.0,,123939.0
102273,15/11/2017,2017,11,C584,GRUPO SALINAS,C0655,OUI,"TELECOMUNICACIONES 360, S.A. DE C.V.",138354.0,0.0,0.0,0.0,,138354.0
102273,15/12/2017,2017,12,C584,GRUPO SALINAS,C0655,OUI,"TELECOMUNICACIONES 360, S.A. DE C.V.",156094.0,0.0,0.0,0.0,,156094.0
102273,15/01/2018,2018,1,C584,GRUPO SALINAS,C0655,OUI,"TELECOMUNICACIONES 360, S.A. DE C.V.",170962.0,0.0,0.0,0.0,,170962.0
102273,15/02/2018,2018,2,C584,GRUPO SALINAS,C0655,OUI,"TELECOMUNICACIONES 360, S.A. DE C.V.",184457.0,0.0,0.0,0.0,,184457.0
102273,15/03/2018,2018,3,C584,GRUPO SALINAS,C0655,OUI,"TELECOMUNICACIONES 360, S.A. DE C.V.",201870.0,0.0,0.0,0.0,,201870.0
102273,15/04/2018,2018,4,C584,GRUPO SALINAS,C0655,OUI,"TELECOMUNICACIONES 360, S.A. DE C.V.",220794.0,0.0,0.0,0.0,,220794.0
102273,15/05/2018,2018,5,C584,GRUPO SALINAS,C0655,OUI,"TELECOMUNICACIONES 360, S.A. DE C.V.",239921.0,0.0,0.0,0.0,,239921.0
102273,15/06/2018,2018,6,C584,GRUPO SALINAS,C0655,OUI,"TELECOMUNICACIONES 360, S.A. DE C.V.",258953.0,0.0,0.0,0.0,,258953.0
102273,15/07/2018,2018,7,C584,GRUPO SALINAS,C0655,OUI,"TELECOMUNICACIONES 360, S.A. DE C.V.",280765.0,0.0,0.0,0.0,,280765.0
102273,15/08/2018,2018,8,C584,GRUPO SALINAS,C0655,OUI,"TELECOMUNICACIONES 360, S.A. DE C.V.",300095.0,0.0,0.0,0.0,,300095.0
102273,15/09/2018,2018,9,C584,GRUPO SALINAS,C0655,OUI,"TELECOMUNICACIONES 360, S.A. DE C.V.",320940.0,0.0,0.0,0.0,,320940.0
102273,15/10/2018,2018,10,C584,GRUPO SALINAS,C0655,OUI,"TELECOMUNICACIONES 360, S.A. DE C.V.",283072.0,0.0,0.0,0.0,,283072.0
102273,15/11/2018,2018,11,C584,GRUPO SALINAS,C0655,OUI,"TELECOMUNICACIONES 360, S.A. DE C.V.",304913.0,0.0,0.0,0.0,,304913.0
102273,15/12/2018,2018,12,C584,GRUPO SALINAS,C0655,OUI,"TELECOMUNICACIONES 360, S.A. DE C.V.",328855.0,0.0,0.0,0.0,,328855.0
102273,15/01/2019,2019,1,C584,GRUPO SALINAS,C0655,OUI,"TELECOMUNICACIONES 360, S.A. DE C.V.",349220.0,0.0,0.0,0.0,,349220.0
102273,15/02/2019,2019,2,C584,GRUPO SALINAS,C0655,OUI,"TELECOMUNICACIONES 360, S.A. DE C.V.",368683.0,0.0,0.0,0.0,,368683.0
102273,15/03/2019,2019,3,C584,GRUPO SALINAS,C0655,OUI,"TELECOMUNICACIONES 360, S.A. DE C.V.",388145.0,0.0,0.0,0.0,,388145.0
102273,15/04/2019,2019,4,C584,GRUPO SALINAS,C0655,OUI,"TELECOMUNICACIONES 360, S.A. DE C.V.",404929.0,0.0,0.0,0.0,,404929.0
102273,15/05/2019,2019,5,C584,GRUPO SALINAS,C0655,OUI,"TELECOMUNICACIONES 360, S.A. DE C.V.",420767.0,0.0,0.0,0.0,,420767.0
102273,15/06/2019,2019,6,C584,GRUPO SALINAS,C0655,OUI,"TELECOMUNICACIONES 360, S.A. DE C.V.",421629.0,0.0,0.0,0.0,,421629.0
102273,15/07/2019,2019,7,C584,GRUPO SALINAS,C0655,OUI,"TELECOMUNICACIONES 360, S.A. DE C.V.",436277.0,0.0,0.0,0.0,,436277.0
102273,15/08/2019,2019,8,C584,GRUPO SALINAS,C0655,OUI,"TELECOMUNICACIONES 360, S.A. DE C.V.",455663.0,0.0,0.0,0.0,,455663.0
102273,15/09/2019,2019,9,C584,GRUPO SALINAS,C0655,OUI,"TELECOMUNICACIONES 360, S.A. DE C.V.",480194.0,0.0,0.0,0.0,,480194.0
102273,15/10/2019,2019,10,C584,GRUPO SALINAS,C0655,OUI,"TELECOMUNICACIONES 360, S.A. DE C.V.",499575.0,0.0,0.0,0.0,,499575.0
102273,15/11/2019,2019,11,C584,GRUPO SALINAS,C0655,OUI,"TELECOMUNICACIONES 360, S.A. DE C.V.",541933.0,0.0,0.0,0.0,,541933.0
102273,15/12/2019,2019,12,C584,GRUPO SALINAS,C0655,OUI,"TELECOMUNICACIONES 360, S.A. DE C.V.",581869.0,0.0,0.0,0.0,,581869.0
102273,15/01/2020,2020,1,C584,GRUPO SALINAS,C0655,OUI,"TELECOMUNICACIONES 360, S.A. DE C.V.",607141.0,0.0,0.0,0.0,,607141.0
102273,15/02/2020,2020,2,C584,GRUPO SALINAS,C0655,OUI,"TELECOMUNICACIONES 360, S.A. DE C.V.",629665.0,0.0,0.0,0.0,,629665.0
102273,15/03/2020,2020,3,C584,GRUPO SALINAS,C0655,OUI,"TELECOMUNICACIONES 360, S.A. DE C.V.",651077.0,0.0,0.0,0.0,,651077.0
102273,15/04/2020,2020,4,C584,GRUPO SALINAS,C0655,OUI,"TELECOMUNICACIONES 360, S.A. DE C.V.",638156.0,0.0,0.0,0.0,,638156.0
102273,15/05/2020,2020,5,C584,GRUPO SALINAS,C0655,OUI,"TELECOMUNICACIONES 360, S.A. DE C.V.",661260.0,0.0,0.0,0.0,,661260.0
102273,15/06/2020,2020,6,C584,GRUPO SALINAS,C0655,OUI,"TELECOMUNICACIONES 360, S.A. DE C.V.",662466.0,0.0,0.0,0.0,,662466.0
102273,15/07/2020,2020,7,C584,GRUPO SALINAS,C0655,OUI,"TELECOMUNICACIONES 360, S.A. DE C.V.",689435.0,0.0,0.0,0.0,,689435.0
102273,15/08/2020,2020,8,C584,GRUPO SALINAS,C0655,OUI,"TELECOMUNICACIONES 360, S.A. DE C.V.",720120.0,0.0,0.0,0.0,,720120.0
102273,15/09/2020,2020,9,C584,GRUPO SALINAS,C0655,OUI,"TELECOMUNICACIONES 360, S.A. DE C.V.",747955.0,0.0,0.0,0.0,,747955.0
102273,15/10/2020,2020,10,C584,GRUPO SALINAS,C0655,OUI,"TELECOMUNICACIONES 360, S.A. DE C.V.",775453.0,0.0,0.0,0.0,,775453.0
102273,15/11/2020,2020,11,C584,GRUPO SALINAS,C0655,OUI,"TELECOMUNICACIONES 360, S.A. DE C.V.",834014.0,0.0,0.0,0.0,,834014.0
102273,15/12/2020,2020,12,C584,GRUPO SALINAS,C0655,OUI,"TELECOMUNICACIONES 360, S.A. DE C.V.",704241.0,0.0,0.0,0.0,,704241.0
102273,15/01/2021,2021,1,C584,GRUPO SALINAS,C0655,OUI,"TELECOMUNICACIONES 360, S.A. DE C.V.",0.0,0.0,0.0,0.0,590042.0,590042.0
102273,15/02/2021,2021,2,C584,GRUPO SALINAS,C0655,OUI,"TELECOMUNICACIONES 360, S.A. DE C.V.",0.0,0.0,0.0,0.0,594617.0,594617.0
102273,15/03/2021,2021,3,C584,GRUPO SALINAS,C0655,OUI,"TELECOMUNICACIONES 360, S.A. DE C.V.",0.0,0.0,0.0,0.0,593911.0,593911.0
102273,15/04/2021,2021,4,C584,GRUPO SALINAS,C0655,OUI,"TELECOMUNICACIONES 360, S.A. DE C.V.",0.0,0.0,0.0,0.0,592288.0,592288.0
102273,15/05/2021,2021,5,C584,GRUPO SALINAS,C0655,OUI,"TELECOMUNICACIONES 360, S.A. DE C.V.",0.0,0.0,0.0,0.0,591023.0,591023.0
102273,15/06/2021,2021,6,C584,GRUPO SALINAS,C0655,OUI,"TELECOMUNICACIONES 360, S.A. DE C.V.",0.0,0.0,0.0,0.0,587956.0,587956.0
102273,15/07/2021,2021,7,C584,GRUPO SALINAS,C0655,OUI,"TELECOMUNICACIONES 360, S.A. DE C.V.",0.0,0.0,0.0,0.0,627981.0,627981.0
102273,15/08/2021,2021,8,C584,GRUPO SALINAS,C0655,OUI,"TELECOMUNICACIONES 360, S.A. DE C.V.",0.0,0.0,0.0,0.0,625186.0,625186.0
102273,15/09/2021,2021,9,C584,GRUPO SALINAS,C0655,OUI,"TELECOMUNICACIONES 360, S.A. DE C.V.",0.0,0.0,0.0,0.0,622950.0,622950.0
102273,15/10/2021,2021,10,C584,GRUPO SALINAS,C0655,OUI,"TELECOMUNICACIONES 360, S.A. DE C.V.",0.0,0.0,0.0,0.0,619682.0,619682.0
102273,15/11/2021,2021,11,C584,GRUPO SALINAS,C0655,OUI,"TELECOMUNICACIONES 360, S.A. DE C.V.",0.0,0.0,0.0,0.0,618735.0,618735.0
102273,15/12/2021,2021,12,C584,GRUPO SALINAS,C0655,OUI,"TELECOMUNICACIONES 360, S.A. DE C.V.",0.0,0.0,0.0,0.0,617580.0,617580.0
102273,15/01/2022,2022,1,C584,GRUPO SALINAS,C0655,OUI,"TELECOMUNICACIONES 360, S.A. DE C.V.",0.0,0.0,0.0,0.0,628829.0,628829.0
102273,15/02/2022,2022,2,C584,GRUPO SALINAS,C0655,OUI,"TELECOMUNICACIONES 360, S.A. DE C.V.",0.0,0.0,0.0,0.0,649045.0,649045.0
102273,15/03/2022,2022,3,C584,GRUPO SALINAS,C0655,OUI,"TELECOMUNICACIONES 360, S.A. DE C.V.",0.0,0.0,0.0,0.0,675630.0,675630.0
102273,15/04/2022,2022,4,C584,GRUPO SALINAS,C0655,OUI,"TELECOMUNICACIONES 360, S.A. DE C.V.",0.0,0.0,0.0,0.0,698010.0,698010.0
102273,15/05/2022,2022,5,C584,GRUPO SALINAS,C0655,OUI,"TELECOMUNICACIONES 360, S.A. DE C.V.",0.0,0.0,0.0,0.0,720324.0,720324.0
102273,15/06/2022,2022,6,C584,GRUPO SALINAS,C0655,OUI,"TELECOMUNICACIONES 360, S.A. DE C.V.",0.0,0.0,0.0,0.0,738823.0,738823.0
102273,15/07/2022,2022,7,C584,GRUPO SALINAS,C0655,OUI,"TELECOMUNICACIONES 360, S.A. DE C.V.",0.0,0.0,0.0,0.0,747230.0,747230.0
102273,15/08/2022,2022,8,C584,GRUPO SALINAS,C0655,OUI,"TELECOMUNICACIONES 360, S.A. DE C.V.",0.0,0.0,0.0,0.0,764969.0,764969.0
102273,15/09/2022,2022,9,C584,GRUPO SALINAS,C0655,OUI,"TELECOMUNICACIONES 360, S.A. DE C.V.",0.0,0.0,0.0,0.0,788076.0,788076.0
102273,15/10/2022,2022,10,C584,GRUPO SALINAS,C0655,OUI,"TELECOMUNICACIONES 360, S.A. DE C.V.",0.0,0.0,0.0,0.0,808530.0,808530.0
102273,15/11/2022,2022,11,C584,GRUPO SALINAS,C0655,OUI,"TELECOMUNICACIONES 360, S.A. DE C.V.",0.0,0.0,0.0,0.0,822309.0,822309.0
102273,15/12/2022,2022,12,C584,GRUPO SALINAS,C0655,OUI,"TELECOMUNICACIONES 360, S.A. DE C.V.",0.0,0.0,0.0,0.0,773191.0,773191.0
102273,15/01/2023,2023,1,C584,GRUPO SALINAS,C0655,OUI,"TELECOMUNICACIONES 360, S.A. DE C.V.",0.0,0.0,0.0,0.0,771218.0,771218.0
102273,15/02/2023,2023,2,C584,GRUPO SALINAS,C0655,OUI,"TELECOMUNICACIONES 360, S.A. DE C.V.",0.0,0.0,0.0,0.0,757484.0,757484.0
102273,15/03/2023,2023,3,C584,GRUPO SALINAS,C0655,OUI,"TELECOMUNICACIONES 360, S.A. DE C.V.",0.0,0.0,0.0,0.0,764379.0,764379.0
102273,15/04/2023,2023,4,C584,GRUPO SALINAS,C0655,OUI,"TELECOMUNICACIONES 360, S.A. DE C.V.",0.0,0.0,0.0,0.0,764301.0,764301.0
102273,15/05/2023,2023,5,C584,GRUPO SALINAS,C0655,OUI,"TELECOMUNICACIONES 360, S.A. DE C.V.",0.0,0.0,0.0,0.0,771879.0,771879.0
102273,15/06/2023,2023,6,C584,GRUPO SALINAS,C0655,OUI,"TELECOMUNICACIONES 360, S.A. DE C.V.",0.0,0.0,0.0,0.0,774989.0,774989.0
102273,15/07/2023,2023,7,C584,GRUPO SALINAS,C0655,OUI,"TELECOMUNICACIONES 360, S.A. DE C.V.",0.0,0.0,0.0,0.0,782011.0,782011.0
102273,15/08/2023,2023,8,C584,GRUPO SALINAS,C0655,OUI,"TELECOMUNICACIONES 360, S.A. DE C.V.",0.0,0.0,0.0,0.0,789664.0,789664.0
102273,15/09/2023,2023,9,C584,GRUPO SALINAS,C0655,OUI,"TELECOMUNICACIONES 360, S.A. DE C.V.",0.0,0.0,0.0,0.0,798423.0,798423.0
102273,15/10/2023,2023,10,C584,GRUPO SALINAS,C0655,OUI,"TELECOMUNICACIONES 360, S.A. DE C.V.",0.0,0.0,0.0,0.0,807077.0,807077.0
102273,15/11/2023,2023,11,C584,GRUPO SALINAS,C0655,OUI,"TELECOMUNICACIONES 360, S.A. DE C.V.",0.0,0.0,0.0,0.0,819517.0,819517.0
102273,15/12/2023,2023,12,C584,GRUPO SALINAS,C0655,OUI,"TELECOMUNICACIONES 360, S.A. DE C.V.",0.0,0.0,0.0,0.0,824230.0,824230.0
102273,15/01/2024,2024,1,C584,GRUPO SALINAS,C0655,OUI,"TELECOMUNICACIONES 360, S.A. DE C.V.",0.0,0.0,0.0,0.0,828117.0,828117.0
102273,15/02/2024,2024,2,C584,GRUPO SALINAS,C0655,OUI,"TELECOMUNICACIONES 360, S.A. DE C.V.",0.0,0.0,0.0,0.0,832230.0,832230.0
102273,15/03/2024,2024,3,C584,GRUPO SALINAS,C0655,OUI,"TELECOMUNICACIONES 360, S.A. DE C.V.",0.0,0.0,0.0,0.0,835497.0,835497.0
102273,15/04/2024,2024,4,C584,GRUPO SALINAS,C0655,OUI,"TELECOMUNICACIONES 360, S.A. DE C.V.",0.0,0.0,0.0,0.0,839286.0,839286.0
102273,15/05/2024,2024,5,C584,GRUPO SALINAS,C0655,OUI,"TELECOMUNICACIONES 360, S.A. DE C.V.",0.0,0.0,0.0,0.0,845920.0,845920.0
102273,15/06/2024,2024,6,C584,GRUPO SALINAS,C0655,OUI,"TELECOMUNICACIONES 360, S.A. DE C.V.",0.0,0.0,0.0,0.0,852082.0,852082.0
102273,15/07/2024,2024,7,C584,GRUPO SALINAS,C0655,OUI,"TELECOMUNICACIONES 360, S.A. DE C.V.",0.0,0.0,0.0,0.0,857159.0,857159.0
102273,15/08/2024,2024,8,C584,GRUPO SALINAS,C0655,OUI,"TELECOMUNICACIONES 360, S.A. DE C.V.",0.0,0.0,0.0,0.0,865341.0,865341.0
102273,15/09/2024,2024,9,C584,GRUPO SALINAS,C0655,OUI,"TELECOMUNICACIONES 360, S.A. DE C.V.",0.0,0.0,0.0,0.0,873752.0,873752.0
102273,15/10/2024,2024,10,C584,GRUPO SALINAS,C0655,OUI,"TELECOMUNICACIONES 360, S.A. DE C.V.",0.0,0.0,0.0,0.0,795133.0,795133.0
102273,15/11/2024,2024,11,C584,GRUPO SALINAS,C0655,OUI,"TELECOMUNICACIONES 360, S.A. DE C.V.",0.0,0.0,0.0,0.0,814406.0,814406.0
102273,15/12/2024,2024,12,C584,GRUPO SALINAS,C0655,OUI,"TELECOMUNICACIONES 360, S.A. DE C.V.",0.0,0.0,0.0,0.0,830090.0,830090.0
516718,15/07/2021,2021,7,C770,PLINTRON,C0770,PLINTRON,"PLINTRON MEXICO, S.A. DE C.V.",0.0,0.0,0.0,0.0,500.0,500.0
516718,15/08/2021,2021,8,C770,PLINTRON,C0770,PLINTRON,"PLINTRON MEXICO, S.A. DE C.V.",0.0,0.0,0.0,0.0,1500.0,1500.0
516718,15/09/2021,2021,9,C770,PLINTRON,C0770,PLINTRON,"PLINTRON MEXICO, S.A. DE C.V.",0.0,0.0,0.0,0.0,2000.0,2000.0
516718,15/10/2021,2021,10,C770,PLINTRON,C0770,PLINTRON,"PLINTRON MEXICO, S.A. DE C.V.",0.0,0.0,0.0,0.0,3500.0,3500.0
516718,15/11/2021,2021,11,C770,PLINTRON,C0770,PLINTRON,"PLINTRON MEXICO, S.A. DE C.V.",0.0,0.0,0.0,0.0,3500.0,3500.0
516718,15/12/2021,2021,12,C770,PLINTRON,C0770,PLINTRON,"PLINTRON MEXICO, S.A. DE C.V.",0.0,0.0,0.0,0.0,4000.0,4000.0
516718,15/10/2022,2022,10,C770,PLINTRON,C0770,PLINTRON,"PLINTRON MEXICO, S.A. DE C.V.",0.0,0.0,0.0,0.0,1440.0,1440.0
516718,15/11/2022,2022,11,C770,PLINTRON,C0770,PLINTRON,"PLINTRON MEXICO, S.A. DE C.V.",0.0,0.0,0.0,0.0,1440.0,1440.0
516718,15/12/2022,2022,12,C770,PLINTRON,C0770,PLINTRON,"PLINTRON MEXICO, S.A. DE C.V.",0.0,0.0,0.0,0.0,1440.0,1440.0
516718,15/01/2023,2023,1,C770,PLINTRON,C0770,PLINTRON,"PLINTRON MEXICO, S.A. DE C.V.",0.0,0.0,0.0,0.0,1440.0,1440.0
516718,15/02/2023,2023,2,C770,PLINTRON,C0770,PLINTRON,"PLINTRON MEXICO, S.A. DE C.V.",0.0,0.0,0.0,0.0,1440.0,1440.0
516718,15/03/2023,2023,3,C770,PLINTRON,C0770,PLINTRON,"PLINTRON MEXICO, S.A. DE C.V.",0.0,0.0,0.0,0.0,1440.0,1440.0
107206,15/02/2015,2015,2,C323,QBO CEL,C0323,QBO CEL,"KUBO CEL, S.A.P.I. DE C.V.",47347.0,0.0,0.0,0.0,,47347.0
107206,15/03/2015,2015,3,C323,QBO CEL,C0323,QBO CEL,"KUBO CEL, S.A.P.I. DE C.V.",50829.0,0.0,0.0,0.0,,50829.0
107206,15/04/2015,2015,4,C323,QBO CEL,C0323,QBO CEL,"KUBO CEL, S.A.P.I. DE C.V.",57040.0,0.0,0.0,0.0,,57040.0
107206,15/05/2015,2015,5,C323,QBO CEL,C0323,QBO CEL,"KUBO CEL, S.A.P.I. DE C.V.",80802.0,0.0,0.0,0.0,,80802.0
107206,15/06/2015,2015,6,C323,QBO CEL,C0323,QBO CEL,"KUBO CEL, S.A.P.I. DE C.V.",87453.0,0.0,0.0,0.0,,87453.0
107206,15/07/2015,2015,7,C323,QBO CEL,C0323,QBO CEL,"KUBO CEL, S.A.P.I. DE C.V.",93994.0,0.0,0.0,0.0,,93994.0
107206,15/08/2015,2015,8,C323,QBO CEL,C0323,QBO CEL,"KUBO CEL, S.A.P.I. DE C.V.",94435.0,0.0,0.0,0.0,,94435.0
107206,15/09/2015,2015,9,C323,QBO CEL,C0323,QBO CEL,"KUBO CEL, S.A.P.I. DE C.V.",94590.0,0.0,0.0,0.0,,94590.0
107206,15/10/2015,2015,10,C323,QBO CEL,C0323,QBO CEL,"KUBO CEL, S.A.P.I. DE C.V.",95690.0,0.0,0.0,0.0,,95690.0
107206,15/11/2015,2015,11,C323,QBO CEL,C0323,QBO CEL,"KUBO CEL, S.A.P.I. DE C.V.",96285.0,0.0,0.0,0.0,,96285.0
107206,15/12/2015,2015,12,C323,QBO CEL,C0323,QBO CEL,"KUBO CEL, S.A.P.I. DE C.V.",96643.0,0.0,0.0,0.0,,96643.0
107206,15/01/2016,2016,1,C323,QBO CEL,C0323,QBO CEL,"KUBO CEL, S.A.P.I. DE C.V.",96697.0,0.0,0.0,0.0,,96697.0
107206,15/02/2016,2016,2,C323,QBO CEL,C0323,QBO CEL,"KUBO CEL, S.A.P.I. DE C.V.",96731.0,0.0,0.0,0.0,,96731.0
107206,15/03/2016,2016,3,C323,QBO CEL,C0323,QBO CEL,"KUBO CEL, S.A.P.I. DE C.V.",96745.0,0.0,0.0,0.0,,96745.0
107206,15/04/2016,2016,4,C323,QBO CEL,C0323,QBO CEL,"KUBO CEL, S.A.P.I. DE C.V.",96764.0,0.0,0.0,0.0,,96764.0
107206,15/05/2016,2016,5,C323,QBO CEL,C0323,QBO CEL,"KUBO CEL, S.A.P.I. DE C.V.",96777.0,0.0,0.0,0.0,,96777.0
107206,15/06/2016,2016,6,C323,QBO CEL,C0323,QBO CEL,"KUBO CEL, S.A.P.I. DE C.V.",96777.0,0.0,0.0,0.0,,96777.0
107206,15/07/2016,2016,7,C323,QBO CEL,C0323,QBO CEL,"KUBO CEL, S.A.P.I. DE C.V.",105714.0,0.0,0.0,0.0,,105714.0
107206,15/08/2016,2016,8,C323,QBO CEL,C0323,QBO CEL,"KUBO CEL, S.A.P.I. DE C.V.",109273.0,0.0,0.0,0.0,,109273.0
107206,15/09/2016,2016,9,C323,QBO CEL,C0323,QBO CEL,"KUBO CEL, S.A.P.I. DE C.V.",112889.0,0.0,0.0,0.0,,112889.0
107206,15/10/2016,2016,10,C323,QBO CEL,C0323,QBO CEL,"KUBO CEL, S.A.P.I. DE C.V.",117224.0,0.0,0.0,0.0,,117224.0
107206,15/11/2016,2016,11,C323,QBO CEL,C0323,QBO CEL,"KUBO CEL, S.A.P.I. DE C.V.",121319.0,0.0,0.0,0.0,,121319.0
107206,15/12/2016,2016,12,C323,QBO CEL,C0323,QBO CEL,"KUBO CEL, S.A.P.I. DE C.V.",124258.0,0.0,0.0,0.0,,124258.0
107206,15/01/2017,2017,1,C323,QBO CEL,C0323,QBO CEL,"KUBO CEL, S.A.P.I. DE C.V.",126797.0,0.0,0.0,0.0,,126797.0
107206,15/02/2017,2017,2,C323,QBO CEL,C0323,QBO CEL,"KUBO CEL, S.A.P.I. DE C.V.",129685.0,0.0,0.0,0.0,,129685.0
107206,15/03/2017,2017,3,C323,QBO CEL,C0323,QBO CEL,"KUBO CEL, S.A.P.I. DE C.V.",132001.0,0.0,0.0,0.0,,132001.0
107206,15/04/2017,2017,4,C323,QBO CEL,C0323,QBO CEL,"KUBO CEL, S.A.P.I. DE C.V.",136873.0,0.0,0.0,0.0,,136873.0
107206,15/05/2017,2017,5,C323,QBO CEL,C0323,QBO CEL,"KUBO CEL, S.A.P.I. DE C.V.",150185.0,0.0,0.0,0.0,,150185.0
107206,15/06/2017,2017,6,C323,QBO CEL,C0323,QBO CEL,"KUBO CEL, S.A.P.I. DE C.V.",161636.0,0.0,0.0,0.0,,161636.0
107206,15/07/2017,2017,7,C323,QBO CEL,C0323,QBO CEL,"KUBO CEL, S.A.P.I. DE C.V.",164985.0,0.0,0.0,0.0,,164985.0
107206,15/08/2017,2017,8,C323,QBO CEL,C0323,QBO CEL,"KUBO CEL, S.A.P.I. DE C.V.",167178.0,0.0,0.0,0.0,,167178.0
107206,15/09/2017,2017,9,C323,QBO CEL,C0323,QBO CEL,"KUBO CEL, S.A.P.I. DE C.V.",168845.0,0.0,0.0,0.0,,168845.0
107206,15/10/2017,2017,10,C323,QBO CEL,C0323,QBO CEL,"KUBO CEL, S.A.P.I. DE C.V.",170204.0,0.0,0.0,0.0,,170204.0
107206,15/11/2017,2017,11,C323,QBO CEL,C0323,QBO CEL,"KUBO CEL, S.A.P.I. DE C.V.",171366.0,0.0,0.0,0.0,,171366.0
107206,15/12/2017,2017,12,C323,QBO CEL,C0323,QBO CEL,"KUBO CEL, S.A.P.I. DE C.V.",171822.0,0.0,0.0,0.0,,171822.0
107206,15/01/2018,2018,1,C323,QBO CEL,C0323,QBO CEL,"KUBO CEL, S.A.P.I. DE C.V.",172370.0,0.0,0.0,0.0,,172370.0
107206,15/02/2018,2018,2,C323,QBO CEL,C0323,QBO CEL,"KUBO CEL, S.A.P.I. DE C.V.",172946.0,0.0,0.0,0.0,,172946.0
107206,15/03/2018,2018,3,C323,QBO CEL,C0323,QBO CEL,"KUBO CEL, S.A.P.I. DE C.V.",173522.0,0.0,0.0,0.0,,173522.0
107206,15/04/2018,2018,4,C323,QBO CEL,C0323,QBO CEL,"KUBO CEL, S.A.P.I. DE C.V.",176957.0,0.0,0.0,0.0,,176957.0
107206,15/05/2018,2018,5,C323,QBO CEL,C0323,QBO CEL,"KUBO CEL, S.A.P.I. DE C.V.",178554.0,0.0,0.0,0.0,,178554.0
107206,15/06/2018,2018,6,C323,QBO CEL,C0323,QBO CEL,"KUBO CEL, S.A.P.I. DE C.V.",179572.0,0.0,0.0,0.0,,179572.0
107206,15/07/2018,2018,7,C323,QBO CEL,C0323,QBO CEL,"KUBO CEL, S.A.P.I. DE C.V.",180651.0,0.0,0.0,0.0,,180651.0
107206,15/08/2018,2018,8,C323,QBO CEL,C0323,QBO CEL,"KUBO CEL, S.A.P.I. DE C.V.",181520.0,0.0,0.0,0.0,,181520.0
107206,15/09/2018,2018,9,C323,QBO CEL,C0323,QBO CEL,"KUBO CEL, S.A.P.I. DE C.V.",182212.0,0.0,0.0,0.0,,182212.0
107206,15/10/2018,2018,10,C323,QBO CEL,C0323,QBO CEL,"KUBO CEL, S.A.P.I. DE C.V.",182751.0,0.0,0.0,0.0,,182751.0
107206,15/11/2018,2018,11,C323,QBO CEL,C0323,QBO CEL,"KUBO CEL, S.A.P.I. DE C.V.",183132.0,0.0,0.0,0.0,,183132.0
107206,15/12/2018,2018,12,C323,QBO CEL,C0323,QBO CEL,"KUBO CEL, S.A.P.I. DE C.V.",183424.0,0.0,0.0,0.0,,183424.0
107206,15/01/2019,2019,1,C323,QBO CEL,C0323,QBO CEL,"KUBO CEL, S.A.P.I. DE C.V.",183536.0,0.0,0.0,0.0,,183536.0
107206,15/02/2019,2019,2,C323,QBO CEL,C0323,QBO CEL,"KUBO CEL, S.A.P.I. DE C.V.",183715.0,0.0,0.0,0.0,,183715.0
107206,15/03/2019,2019,3,C323,QBO CEL,C0323,QBO CEL,"KUBO CEL, S.A.P.I. DE C.V.",183852.0,0.0,0.0,0.0,,183852.0
107206,15/04/2019,2019,4,C323,QBO CEL,C0323,QBO CEL,"KUBO CEL, S.A.P.I. DE C.V.",183826.0,0.0,0.0,0.0,,183826.0
107206,15/05/2019,2019,5,C323,QBO CEL,C0323,QBO CEL,"KUBO CEL, S.A.P.I. DE C.V.",183767.0,0.0,0.0,0.0,,183767.0
107206,15/06/2019,2019,6,C323,QBO CEL,C0323,QBO CEL,"KUBO CEL, S.A.P.I. DE C.V.",183723.0,0.0,0.0,0.0,,183723.0
107206,15/07/2019,2019,7,C323,QBO CEL,C0323,QBO CEL,"KUBO CEL, S.A.P.I. DE C.V.",183668.0,0.0,0.0,0.0,,183668.0
107206,15/08/2019,2019,8,C323,QBO CEL,C0323,QBO CEL,"KUBO CEL, S.A.P.I. DE C.V.",183646.0,0.0,0.0,0.0,,183646.0
107206,15/09/2019,2019,9,C323,QBO CEL,C0323,QBO CEL,"KUBO CEL, S.A.P.I. DE C.V.",183769.0,0.0,0.0,0.0,,183769.0
107206,15/10/2019,2019,10,C323,QBO CEL,C0323,QBO CEL,"KUBO CEL, S.A.P.I. DE C.V.",183879.0,0.0,0.0,0.0,,183879.0
107206,15/11/2019,2019,11,C323,QBO CEL,C0323,QBO CEL,"KUBO CEL, S.A.P.I. DE C.V.",183991.0,0.0,0.0,0.0,,183991.0
107206,15/12/2019,2019,12,C323,QBO CEL,C0323,QBO CEL,"KUBO CEL, S.A.P.I. DE C.V.",184123.0,0.0,0.0,0.0,,184123.0
107206,15/01/2020,2020,1,C323,QBO CEL,C0323,QBO CEL,"KUBO CEL, S.A.P.I. DE C.V.",184439.0,0.0,0.0,0.0,,184439.0
107206,15/02/2020,2020,2,C323,QBO CEL,C0323,QBO CEL,"KUBO CEL, S.A.P.I. DE C.V.",184923.0,0.0,0.0,0.0,,184923.0
107206,15/03/2020,2020,3,C323,QBO CEL,C0323,QBO CEL,"KUBO CEL, S.A.P.I. DE C.V.",185411.0,0.0,0.0,0.0,,185411.0
107206,15/04/2020,2020,4,C323,QBO CEL,C0323,QBO CEL,"KUBO CEL, S.A.P.I. DE C.V.",185653.0,0.0,0.0,0.0,,185653.0
107206,15/05/2020,2020,5,C323,QBO CEL,C0323,QBO CEL,"KUBO CEL, S.A.P.I. DE C.V.",185826.0,0.0,0.0,0.0,,185826.0
107206,15/06/2020,2020,6,C323,QBO CEL,C0323,QBO CEL,"KUBO CEL, S.A.P.I. DE C.V.",186048.0,0.0,0.0,0.0,,186048.0
107206,15/07/2020,2020,7,C323,QBO CEL,C0323,QBO CEL,"KUBO CEL, S.A.P.I. DE C.V.",11562.0,0.0,0.0,0.0,,11562.0
107206,15/08/2020,2020,8,C323,QBO CEL,C0323,QBO CEL,"KUBO CEL, S.A.P.I. DE C.V.",13325.0,0.0,0.0,0.0,,13325.0
107206,15/09/2020,2020,9,C323,QBO CEL,C0323,QBO CEL,"KUBO CEL, S.A.P.I. DE C.V.",14124.0,0.0,0.0,0.0,,14124.0
107206,15/10/2020,2020,10,C323,QBO CEL,C0323,QBO CEL,"KUBO CEL, S.A.P.I. DE C.V.",14128.0,0.0,0.0,0.0,,14128.0
107206,15/11/2020,2020,11,C323,QBO CEL,C0323,QBO CEL,"KUBO CEL, S.A.P.I. DE C.V.",14128.0,0.0,0.0,0.0,,14128.0
107206,15/12/2020,2020,12,C323,QBO CEL,C0323,QBO CEL,"KUBO CEL, S.A.P.I. DE C.V.",14128.0,0.0,0.0,0.0,,14128.0
107206,15/01/2021,2021,1,C323,QBO CEL,C0323,QBO CEL,"KUBO CEL, S.A.P.I. DE C.V.",0.0,0.0,0.0,0.0,14127.0,14127.0
107206,15/02/2021,2021,2,C323,QBO CEL,C0323,QBO CEL,"KUBO CEL, S.A.P.I. DE C.V.",0.0,0.0,0.0,0.0,14127.0,14127.0
107206,15/03/2021,2021,3,C323,QBO CEL,C0323,QBO CEL,"KUBO CEL, S.A.P.I. DE C.V.",0.0,0.0,0.0,0.0,14127.0,14127.0
107206,15/07/2021,2021,7,C323,QBO CEL,C0323,QBO CEL,"KUBO CEL, S.A.P.I. DE C.V.",0.0,0.0,0.0,0.0,11672.0,11672.0
107206,15/08/2021,2021,8,C323,QBO CEL,C0323,QBO CEL,"KUBO CEL, S.A.P.I. DE C.V.",0.0,0.0,0.0,0.0,10916.0,10916.0
107206,15/09/2021,2021,9,C323,QBO CEL,C0323,QBO CEL,"KUBO CEL, S.A.P.I. DE C.V.",0.0,0.0,0.0,0.0,10551.0,10551.0
107206,15/10/2021,2021,10,C323,QBO CEL,C0323,QBO CEL,"KUBO CEL, S.A.P.I. DE C.V.",0.0,0.0,0.0,0.0,10053.0,10053.0
107206,15/11/2021,2021,11,C323,QBO CEL,C0323,QBO CEL,"KUBO CEL, S.A.P.I. DE C.V.",0.0,0.0,0.0,0.0,10112.0,10112.0
107206,15/12/2021,2021,12,C323,QBO CEL,C0323,QBO CEL,"KUBO CEL, S.A.P.I. DE C.V.",0.0,0.0,0.0,0.0,10081.0,10081.0
518853,15/01/2022,2022,1,C465,R&R NEGOCIOS ALTERNOS,C0465,R&R NEGOCIOS ALTERNOS,"R&R NEGOCIOS ALTERNOS, S.A. DE C.V.",0.0,0.0,0.0,0.0,37.0,37.0
518853,15/02/2022,2022,2,C465,R&R NEGOCIOS ALTERNOS,C0465,R&R NEGOCIOS ALTERNOS,"R&R NEGOCIOS ALTERNOS, S.A. DE C.V.",0.0,0.0,0.0,0.0,40.0,40.0
518853,15/03/2022,2022,3,C465,R&R NEGOCIOS ALTERNOS,C0465,R&R NEGOCIOS ALTERNOS,"R&R NEGOCIOS ALTERNOS, S.A. DE C.V.",0.0,0.0,0.0,0.0,51.0,51.0
518853,15/04/2022,2022,4,C465,R&R NEGOCIOS ALTERNOS,C0465,R&R NEGOCIOS ALTERNOS,"R&R NEGOCIOS ALTERNOS, S.A. DE C.V.",0.0,0.0,0.0,0.0,62.0,62.0
518853,15/05/2022,2022,5,C465,R&R NEGOCIOS ALTERNOS,C0465,R&R NEGOCIOS ALTERNOS,"R&R NEGOCIOS ALTERNOS, S.A. DE C.V.",0.0,0.0,0.0,0.0,75.0,75.0
518853,15/06/2022,2022,6,C465,R&R NEGOCIOS ALTERNOS,C0465,R&R NEGOCIOS ALTERNOS,"R&R NEGOCIOS ALTERNOS, S.A. DE C.V.",0.0,0.0,0.0,0.0,87.0,87.0
518853,15/07/2022,2022,7,C465,R&R NEGOCIOS ALTERNOS,C0465,R&R NEGOCIOS ALTERNOS,"R&R NEGOCIOS ALTERNOS, S.A. DE C.V.",0.0,0.0,0.0,0.0,106.0,106.0
518853,15/08/2022,2022,8,C465,R&R NEGOCIOS ALTERNOS,C0465,R&R NEGOCIOS ALTERNOS,"R&R NEGOCIOS ALTERNOS, S.A. DE C.V.",0.0,0.0,0.0,0.0,118.0,118.0
518853,15/09/2022,2022,9,C465,R&R NEGOCIOS ALTERNOS,C0465,R&R NEGOCIOS ALTERNOS,"R&R NEGOCIOS ALTERNOS, S.A. DE C.V.",0.0,0.0,0.0,0.0,127.0,127.0
518853,15/10/2022,2022,10,C465,R&R NEGOCIOS ALTERNOS,C0465,R&R NEGOCIOS ALTERNOS,"R&R NEGOCIOS ALTERNOS, S.A. DE C.V.",0.0,0.0,0.0,0.0,139.0,139.0
518853,15/11/2022,2022,11,C465,R&R NEGOCIOS ALTERNOS,C0465,R&R NEGOCIOS ALTERNOS,"R&R NEGOCIOS ALTERNOS, S.A. DE C.V.",0.0,0.0,0.0,0.0,145.0,145.0
518853,15/12/2022,2022,12,C465,R&R NEGOCIOS ALTERNOS,C0465,R&R NEGOCIOS ALTERNOS,"R&R NEGOCIOS ALTERNOS, S.A. DE C.V.",0.0,0.0,0.0,0.0,160.0,160.0
518853,15/01/2023,2023,1,C465,R&R NEGOCIOS ALTERNOS,C0465,R&R NEGOCIOS ALTERNOS,"R&R NEGOCIOS ALTERNOS, S.A. DE C.V.",0.0,0.0,0.0,0.0,169.0,169.0
518853,15/02/2023,2023,2,C465,R&R NEGOCIOS ALTERNOS,C0465,R&R NEGOCIOS ALTERNOS,"R&R NEGOCIOS ALTERNOS, S.A. DE C.V.",0.0,0.0,0.0,0.0,182.0,182.0
518853,15/03/2023,2023,3,C465,R&R NEGOCIOS ALTERNOS,C0465,R&R NEGOCIOS ALTERNOS,"R&R NEGOCIOS ALTERNOS, S.A. DE C.V.",0.0,0.0,0.0,0.0,206.0,206.0
518853,15/04/2023,2023,4,C465,R&R NEGOCIOS ALTERNOS,C0465,R&R NEGOCIOS ALTERNOS,"R&R NEGOCIOS ALTERNOS, S.A. DE C.V.",0.0,0.0,0.0,0.0,213.0,213.0
518853,15/05/2023,2023,5,C465,R&R NEGOCIOS ALTERNOS,C0465,R&R NEGOCIOS ALTERNOS,"R&R NEGOCIOS ALTERNOS, S.A. DE C.V.",0.0,0.0,0.0,0.0,234.0,234.0
518853,15/06/2023,2023,6,C465,R&R NEGOCIOS ALTERNOS,C0465,R&R NEGOCIOS ALTERNOS,"R&R NEGOCIOS ALTERNOS, S.A. DE C.V.",0.0,0.0,0.0,0.0,256.0,256.0
518853,15/07/2023,2023,7,C465,R&R NEGOCIOS ALTERNOS,C0465,R&R NEGOCIOS ALTERNOS,"R&R NEGOCIOS ALTERNOS, S.A. DE C.V.",0.0,0.0,0.0,0.0,277.0,277.0
518853,15/08/2023,2023,8,C465,R&R NEGOCIOS ALTERNOS,C0465,R&R NEGOCIOS ALTERNOS,"R&R NEGOCIOS ALTERNOS, S.A. DE C.V.",0.0,0.0,0.0,0.0,296.0,296.0
518853,15/09/2023,2023,9,C465,R&R NEGOCIOS ALTERNOS,C0465,R&R NEGOCIOS ALTERNOS,"R&R NEGOCIOS ALTERNOS, S.A. DE C.V.",0.0,0.0,0.0,0.0,325.0,325.0
518853,15/10/2023,2023,10,C465,R&R NEGOCIOS ALTERNOS,C0465,R&R NEGOCIOS ALTERNOS,"R&R NEGOCIOS ALTERNOS, S.A. DE C.V.",0.0,0.0,0.0,0.0,325.0,325.0
518853,15/11/2023,2023,11,C465,R&R NEGOCIOS ALTERNOS,C0465,R&R NEGOCIOS ALTERNOS,"R&R NEGOCIOS ALTERNOS, S.A. DE C.V.",0.0,0.0,0.0,0.0,339.0,339.0
518853,15/12/2023,2023,12,C465,R&R NEGOCIOS ALTERNOS,C0465,R&R NEGOCIOS ALTERNOS,"R&R NEGOCIOS ALTERNOS, S.A. DE C.V.",0.0,0.0,0.0,0.0,405.0,405.0
518853,15/01/2024,2024,1,C465,R&R NEGOCIOS ALTERNOS,C0465,R&R NEGOCIOS ALTERNOS,"R&R NEGOCIOS ALTERNOS, S.A. DE C.V.",0.0,0.0,0.0,0.0,432.0,432.0
518853,15/02/2024,2024,2,C465,R&R NEGOCIOS ALTERNOS,C0465,R&R NEGOCIOS ALTERNOS,"R&R NEGOCIOS ALTERNOS, S.A. DE C.V.",0.0,0.0,0.0,0.0,487.0,487.0
518853,15/03/2024,2024,3,C465,R&R NEGOCIOS ALTERNOS,C0465,R&R NEGOCIOS ALTERNOS,"R&R NEGOCIOS ALTERNOS, S.A. DE C.V.",0.0,0.0,0.0,0.0,305.0,305.0
518853,15/04/2024,2024,4,C465,R&R NEGOCIOS ALTERNOS,C0465,R&R NEGOCIOS ALTERNOS,"R&R NEGOCIOS ALTERNOS, S.A. DE C.V.",0.0,0.0,0.0,0.0,324.0,324.0
518853,15/05/2024,2024,5,C465,R&R NEGOCIOS ALTERNOS,C0465,R&R NEGOCIOS ALTERNOS,"R&R NEGOCIOS ALTERNOS, S.A. DE C.V.",0.0,0.0,0.0,0.0,275.0,275.0
518853,15/06/2024,2024,6,C465,R&R NEGOCIOS ALTERNOS,C0465,R&R NEGOCIOS ALTERNOS,"R&R NEGOCIOS ALTERNOS, S.A. DE C.V.",0.0,0.0,0.0,0.0,254.0,254.0
518853,15/07/2024,2024,7,C465,R&R NEGOCIOS ALTERNOS,C0465,R&R NEGOCIOS ALTERNOS,"R&R NEGOCIOS ALTERNOS, S.A. DE C.V.",0.0,0.0,0.0,0.0,241.0,241.0
518853,15/08/2024,2024,8,C465,R&R NEGOCIOS ALTERNOS,C0465,R&R NEGOCIOS ALTERNOS,"R&R NEGOCIOS ALTERNOS, S.A. DE C.V.",0.0,0.0,0.0,0.0,217.0,217.0
518853,15/09/2024,2024,9,C465,R&R NEGOCIOS ALTERNOS,C0465,R&R NEGOCIOS ALTERNOS,"R&R NEGOCIOS ALTERNOS, S.A. DE C.V.",0.0,0.0,0.0,0.0,202.0,202.0
518853,15/10/2024,2024,10,C465,R&R NEGOCIOS ALTERNOS,C0465,R&R NEGOCIOS ALTERNOS,"R&R NEGOCIOS ALTERNOS, S.A. DE C.V.",0.0,0.0,0.0,0.0,164.0,164.0
518853,15/11/2024,2024,11,C465,R&R NEGOCIOS ALTERNOS,C0465,R&R NEGOCIOS ALTERNOS,"R&R NEGOCIOS ALTERNOS, S.A. DE C.V.",0.0,0.0,0.0,0.0,153.0,153.0
518853,15/12/2024,2024,12,C465,R&R NEGOCIOS ALTERNOS,C0465,R&R NEGOCIOS ALTERNOS,"R&R NEGOCIOS ALTERNOS, S.A. DE C.V.",0.0,0.0,0.0,0.0,130.0,130.0
519163,15/11/2021,2021,11,C807,RED DOG,C0807,RED DOG,"CONVERGENCIA Y DESARROLLO DIGITAL, S.A. DE C.V.",0.0,0.0,0.0,0.0,45.0,45.0
519163,15/12/2021,2021,12,C807,RED DOG,C0807,RED DOG,"CONVERGENCIA Y DESARROLLO DIGITAL, S.A. DE C.V.",0.0,0.0,0.0,0.0,40.0,40.0
519163,15/01/2022,2022,1,C807,RED DOG,C0807,RED DOG,"CONVERGENCIA Y DESARROLLO DIGITAL, S.A. DE C.V.",0.0,0.0,0.0,0.0,175.0,175.0
519163,15/02/2022,2022,2,C807,RED DOG,C0807,RED DOG,"CONVERGENCIA Y DESARROLLO DIGITAL, S.A. DE C.V.",0.0,0.0,0.0,0.0,207.0,207.0
519163,15/03/2022,2022,3,C807,RED DOG,C0807,RED DOG,"CONVERGENCIA Y DESARROLLO DIGITAL, S.A. DE C.V.",0.0,0.0,0.0,0.0,235.0,235.0
519163,15/04/2022,2022,4,C807,RED DOG,C0807,RED DOG,"CONVERGENCIA Y DESARROLLO DIGITAL, S.A. DE C.V.",0.0,0.0,0.0,0.0,266.0,266.0
519163,15/05/2022,2022,5,C807,RED DOG,C0807,RED DOG,"CONVERGENCIA Y DESARROLLO DIGITAL, S.A. DE C.V.",0.0,0.0,0.0,0.0,308.0,308.0
519163,15/06/2022,2022,6,C807,RED DOG,C0807,RED DOG,"CONVERGENCIA Y DESARROLLO DIGITAL, S.A. DE C.V.",0.0,0.0,0.0,0.0,357.0,357.0
519163,15/07/2022,2022,7,C807,RED DOG,C0807,RED DOG,"CONVERGENCIA Y DESARROLLO DIGITAL, S.A. DE C.V.",0.0,0.0,0.0,0.0,396.0,396.0
519163,15/08/2022,2022,8,C807,RED DOG,C0807,RED DOG,"CONVERGENCIA Y DESARROLLO DIGITAL, S.A. DE C.V.",0.0,0.0,0.0,0.0,179.0,179.0
519163,15/09/2022,2022,9,C807,RED DOG,C0807,RED DOG,"CONVERGENCIA Y DESARROLLO DIGITAL, S.A. DE C.V.",0.0,0.0,0.0,0.0,213.0,213.0
519163,15/10/2022,2022,10,C807,RED DOG,C0807,RED DOG,"CONVERGENCIA Y DESARROLLO DIGITAL, S.A. DE C.V.",0.0,0.0,0.0,0.0,201.0,201.0
519163,15/11/2022,2022,11,C807,RED DOG,C0807,RED DOG,"CONVERGENCIA Y DESARROLLO DIGITAL, S.A. DE C.V.",0.0,0.0,0.0,0.0,269.0,269.0
519163,15/12/2022,2022,12,C807,RED DOG,C0807,RED DOG,"CONVERGENCIA Y DESARROLLO DIGITAL, S.A. DE C.V.",0.0,0.0,0.0,0.0,267.0,267.0
519163,15/01/2023,2023,1,C807,RED DOG,C0807,RED DOG,"CONVERGENCIA Y DESARROLLO DIGITAL, S.A. DE C.V.",0.0,0.0,0.0,0.0,269.0,269.0
519163,15/02/2023,2023,2,C807,RED DOG,C0807,RED DOG,"CONVERGENCIA Y DESARROLLO DIGITAL, S.A. DE C.V.",0.0,0.0,0.0,0.0,278.0,278.0
519163,15/03/2023,2023,3,C807,RED DOG,C0807,RED DOG,"CONVERGENCIA Y DESARROLLO DIGITAL, S.A. DE C.V.",0.0,0.0,0.0,0.0,277.0,277.0
519163,15/04/2023,2023,4,C807,RED DOG,C0807,RED DOG,"CONVERGENCIA Y DESARROLLO DIGITAL, S.A. DE C.V.",0.0,0.0,0.0,0.0,274.0,274.0
519163,15/05/2023,2023,5,C807,RED DOG,C0807,RED DOG,"CONVERGENCIA Y DESARROLLO DIGITAL, S.A. DE C.V.",0.0,0.0,0.0,0.0,211.0,211.0
519163,15/06/2023,2023,6,C807,RED DOG,C0807,RED DOG,"CONVERGENCIA Y DESARROLLO DIGITAL, S.A. DE C.V.",0.0,0.0,0.0,0.0,171.0,171.0
519163,15/07/2023,2023,7,C807,RED DOG,C0807,RED DOG,"CONVERGENCIA Y DESARROLLO DIGITAL, S.A. DE C.V.",0.0,0.0,0.0,0.0,157.0,157.0
519163,15/08/2023,2023,8,C807,RED DOG,C0807,RED DOG,"CONVERGENCIA Y DESARROLLO DIGITAL, S.A. DE C.V.",0.0,0.0,0.0,0.0,157.0,157.0
519163,15/09/2023,2023,9,C807,RED DOG,C0807,RED DOG,"CONVERGENCIA Y DESARROLLO DIGITAL, S.A. DE C.V.",0.0,0.0,0.0,0.0,156.0,156.0
519163,15/10/2023,2023,10,C807,RED DOG,C0807,RED DOG,"CONVERGENCIA Y DESARROLLO DIGITAL, S.A. DE C.V.",0.0,0.0,0.0,0.0,127.0,127.0
519163,15/11/2023,2023,11,C807,RED DOG,C0807,RED DOG,"CONVERGENCIA Y DESARROLLO DIGITAL, S.A. DE C.V.",0.0,0.0,0.0,0.0,118.0,118.0
519163,15/12/2023,2023,12,C807,RED DOG,C0807,RED DOG,"CONVERGENCIA Y DESARROLLO DIGITAL, S.A. DE C.V.",0.0,0.0,0.0,0.0,112.0,112.0
519163,15/01/2024,2024,1,C807,RED DOG,C0807,RED DOG,"CONVERGENCIA Y DESARROLLO DIGITAL, S.A. DE C.V.",0.0,0.0,0.0,0.0,107.0,107.0
519163,15/02/2024,2024,2,C807,RED DOG,C0807,RED DOG,"CONVERGENCIA Y DESARROLLO DIGITAL, S.A. DE C.V.",0.0,0.0,0.0,0.0,106.0,106.0
519163,15/03/2024,2024,3,C807,RED DOG,C0807,RED DOG,"CONVERGENCIA Y DESARROLLO DIGITAL, S.A. DE C.V.",0.0,0.0,0.0,0.0,103.0,103.0
519163,15/04/2024,2024,4,C807,RED DOG,C0807,RED DOG,"CONVERGENCIA Y DESARROLLO DIGITAL, S.A. DE C.V.",0.0,0.0,0.0,0.0,99.0,99.0
519163,15/05/2024,2024,5,C807,RED DOG,C0807,RED DOG,"CONVERGENCIA Y DESARROLLO DIGITAL, S.A. DE C.V.",0.0,0.0,0.0,0.0,97.0,97.0
519163,15/06/2024,2024,6,C807,RED DOG,C0807,RED DOG,"CONVERGENCIA Y DESARROLLO DIGITAL, S.A. DE C.V.",0.0,0.0,0.0,0.0,95.0,95.0
519163,15/07/2024,2024,7,C807,RED DOG,C0807,RED DOG,"CONVERGENCIA Y DESARROLLO DIGITAL, S.A. DE C.V.",0.0,0.0,0.0,0.0,94.0,94.0
519163,15/08/2024,2024,8,C807,RED DOG,C0807,RED DOG,"CONVERGENCIA Y DESARROLLO DIGITAL, S.A. DE C.V.",0.0,0.0,0.0,0.0,99.0,99.0
519163,15/09/2024,2024,9,C807,RED DOG,C0807,RED DOG,"CONVERGENCIA Y DESARROLLO DIGITAL, S.A. DE C.V.",0.0,0.0,0.0,0.0,101.0,101.0
519163,15/10/2024,2024,10,C807,RED DOG,C0807,RED DOG,"CONVERGENCIA Y DESARROLLO DIGITAL, S.A. DE C.V.",0.0,0.0,0.0,0.0,101.0,101.0
519163,15/11/2024,2024,11,C807,RED DOG,C0807,RED DOG,"CONVERGENCIA Y DESARROLLO DIGITAL, S.A. DE C.V.",0.0,0.0,0.0,0.0,98.0,98.0
519163,15/12/2024,2024,12,C807,RED DOG,C0807,RED DOG,"CONVERGENCIA Y DESARROLLO DIGITAL, S.A. DE C.V.",0.0,0.0,0.0,0.0,95.0,95.0
105899,15/01/2024,2024,1,G253,COPPEL,C1253,REDICOPPEL,"ORIONIDAS, S.A. DE C.V.",0.0,0.0,0.0,0.0,535.0,535.0
105899,15/02/2024,2024,2,G253,COPPEL,C1253,REDICOPPEL,"ORIONIDAS, S.A. DE C.V.",0.0,0.0,0.0,0.0,457.0,457.0
105899,15/03/2024,2024,3,G253,COPPEL,C1253,REDICOPPEL,"ORIONIDAS, S.A. DE C.V.",0.0,0.0,0.0,0.0,491.0,491.0
105899,15/04/2024,2024,4,G253,COPPEL,C1253,REDICOPPEL,"ORIONIDAS, S.A. DE C.V.",0.0,0.0,0.0,0.0,3088.0,3088.0
105899,15/05/2024,2024,5,G253,COPPEL,C1253,REDICOPPEL,"ORIONIDAS, S.A. DE C.V.",0.0,0.0,0.0,0.0,88.0,88.0
105899,15/06/2024,2024,6,G253,COPPEL,C1253,REDICOPPEL,"ORIONIDAS, S.A. DE C.V.",0.0,0.0,0.0,0.0,309.0,309.0
105899,15/07/2024,2024,7,G253,COPPEL,C1253,REDICOPPEL,"ORIONIDAS, S.A. DE C.V.",0.0,0.0,0.0,0.0,434.0,434.0
105899,15/08/2024,2024,8,G253,COPPEL,C1253,REDICOPPEL,"ORIONIDAS, S.A. DE C.V.",0.0,0.0,0.0,0.0,1474.0,1474.0
105899,15/09/2024,2024,9,G253,COPPEL,C1253,REDICOPPEL,"ORIONIDAS, S.A. DE C.V.",0.0,0.0,0.0,0.0,2781.0,2781.0
105899,15/10/2024,2024,10,G253,COPPEL,C1253,REDICOPPEL,"ORIONIDAS, S.A. DE C.V.",0.0,0.0,0.0,0.0,4569.0,4569.0
105899,15/11/2024,2024,11,G253,COPPEL,C1253,REDICOPPEL,"ORIONIDAS, S.A. DE C.V.",0.0,0.0,0.0,0.0,7740.0,7740.0
105899,15/12/2024,2024,12,G253,COPPEL,C1253,REDICOPPEL,"ORIONIDAS, S.A. DE C.V.",0.0,0.0,0.0,0.0,13043.0,13043.0
519992,15/02/2022,2022,2,C646,REDPHONE,C0646,REDPHONE,"NEGOCIOS INTEGRALES DE MEXICO, S.A. DE C.V.",0.0,0.0,0.0,0.0,5.0,5.0
519992,15/03/2022,2022,3,C646,REDPHONE,C0646,REDPHONE,"NEGOCIOS INTEGRALES DE MEXICO, S.A. DE C.V.",0.0,0.0,0.0,0.0,248.0,248.0
519992,15/04/2022,2022,4,C646,REDPHONE,C0646,REDPHONE,"NEGOCIOS INTEGRALES DE MEXICO, S.A. DE C.V.",0.0,0.0,0.0,0.0,114.0,114.0
519992,15/05/2022,2022,5,C646,REDPHONE,C0646,REDPHONE,"NEGOCIOS INTEGRALES DE MEXICO, S.A. DE C.V.",0.0,0.0,0.0,0.0,397.0,397.0
519992,15/06/2022,2022,6,C646,REDPHONE,C0646,REDPHONE,"NEGOCIOS INTEGRALES DE MEXICO, S.A. DE C.V.",0.0,0.0,0.0,0.0,243.0,243.0
519992,15/07/2022,2022,7,C646,REDPHONE,C0646,REDPHONE,"NEGOCIOS INTEGRALES DE MEXICO, S.A. DE C.V.",0.0,0.0,0.0,0.0,186.0,186.0
519992,15/08/2022,2022,8,C646,REDPHONE,C0646,REDPHONE,"NEGOCIOS INTEGRALES DE MEXICO, S.A. DE C.V.",0.0,0.0,0.0,0.0,430.0,430.0
519992,15/09/2022,2022,9,C646,REDPHONE,C0646,REDPHONE,"NEGOCIOS INTEGRALES DE MEXICO, S.A. DE C.V.",0.0,0.0,0.0,0.0,410.0,410.0
519992,15/10/2022,2022,10,C646,REDPHONE,C0646,REDPHONE,"NEGOCIOS INTEGRALES DE MEXICO, S.A. DE C.V.",0.0,0.0,0.0,0.0,550.0,550.0
519992,15/11/2022,2022,11,C646,REDPHONE,C0646,REDPHONE,"NEGOCIOS INTEGRALES DE MEXICO, S.A. DE C.V.",0.0,0.0,0.0,0.0,406.0,406.0
519992,15/12/2022,2022,12,C646,REDPHONE,C0646,REDPHONE,"NEGOCIOS INTEGRALES DE MEXICO, S.A. DE C.V.",0.0,0.0,0.0,0.0,807.0,807.0
519992,15/01/2023,2023,1,C646,REDPHONE,C0646,REDPHONE,"NEGOCIOS INTEGRALES DE MEXICO, S.A. DE C.V.",0.0,0.0,0.0,0.0,1295.0,1295.0
519992,15/02/2023,2023,2,C646,REDPHONE,C0646,REDPHONE,"NEGOCIOS INTEGRALES DE MEXICO, S.A. DE C.V.",0.0,0.0,0.0,0.0,1718.0,1718.0
519992,15/03/2023,2023,3,C646,REDPHONE,C0646,REDPHONE,"NEGOCIOS INTEGRALES DE MEXICO, S.A. DE C.V.",0.0,0.0,0.0,0.0,2482.0,2482.0
519992,15/04/2023,2023,4,C646,REDPHONE,C0646,REDPHONE,"NEGOCIOS INTEGRALES DE MEXICO, S.A. DE C.V.",0.0,0.0,0.0,0.0,3785.0,3785.0
519992,15/05/2023,2023,5,C646,REDPHONE,C0646,REDPHONE,"NEGOCIOS INTEGRALES DE MEXICO, S.A. DE C.V.",0.0,0.0,0.0,0.0,5961.0,5961.0
519992,15/06/2023,2023,6,C646,REDPHONE,C0646,REDPHONE,"NEGOCIOS INTEGRALES DE MEXICO, S.A. DE C.V.",0.0,0.0,0.0,0.0,8409.0,8409.0
519992,15/07/2023,2023,7,C646,REDPHONE,C0646,REDPHONE,"NEGOCIOS INTEGRALES DE MEXICO, S.A. DE C.V.",0.0,0.0,0.0,0.0,11698.0,11698.0
519992,15/08/2023,2023,8,C646,REDPHONE,C0646,REDPHONE,"NEGOCIOS INTEGRALES DE MEXICO, S.A. DE C.V.",0.0,0.0,0.0,0.0,15620.0,15620.0
519992,15/09/2023,2023,9,C646,REDPHONE,C0646,REDPHONE,"NEGOCIOS INTEGRALES DE MEXICO, S.A. DE C.V.",0.0,0.0,0.0,0.0,18963.0,18963.0
519992,15/10/2023,2023,10,C646,REDPHONE,C0646,REDPHONE,"NEGOCIOS INTEGRALES DE MEXICO, S.A. DE C.V.",0.0,0.0,0.0,0.0,22547.0,22547.0
519992,15/11/2023,2023,11,C646,REDPHONE,C0646,REDPHONE,"NEGOCIOS INTEGRALES DE MEXICO, S.A. DE C.V.",0.0,0.0,0.0,0.0,26651.0,26651.0
519992,15/12/2023,2023,12,C646,REDPHONE,C0646,REDPHONE,"NEGOCIOS INTEGRALES DE MEXICO, S.A. DE C.V.",0.0,0.0,0.0,0.0,29722.0,29722.0
519992,15/01/2024,2024,1,C646,REDPHONE,C0646,REDPHONE,"NEGOCIOS INTEGRALES DE MEXICO, S.A. DE C.V.",0.0,0.0,0.0,0.0,25002.0,25002.0
519992,15/02/2024,2024,2,C646,REDPHONE,C0646,REDPHONE,"NEGOCIOS INTEGRALES DE MEXICO, S.A. DE C.V.",0.0,0.0,0.0,0.0,26115.0,26115.0
519992,15/03/2024,2024,3,C646,REDPHONE,C0646,REDPHONE,"NEGOCIOS INTEGRALES DE MEXICO, S.A. DE C.V.",0.0,0.0,0.0,0.0,27148.0,27148.0
519992,15/04/2024,2024,4,C646,REDPHONE,C0646,REDPHONE,"NEGOCIOS INTEGRALES DE MEXICO, S.A. DE C.V.",0.0,0.0,0.0,0.0,28534.0,28534.0
519992,15/05/2024,2024,5,C646,REDPHONE,C0646,REDPHONE,"NEGOCIOS INTEGRALES DE MEXICO, S.A. DE C.V.",0.0,0.0,0.0,0.0,30244.0,30244.0
519992,15/06/2024,2024,6,C646,REDPHONE,C0646,REDPHONE,"NEGOCIOS INTEGRALES DE MEXICO, S.A. DE C.V.",0.0,0.0,0.0,0.0,31829.0,31829.0
519992,15/07/2024,2024,7,C646,REDPHONE,C0646,REDPHONE,"NEGOCIOS INTEGRALES DE MEXICO, S.A. DE C.V.",0.0,0.0,0.0,0.0,27742.0,27742.0
519992,15/08/2024,2024,8,C646,REDPHONE,C0646,REDPHONE,"NEGOCIOS INTEGRALES DE MEXICO, S.A. DE C.V.",0.0,0.0,0.0,0.0,31709.0,31709.0
519992,15/09/2024,2024,9,C646,REDPHONE,C0646,REDPHONE,"NEGOCIOS INTEGRALES DE MEXICO, S.A. DE C.V.",0.0,0.0,0.0,0.0,34836.0,34836.0
519992,15/10/2024,2024,10,C646,REDPHONE,C0646,REDPHONE,"NEGOCIOS INTEGRALES DE MEXICO, S.A. DE C.V.",0.0,0.0,0.0,0.0,27382.0,27382.0
519992,15/11/2024,2024,11,C646,REDPHONE,C0646,REDPHONE,"NEGOCIOS INTEGRALES DE MEXICO, S.A. DE C.V.",0.0,0.0,0.0,0.0,30695.0,30695.0
519992,15/12/2024,2024,12,C646,REDPHONE,C0646,REDPHONE,"NEGOCIOS INTEGRALES DE MEXICO, S.A. DE C.V.",0.0,0.0,0.0,0.0,35196.0,35196.0
517944,15/01/2022,2022,1,C753,ROCKETEL,C0753,ROCKETEL,"ROCKETEL, S.A.P.I. DE C.V.",0.0,0.0,0.0,0.0,497.0,497.0
517944,15/02/2022,2022,2,C753,ROCKETEL,C0753,ROCKETEL,"ROCKETEL, S.A.P.I. DE C.V.",0.0,0.0,0.0,0.0,566.0,566.0
517944,15/03/2022,2022,3,C753,ROCKETEL,C0753,ROCKETEL,"ROCKETEL, S.A.P.I. DE C.V.",0.0,0.0,0.0,0.0,1023.0,1023.0
517944,15/04/2022,2022,4,C753,ROCKETEL,C0753,ROCKETEL,"ROCKETEL, S.A.P.I. DE C.V.",0.0,0.0,0.0,0.0,17273.0,17273.0
517944,15/05/2022,2022,5,C753,ROCKETEL,C0753,ROCKETEL,"ROCKETEL, S.A.P.I. DE C.V.",0.0,0.0,0.0,0.0,20268.0,20268.0
517944,15/06/2022,2022,6,C753,ROCKETEL,C0753,ROCKETEL,"ROCKETEL, S.A.P.I. DE C.V.",0.0,0.0,0.0,0.0,21318.0,21318.0
517944,15/07/2022,2022,7,C753,ROCKETEL,C0753,ROCKETEL,"ROCKETEL, S.A.P.I. DE C.V.",0.0,0.0,0.0,0.0,103729.0,103729.0
517944,15/08/2022,2022,8,C753,ROCKETEL,C0753,ROCKETEL,"ROCKETEL, S.A.P.I. DE C.V.",0.0,0.0,0.0,0.0,113410.0,113410.0
517944,15/09/2022,2022,9,C753,ROCKETEL,C0753,ROCKETEL,"ROCKETEL, S.A.P.I. DE C.V.",0.0,0.0,0.0,0.0,122507.0,122507.0
517944,15/10/2022,2022,10,C753,ROCKETEL,C0753,ROCKETEL,"ROCKETEL, S.A.P.I. DE C.V.",0.0,0.0,0.0,0.0,146553.0,146553.0
517944,15/11/2022,2022,11,C753,ROCKETEL,C0753,ROCKETEL,"ROCKETEL, S.A.P.I. DE C.V.",0.0,0.0,0.0,0.0,129256.0,129256.0
517944,15/12/2022,2022,12,C753,ROCKETEL,C0753,ROCKETEL,"ROCKETEL, S.A.P.I. DE C.V.",0.0,0.0,0.0,0.0,123275.0,123275.0
517944,15/01/2023,2023,1,C753,ROCKETEL,C0753,ROCKETEL,"ROCKETEL, S.A.P.I. DE C.V.",0.0,0.0,0.0,0.0,119632.0,119632.0
517944,15/02/2023,2023,2,C753,ROCKETEL,C0753,ROCKETEL,"ROCKETEL, S.A.P.I. DE C.V.",0.0,0.0,0.0,0.0,110470.0,110470.0
517944,15/03/2023,2023,3,C753,ROCKETEL,C0753,ROCKETEL,"ROCKETEL, S.A.P.I. DE C.V.",0.0,0.0,0.0,0.0,122507.0,122507.0
517944,15/04/2023,2023,4,C753,ROCKETEL,C0753,ROCKETEL,"ROCKETEL, S.A.P.I. DE C.V.",0.0,0.0,0.0,0.0,118886.0,118886.0
517944,15/05/2023,2023,5,C753,ROCKETEL,C0753,ROCKETEL,"ROCKETEL, S.A.P.I. DE C.V.",0.0,0.0,0.0,0.0,124735.0,124735.0
517944,15/06/2023,2023,6,C753,ROCKETEL,C0753,ROCKETEL,"ROCKETEL, S.A.P.I. DE C.V.",0.0,0.0,0.0,0.0,124070.0,124070.0
517944,15/07/2023,2023,7,C753,ROCKETEL,C0753,ROCKETEL,"ROCKETEL, S.A.P.I. DE C.V.",0.0,0.0,0.0,0.0,130191.0,130191.0
517944,15/08/2023,2023,8,C753,ROCKETEL,C0753,ROCKETEL,"ROCKETEL, S.A.P.I. DE C.V.",0.0,0.0,0.0,0.0,133452.0,133452.0
517944,15/09/2023,2023,9,C753,ROCKETEL,C0753,ROCKETEL,"ROCKETEL, S.A.P.I. DE C.V.",0.0,0.0,0.0,0.0,131280.0,131280.0
517944,15/10/2023,2023,10,C753,ROCKETEL,C0753,ROCKETEL,"ROCKETEL, S.A.P.I. DE C.V.",0.0,0.0,0.0,0.0,143077.0,143077.0
517944,15/11/2023,2023,11,C753,ROCKETEL,C0753,ROCKETEL,"ROCKETEL, S.A.P.I. DE C.V.",0.0,0.0,0.0,0.0,136908.0,136908.0
517944,15/12/2023,2023,12,C753,ROCKETEL,C0753,ROCKETEL,"ROCKETEL, S.A.P.I. DE C.V.",0.0,0.0,0.0,0.0,144284.0,144284.0
517944,15/01/2024,2024,1,C753,ROCKETEL,C0753,ROCKETEL,"ROCKETEL, S.A.P.I. DE C.V.",0.0,0.0,0.0,0.0,143373.0,143373.0
517944,15/02/2024,2024,2,C753,ROCKETEL,C0753,ROCKETEL,"ROCKETEL, S.A.P.I. DE C.V.",0.0,0.0,0.0,0.0,138896.0,138896.0
517944,15/03/2024,2024,3,C753,ROCKETEL,C0753,ROCKETEL,"ROCKETEL, S.A.P.I. DE C.V.",0.0,0.0,0.0,0.0,144202.0,144202.0
517944,15/04/2024,2024,4,C753,ROCKETEL,C0753,ROCKETEL,"ROCKETEL, S.A.P.I. DE C.V.",0.0,0.0,0.0,0.0,138114.0,138114.0
517944,15/05/2024,2024,5,C753,ROCKETEL,C0753,ROCKETEL,"ROCKETEL, S.A.P.I. DE C.V.",0.0,0.0,0.0,0.0,132060.0,132060.0
517944,15/06/2024,2024,6,C753,ROCKETEL,C0753,ROCKETEL,"ROCKETEL, S.A.P.I. DE C.V.",0.0,0.0,0.0,0.0,124550.0,124550.0
517944,15/07/2024,2024,7,C753,ROCKETEL,C0753,ROCKETEL,"ROCKETEL, S.A.P.I. DE C.V.",0.0,0.0,0.0,0.0,123645.0,123645.0
517944,15/08/2024,2024,8,C753,ROCKETEL,C0753,ROCKETEL,"ROCKETEL, S.A.P.I. DE C.V.",0.0,0.0,0.0,0.0,121426.0,121426.0
517944,15/09/2024,2024,9,C753,ROCKETEL,C0753,ROCKETEL,"ROCKETEL, S.A.P.I. DE C.V.",0.0,0.0,0.0,0.0,129818.0,129818.0
517944,15/10/2024,2024,10,C753,ROCKETEL,C0753,ROCKETEL,"ROCKETEL, S.A.P.I. DE C.V.",0.0,0.0,0.0,0.0,124708.0,124708.0
517944,15/11/2024,2024,11,C753,ROCKETEL,C0753,ROCKETEL,"ROCKETEL, S.A.P.I. DE C.V.",0.0,0.0,0.0,0.0,113305.0,113305.0
517944,15/12/2024,2024,12,C753,ROCKETEL,C0753,ROCKETEL,"ROCKETEL, S.A.P.I. DE C.V.",0.0,0.0,0.0,0.0,115266.0,115266.0
100854,15/01/2021,2021,1,C485,SERVITRON,C0485,SERVITRON,"SERVICIOS TRONCALIZADOS, S.A. DE C.V.",0.0,0.0,0.0,0.0,85.0,85.0
100854,15/02/2021,2021,2,C485,SERVITRON,C0485,SERVITRON,"SERVICIOS TRONCALIZADOS, S.A. DE C.V.",0.0,0.0,0.0,0.0,250.0,250.0
100854,15/03/2021,2021,3,C485,SERVITRON,C0485,SERVITRON,"SERVICIOS TRONCALIZADOS, S.A. DE C.V.",0.0,0.0,0.0,0.0,163.0,163.0
100854,15/04/2021,2021,4,C485,SERVITRON,C0485,SERVITRON,"SERVICIOS TRONCALIZADOS, S.A. DE C.V.",0.0,0.0,0.0,0.0,249.0,249.0
100854,15/05/2021,2021,5,C485,SERVITRON,C0485,SERVITRON,"SERVICIOS TRONCALIZADOS, S.A. DE C.V.",0.0,0.0,0.0,0.0,93.0,93.0
100854,15/06/2021,2021,6,C485,SERVITRON,C0485,SERVITRON,"SERVICIOS TRONCALIZADOS, S.A. DE C.V.",0.0,0.0,0.0,0.0,158.0,158.0
100854,15/07/2021,2021,7,C485,SERVITRON,C0485,SERVITRON,"SERVICIOS TRONCALIZADOS, S.A. DE C.V.",0.0,0.0,0.0,0.0,154.0,154.0
100854,15/08/2021,2021,8,C485,SERVITRON,C0485,SERVITRON,"SERVICIOS TRONCALIZADOS, S.A. DE C.V.",0.0,0.0,0.0,0.0,286.0,286.0
100854,15/09/2021,2021,9,C485,SERVITRON,C0485,SERVITRON,"SERVICIOS TRONCALIZADOS, S.A. DE C.V.",0.0,0.0,0.0,0.0,315.0,315.0
100854,15/10/2021,2021,10,C485,SERVITRON,C0485,SERVITRON,"SERVICIOS TRONCALIZADOS, S.A. DE C.V.",0.0,0.0,0.0,0.0,146.0,146.0
100854,15/11/2021,2021,11,C485,SERVITRON,C0485,SERVITRON,"SERVICIOS TRONCALIZADOS, S.A. DE C.V.",0.0,0.0,0.0,0.0,339.0,339.0
100854,15/12/2021,2021,12,C485,SERVITRON,C0485,SERVITRON,"SERVICIOS TRONCALIZADOS, S.A. DE C.V.",0.0,0.0,0.0,0.0,123.0,123.0
100854,15/01/2022,2022,1,C485,SERVITRON,C0485,SERVITRON,"SERVICIOS TRONCALIZADOS, S.A. DE C.V.",0.0,0.0,0.0,0.0,5566.0,5566.0
100854,15/02/2022,2022,2,C485,SERVITRON,C0485,SERVITRON,"SERVICIOS TRONCALIZADOS, S.A. DE C.V.",0.0,0.0,0.0,0.0,5848.0,5848.0
100854,15/03/2022,2022,3,C485,SERVITRON,C0485,SERVITRON,"SERVICIOS TRONCALIZADOS, S.A. DE C.V.",0.0,0.0,0.0,0.0,6388.0,6388.0
100854,15/04/2022,2022,4,C485,SERVITRON,C0485,SERVITRON,"SERVICIOS TRONCALIZADOS, S.A. DE C.V.",0.0,0.0,0.0,0.0,6341.0,6341.0
100854,15/05/2022,2022,5,C485,SERVITRON,C0485,SERVITRON,"SERVICIOS TRONCALIZADOS, S.A. DE C.V.",0.0,0.0,0.0,0.0,6740.0,6740.0
100854,15/06/2022,2022,6,C485,SERVITRON,C0485,SERVITRON,"SERVICIOS TRONCALIZADOS, S.A. DE C.V.",0.0,0.0,0.0,0.0,7011.0,7011.0
100854,15/07/2022,2022,7,C485,SERVITRON,C0485,SERVITRON,"SERVICIOS TRONCALIZADOS, S.A. DE C.V.",0.0,0.0,0.0,0.0,6876.0,6876.0
100854,15/08/2022,2022,8,C485,SERVITRON,C0485,SERVITRON,"SERVICIOS TRONCALIZADOS, S.A. DE C.V.",0.0,0.0,0.0,0.0,6899.0,6899.0
100854,15/09/2022,2022,9,C485,SERVITRON,C0485,SERVITRON,"SERVICIOS TRONCALIZADOS, S.A. DE C.V.",0.0,0.0,0.0,0.0,7033.0,7033.0
100854,15/10/2022,2022,10,C485,SERVITRON,C0485,SERVITRON,"SERVICIOS TRONCALIZADOS, S.A. DE C.V.",0.0,0.0,0.0,0.0,6780.0,6780.0
100854,15/11/2022,2022,11,C485,SERVITRON,C0485,SERVITRON,"SERVICIOS TRONCALIZADOS, S.A. DE C.V.",0.0,0.0,0.0,0.0,6893.0,6893.0
100854,15/12/2022,2022,12,C485,SERVITRON,C0485,SERVITRON,"SERVICIOS TRONCALIZADOS, S.A. DE C.V.",0.0,0.0,0.0,0.0,6889.0,6889.0
100854,15/01/2023,2023,1,C485,SERVITRON,C0485,SERVITRON,"SERVICIOS TRONCALIZADOS, S.A. DE C.V.",0.0,0.0,0.0,0.0,6902.0,6902.0
100854,15/02/2023,2023,2,C485,SERVITRON,C0485,SERVITRON,"SERVICIOS TRONCALIZADOS, S.A. DE C.V.",0.0,0.0,0.0,0.0,6930.0,6930.0
100854,15/03/2023,2023,3,C485,SERVITRON,C0485,SERVITRON,"SERVICIOS TRONCALIZADOS, S.A. DE C.V.",0.0,0.0,0.0,0.0,6588.0,6588.0
100854,15/04/2023,2023,4,C485,SERVITRON,C0485,SERVITRON,"SERVICIOS TRONCALIZADOS, S.A. DE C.V.",0.0,0.0,0.0,0.0,6641.0,6641.0
100854,15/05/2023,2023,5,C485,SERVITRON,C0485,SERVITRON,"SERVICIOS TRONCALIZADOS, S.A. DE C.V.",0.0,0.0,0.0,0.0,6527.0,6527.0
100854,15/06/2023,2023,6,C485,SERVITRON,C0485,SERVITRON,"SERVICIOS TRONCALIZADOS, S.A. DE C.V.",0.0,0.0,0.0,0.0,7008.0,7008.0
100854,15/07/2023,2023,7,C485,SERVITRON,C0485,SERVITRON,"SERVICIOS TRONCALIZADOS, S.A. DE C.V.",0.0,0.0,0.0,0.0,7293.0,7293.0
100854,15/08/2023,2023,8,C485,SERVITRON,C0485,SERVITRON,"SERVICIOS TRONCALIZADOS, S.A. DE C.V.",0.0,0.0,0.0,0.0,6846.0,6846.0
100854,15/09/2023,2023,9,C485,SERVITRON,C0485,SERVITRON,"SERVICIOS TRONCALIZADOS, S.A. DE C.V.",0.0,0.0,0.0,0.0,6868.0,6868.0
100854,15/10/2023,2023,10,C485,SERVITRON,C0485,SERVITRON,"SERVICIOS TRONCALIZADOS, S.A. DE C.V.",0.0,0.0,0.0,0.0,7278.0,7278.0
100854,15/11/2023,2023,11,C485,SERVITRON,C0485,SERVITRON,"SERVICIOS TRONCALIZADOS, S.A. DE C.V.",0.0,0.0,0.0,0.0,7336.0,7336.0
100854,15/12/2023,2023,12,C485,SERVITRON,C0485,SERVITRON,"SERVICIOS TRONCALIZADOS, S.A. DE C.V.",0.0,0.0,0.0,0.0,7194.0,7194.0
100854,15/01/2024,2024,1,C485,SERVITRON,C0485,SERVITRON,"SERVICIOS TRONCALIZADOS, S.A. DE C.V.",0.0,0.0,0.0,0.0,7323.0,7323.0
100854,15/02/2024,2024,2,C485,SERVITRON,C0485,SERVITRON,"SERVICIOS TRONCALIZADOS, S.A. DE C.V.",0.0,0.0,0.0,0.0,7121.0,7121.0
100854,15/03/2024,2024,3,C485,SERVITRON,C0485,SERVITRON,"SERVICIOS TRONCALIZADOS, S.A. DE C.V.",0.0,0.0,0.0,0.0,6195.0,6195.0
100854,15/04/2024,2024,4,C485,SERVITRON,C0485,SERVITRON,"SERVICIOS TRONCALIZADOS, S.A. DE C.V.",0.0,0.0,0.0,0.0,6341.0,6341.0
100854,15/05/2024,2024,5,C485,SERVITRON,C0485,SERVITRON,"SERVICIOS TRONCALIZADOS, S.A. DE C.V.",0.0,0.0,0.0,0.0,7969.0,7969.0
100854,15/06/2024,2024,6,C485,SERVITRON,C0485,SERVITRON,"SERVICIOS TRONCALIZADOS, S.A. DE C.V.",0.0,0.0,0.0,0.0,7975.0,7975.0
100854,15/07/2024,2024,7,C485,SERVITRON,C0485,SERVITRON,"SERVICIOS TRONCALIZADOS, S.A. DE C.V.",0.0,0.0,0.0,0.0,7079.0,7079.0
100854,15/08/2024,2024,8,C485,SERVITRON,C0485,SERVITRON,"SERVICIOS TRONCALIZADOS, S.A. DE C.V.",0.0,0.0,0.0,0.0,8048.0,8048.0
100854,15/09/2024,2024,9,C485,SERVITRON,C0485,SERVITRON,"SERVICIOS TRONCALIZADOS, S.A. DE C.V.",0.0,0.0,0.0,0.0,7885.0,7885.0
100854,15/10/2024,2024,10,C485,SERVITRON,C0485,SERVITRON,"SERVICIOS TRONCALIZADOS, S.A. DE C.V.",0.0,0.0,0.0,0.0,7805.0,7805.0
100854,15/11/2024,2024,11,C485,SERVITRON,C0485,SERVITRON,"SERVICIOS TRONCALIZADOS, S.A. DE C.V.",0.0,0.0,0.0,0.0,8183.0,8183.0
100854,15/12/2024,2024,12,C485,SERVITRON,C0485,SERVITRON,"SERVICIOS TRONCALIZADOS, S.A. DE C.V.",0.0,0.0,0.0,0.0,8196.0,8196.0
107366,15/11/2016,2016,11,C701,SIMPATI,C0701,SIMPATI,"CELMEX INNOVA, S.A.P.I. DE C.V.",0.0,0.0,0.0,0.0,522.0,522.0
107366,15/12/2016,2016,12,C701,SIMPATI,C0701,SIMPATI,"CELMEX INNOVA, S.A.P.I. DE C.V.",0.0,0.0,0.0,0.0,738.0,738.0
107366,15/01/2017,2017,1,C701,SIMPATI,C0701,SIMPATI,"CELMEX INNOVA, S.A.P.I. DE C.V.",0.0,0.0,0.0,0.0,961.0,961.0
107366,15/02/2017,2017,2,C701,SIMPATI,C0701,SIMPATI,"CELMEX INNOVA, S.A.P.I. DE C.V.",0.0,0.0,0.0,0.0,1184.0,1184.0
107366,15/03/2017,2017,3,C701,SIMPATI,C0701,SIMPATI,"CELMEX INNOVA, S.A.P.I. DE C.V.",0.0,0.0,0.0,0.0,1628.0,1628.0
107366,15/04/2017,2017,4,C701,SIMPATI,C0701,SIMPATI,"CELMEX INNOVA, S.A.P.I. DE C.V.",0.0,0.0,0.0,0.0,1862.0,1862.0
107366,15/05/2017,2017,5,C701,SIMPATI,C0701,SIMPATI,"CELMEX INNOVA, S.A.P.I. DE C.V.",0.0,0.0,0.0,0.0,2106.0,2106.0
107366,15/06/2017,2017,6,C701,SIMPATI,C0701,SIMPATI,"CELMEX INNOVA, S.A.P.I. DE C.V.",0.0,0.0,0.0,0.0,2503.0,2503.0
107366,15/07/2017,2017,7,C701,SIMPATI,C0701,SIMPATI,"CELMEX INNOVA, S.A.P.I. DE C.V.",0.0,0.0,0.0,0.0,3085.0,3085.0
107366,15/08/2017,2017,8,C701,SIMPATI,C0701,SIMPATI,"CELMEX INNOVA, S.A.P.I. DE C.V.",0.0,0.0,0.0,0.0,3728.0,3728.0
107366,15/09/2017,2017,9,C701,SIMPATI,C0701,SIMPATI,"CELMEX INNOVA, S.A.P.I. DE C.V.",0.0,0.0,0.0,0.0,4109.0,4109.0
107366,15/10/2017,2017,10,C701,SIMPATI,C0701,SIMPATI,"CELMEX INNOVA, S.A.P.I. DE C.V.",0.0,0.0,0.0,0.0,4568.0,4568.0
107366,15/11/2017,2017,11,C701,SIMPATI,C0701,SIMPATI,"CELMEX INNOVA, S.A.P.I. DE C.V.",0.0,0.0,0.0,0.0,4995.0,4995.0
107366,15/12/2017,2017,12,C701,SIMPATI,C0701,SIMPATI,"CELMEX INNOVA, S.A.P.I. DE C.V.",0.0,0.0,0.0,0.0,5327.0,5327.0
107366,15/01/2018,2018,1,C701,SIMPATI,C0701,SIMPATI,"CELMEX INNOVA, S.A.P.I. DE C.V.",0.0,0.0,0.0,0.0,5634.0,5634.0
107366,15/02/2018,2018,2,C701,SIMPATI,C0701,SIMPATI,"CELMEX INNOVA, S.A.P.I. DE C.V.",0.0,0.0,0.0,0.0,6439.0,6439.0
107366,15/03/2018,2018,3,C701,SIMPATI,C0701,SIMPATI,"CELMEX INNOVA, S.A.P.I. DE C.V.",0.0,0.0,0.0,0.0,7339.0,7339.0
107366,15/04/2018,2018,4,C701,SIMPATI,C0701,SIMPATI,"CELMEX INNOVA, S.A.P.I. DE C.V.",8363.0,0.0,0.0,0.0,,8363.0
107366,15/05/2018,2018,5,C701,SIMPATI,C0701,SIMPATI,"CELMEX INNOVA, S.A.P.I. DE C.V.",10512.0,0.0,0.0,0.0,,10512.0
107366,15/06/2018,2018,6,C701,SIMPATI,C0701,SIMPATI,"CELMEX INNOVA, S.A.P.I. DE C.V.",12374.0,0.0,0.0,0.0,,12374.0
107366,15/07/2018,2018,7,C701,SIMPATI,C0701,SIMPATI,"CELMEX INNOVA, S.A.P.I. DE C.V.",12566.0,0.0,0.0,0.0,,12566.0
107366,15/08/2018,2018,8,C701,SIMPATI,C0701,SIMPATI,"CELMEX INNOVA, S.A.P.I. DE C.V.",12773.0,0.0,0.0,0.0,,12773.0
107366,15/09/2018,2018,9,C701,SIMPATI,C0701,SIMPATI,"CELMEX INNOVA, S.A.P.I. DE C.V.",12997.0,0.0,0.0,0.0,,12997.0
107366,15/10/2018,2018,10,C701,SIMPATI,C0701,SIMPATI,"CELMEX INNOVA, S.A.P.I. DE C.V.",13442.0,0.0,0.0,0.0,,13442.0
107366,15/11/2018,2018,11,C701,SIMPATI,C0701,SIMPATI,"CELMEX INNOVA, S.A.P.I. DE C.V.",13340.0,0.0,0.0,0.0,,13340.0
107366,15/12/2018,2018,12,C701,SIMPATI,C0701,SIMPATI,"CELMEX INNOVA, S.A.P.I. DE C.V.",13222.0,0.0,0.0,0.0,,13222.0
107366,15/01/2019,2019,1,C701,SIMPATI,C0701,SIMPATI,"CELMEX INNOVA, S.A.P.I. DE C.V.",11731.0,0.0,0.0,0.0,,11731.0
107366,15/02/2019,2019,2,C701,SIMPATI,C0701,SIMPATI,"CELMEX INNOVA, S.A.P.I. DE C.V.",12082.0,0.0,0.0,0.0,,12082.0
107366,15/03/2019,2019,3,C701,SIMPATI,C0701,SIMPATI,"CELMEX INNOVA, S.A.P.I. DE C.V.",12297.0,0.0,0.0,0.0,,12297.0
107366,15/04/2019,2019,4,C701,SIMPATI,C0701,SIMPATI,"CELMEX INNOVA, S.A.P.I. DE C.V.",10345.0,0.0,0.0,0.0,,10345.0
107366,15/05/2019,2019,5,C701,SIMPATI,C0701,SIMPATI,"CELMEX INNOVA, S.A.P.I. DE C.V.",10483.0,0.0,0.0,0.0,,10483.0
107366,15/06/2019,2019,6,C701,SIMPATI,C0701,SIMPATI,"CELMEX INNOVA, S.A.P.I. DE C.V.",10706.0,0.0,0.0,0.0,,10706.0
107366,15/07/2019,2019,7,C701,SIMPATI,C0701,SIMPATI,"CELMEX INNOVA, S.A.P.I. DE C.V.",10858.0,0.0,0.0,0.0,,10858.0
107366,15/08/2019,2019,8,C701,SIMPATI,C0701,SIMPATI,"CELMEX INNOVA, S.A.P.I. DE C.V.",11488.0,0.0,0.0,0.0,,11488.0
107366,15/09/2019,2019,9,C701,SIMPATI,C0701,SIMPATI,"CELMEX INNOVA, S.A.P.I. DE C.V.",12143.0,0.0,0.0,0.0,,12143.0
107366,15/10/2019,2019,10,C701,SIMPATI,C0701,SIMPATI,"CELMEX INNOVA, S.A.P.I. DE C.V.",13633.0,0.0,0.0,0.0,,13633.0
107366,15/11/2019,2019,11,C701,SIMPATI,C0701,SIMPATI,"CELMEX INNOVA, S.A.P.I. DE C.V.",14508.0,0.0,0.0,0.0,,14508.0
107366,15/12/2019,2019,12,C701,SIMPATI,C0701,SIMPATI,"CELMEX INNOVA, S.A.P.I. DE C.V.",15303.0,0.0,0.0,0.0,,15303.0
107366,15/01/2020,2020,1,C701,SIMPATI,C0701,SIMPATI,"CELMEX INNOVA, S.A.P.I. DE C.V.",15416.0,0.0,0.0,0.0,,15416.0
107366,15/02/2020,2020,2,C701,SIMPATI,C0701,SIMPATI,"CELMEX INNOVA, S.A.P.I. DE C.V.",16864.0,0.0,0.0,0.0,,16864.0
107366,15/03/2020,2020,3,C701,SIMPATI,C0701,SIMPATI,"CELMEX INNOVA, S.A.P.I. DE C.V.",17616.0,0.0,0.0,0.0,,17616.0
107366,15/04/2020,2020,4,C701,SIMPATI,C0701,SIMPATI,"CELMEX INNOVA, S.A.P.I. DE C.V.",17657.0,0.0,0.0,0.0,,17657.0
107366,15/05/2020,2020,5,C701,SIMPATI,C0701,SIMPATI,"CELMEX INNOVA, S.A.P.I. DE C.V.",17722.0,0.0,0.0,0.0,,17722.0
107366,15/06/2020,2020,6,C701,SIMPATI,C0701,SIMPATI,"CELMEX INNOVA, S.A.P.I. DE C.V.",18325.0,0.0,0.0,0.0,,18325.0
107366,15/07/2020,2020,7,C701,SIMPATI,C0701,SIMPATI,"CELMEX INNOVA, S.A.P.I. DE C.V.",18895.0,0.0,0.0,0.0,,18895.0
107366,15/08/2020,2020,8,C701,SIMPATI,C0701,SIMPATI,"CELMEX INNOVA, S.A.P.I. DE C.V.",19397.0,0.0,0.0,0.0,,19397.0
107366,15/09/2020,2020,9,C701,SIMPATI,C0701,SIMPATI,"CELMEX INNOVA, S.A.P.I. DE C.V.",20292.0,0.0,0.0,0.0,,20292.0
107366,15/10/2020,2020,10,C701,SIMPATI,C0701,SIMPATI,"CELMEX INNOVA, S.A.P.I. DE C.V.",21318.0,0.0,0.0,0.0,,21318.0
107366,15/11/2020,2020,11,C701,SIMPATI,C0701,SIMPATI,"CELMEX INNOVA, S.A.P.I. DE C.V.",22859.0,0.0,0.0,0.0,,22859.0
107366,15/12/2020,2020,12,C701,SIMPATI,C0701,SIMPATI,"CELMEX INNOVA, S.A.P.I. DE C.V.",24204.0,0.0,0.0,0.0,,24204.0
107366,15/01/2021,2021,1,C701,SIMPATI,C0701,SIMPATI,"CELMEX INNOVA, S.A.P.I. DE C.V.",0.0,0.0,0.0,0.0,20515.0,20515.0
107366,15/02/2021,2021,2,C701,SIMPATI,C0701,SIMPATI,"CELMEX INNOVA, S.A.P.I. DE C.V.",0.0,0.0,0.0,0.0,21298.0,21298.0
107366,15/03/2021,2021,3,C701,SIMPATI,C0701,SIMPATI,"CELMEX INNOVA, S.A.P.I. DE C.V.",0.0,0.0,0.0,0.0,22479.0,22479.0
107366,15/04/2021,2021,4,C701,SIMPATI,C0701,SIMPATI,"CELMEX INNOVA, S.A.P.I. DE C.V.",0.0,0.0,0.0,0.0,23483.0,23483.0
107366,15/05/2021,2021,5,C701,SIMPATI,C0701,SIMPATI,"CELMEX INNOVA, S.A.P.I. DE C.V.",0.0,0.0,0.0,0.0,25101.0,25101.0
107366,15/06/2021,2021,6,C701,SIMPATI,C0701,SIMPATI,"CELMEX INNOVA, S.A.P.I. DE C.V.",0.0,0.0,0.0,0.0,27236.0,27236.0
107366,15/07/2021,2021,7,C701,SIMPATI,C0701,SIMPATI,"CELMEX INNOVA, S.A.P.I. DE C.V.",0.0,0.0,0.0,0.0,30152.0,30152.0
107366,15/08/2021,2021,8,C701,SIMPATI,C0701,SIMPATI,"CELMEX INNOVA, S.A.P.I. DE C.V.",0.0,0.0,0.0,0.0,33838.0,33838.0
107366,15/09/2021,2021,9,C701,SIMPATI,C0701,SIMPATI,"CELMEX INNOVA, S.A.P.I. DE C.V.",0.0,0.0,0.0,0.0,37182.0,37182.0
107366,15/10/2021,2021,10,C701,SIMPATI,C0701,SIMPATI,"CELMEX INNOVA, S.A.P.I. DE C.V.",0.0,0.0,0.0,0.0,33606.0,33606.0
107366,15/11/2021,2021,11,C701,SIMPATI,C0701,SIMPATI,"CELMEX INNOVA, S.A.P.I. DE C.V.",0.0,0.0,0.0,0.0,30811.0,30811.0
107366,15/12/2021,2021,12,C701,SIMPATI,C0701,SIMPATI,"CELMEX INNOVA, S.A.P.I. DE C.V.",0.0,0.0,0.0,0.0,31799.0,31799.0
107366,15/01/2022,2022,1,C701,SIMPATI,C0701,SIMPATI,"CELMEX INNOVA, S.A.P.I. DE C.V.",0.0,0.0,0.0,0.0,28879.0,28879.0
107366,15/02/2022,2022,2,C701,SIMPATI,C0701,SIMPATI,"CELMEX INNOVA, S.A.P.I. DE C.V.",0.0,0.0,0.0,0.0,31355.0,31355.0
107366,15/03/2022,2022,3,C701,SIMPATI,C0701,SIMPATI,"CELMEX INNOVA, S.A.P.I. DE C.V.",0.0,0.0,0.0,0.0,33659.0,33659.0
510336,15/10/2018,2018,10,C721,SIMPLII,C0721,SIMPLII,"MOBILEBANDITS, S.A. DE C.V.",0.0,0.0,0.0,0.0,1500.0,1500.0
510336,15/11/2018,2018,11,C721,SIMPLII,C0721,SIMPLII,"MOBILEBANDITS, S.A. DE C.V.",0.0,0.0,0.0,0.0,1500.0,1500.0
510336,15/12/2018,2018,12,C721,SIMPLII,C0721,SIMPLII,"MOBILEBANDITS, S.A. DE C.V.",0.0,0.0,0.0,0.0,1500.0,1500.0
510336,15/01/2019,2019,1,C721,SIMPLII,C0721,SIMPLII,"MOBILEBANDITS, S.A. DE C.V.",0.0,0.0,0.0,0.0,1500.0,1500.0
510336,15/02/2019,2019,2,C721,SIMPLII,C0721,SIMPLII,"MOBILEBANDITS, S.A. DE C.V.",0.0,0.0,0.0,0.0,1600.0,1600.0
510336,15/03/2019,2019,3,C721,SIMPLII,C0721,SIMPLII,"MOBILEBANDITS, S.A. DE C.V.",0.0,0.0,0.0,0.0,1700.0,1700.0
510336,15/04/2019,2019,4,C721,SIMPLII,C0721,SIMPLII,"MOBILEBANDITS, S.A. DE C.V.",0.0,0.0,0.0,0.0,1923.0,1923.0
510336,15/05/2019,2019,5,C721,SIMPLII,C0721,SIMPLII,"MOBILEBANDITS, S.A. DE C.V.",0.0,0.0,0.0,0.0,2020.0,2020.0
510336,15/06/2019,2019,6,C721,SIMPLII,C0721,SIMPLII,"MOBILEBANDITS, S.A. DE C.V.",0.0,0.0,0.0,0.0,2041.0,2041.0
510336,15/07/2019,2019,7,C721,SIMPLII,C0721,SIMPLII,"MOBILEBANDITS, S.A. DE C.V.",0.0,0.0,0.0,0.0,2010.0,2010.0
510336,15/08/2019,2019,8,C721,SIMPLII,C0721,SIMPLII,"MOBILEBANDITS, S.A. DE C.V.",0.0,0.0,0.0,0.0,2087.0,2087.0
510336,15/09/2019,2019,9,C721,SIMPLII,C0721,SIMPLII,"MOBILEBANDITS, S.A. DE C.V.",0.0,0.0,0.0,0.0,2075.0,2075.0
510336,15/10/2019,2019,10,C721,SIMPLII,C0721,SIMPLII,"MOBILEBANDITS, S.A. DE C.V.",0.0,0.0,0.0,0.0,2028.0,2028.0
510336,15/11/2019,2019,11,C721,SIMPLII,C0721,SIMPLII,"MOBILEBANDITS, S.A. DE C.V.",0.0,0.0,0.0,0.0,2033.0,2033.0
510336,15/12/2019,2019,12,C721,SIMPLII,C0721,SIMPLII,"MOBILEBANDITS, S.A. DE C.V.",0.0,0.0,0.0,0.0,2092.0,2092.0
512003,15/07/2018,2018,7,C726,SIX MOVIL,C0726,SIX MOVIL,"HIP CRICKET DE MEXICO, S.A. DE C.V.",0.0,0.0,0.0,0.0,3887.0,3887.0
512003,15/08/2018,2018,8,C726,SIX MOVIL,C0726,SIX MOVIL,"HIP CRICKET DE MEXICO, S.A. DE C.V.",0.0,0.0,0.0,0.0,4191.0,4191.0
512003,15/09/2018,2018,9,C726,SIX MOVIL,C0726,SIX MOVIL,"HIP CRICKET DE MEXICO, S.A. DE C.V.",0.0,0.0,0.0,0.0,4425.0,4425.0
512003,15/10/2018,2018,10,C726,SIX MOVIL,C0726,SIX MOVIL,"HIP CRICKET DE MEXICO, S.A. DE C.V.",0.0,0.0,0.0,0.0,2692.0,2692.0
512003,15/11/2018,2018,11,C726,SIX MOVIL,C0726,SIX MOVIL,"HIP CRICKET DE MEXICO, S.A. DE C.V.",0.0,0.0,0.0,0.0,2156.0,2156.0
512003,15/12/2018,2018,12,C726,SIX MOVIL,C0726,SIX MOVIL,"HIP CRICKET DE MEXICO, S.A. DE C.V.",0.0,0.0,0.0,0.0,1949.0,1949.0
512003,15/01/2019,2019,1,C726,SIX MOVIL,C0726,SIX MOVIL,"HIP CRICKET DE MEXICO, S.A. DE C.V.",0.0,0.0,0.0,0.0,1861.0,1861.0
512003,15/02/2019,2019,2,C726,SIX MOVIL,C0726,SIX MOVIL,"HIP CRICKET DE MEXICO, S.A. DE C.V.",0.0,0.0,0.0,0.0,1605.0,1605.0
512003,15/03/2019,2019,3,C726,SIX MOVIL,C0726,SIX MOVIL,"HIP CRICKET DE MEXICO, S.A. DE C.V.",0.0,0.0,0.0,0.0,1340.0,1340.0
512003,15/04/2019,2019,4,C726,SIX MOVIL,C0726,SIX MOVIL,"HIP CRICKET DE MEXICO, S.A. DE C.V.",0.0,0.0,0.0,0.0,1200.0,1200.0
512003,15/05/2019,2019,5,C726,SIX MOVIL,C0726,SIX MOVIL,"HIP CRICKET DE MEXICO, S.A. DE C.V.",0.0,0.0,0.0,0.0,1000.0,1000.0
512003,15/06/2019,2019,6,C726,SIX MOVIL,C0726,SIX MOVIL,"HIP CRICKET DE MEXICO, S.A. DE C.V.",0.0,0.0,0.0,0.0,800.0,800.0
512003,15/07/2019,2019,7,C726,SIX MOVIL,C0726,SIX MOVIL,"HIP CRICKET DE MEXICO, S.A. DE C.V.",0.0,0.0,0.0,0.0,826.0,826.0
512003,15/08/2019,2019,8,C726,SIX MOVIL,C0726,SIX MOVIL,"HIP CRICKET DE MEXICO, S.A. DE C.V.",0.0,0.0,0.0,0.0,699.0,699.0
512003,15/09/2019,2019,9,C726,SIX MOVIL,C0726,SIX MOVIL,"HIP CRICKET DE MEXICO, S.A. DE C.V.",0.0,0.0,0.0,0.0,677.0,677.0
512003,15/10/2019,2019,10,C726,SIX MOVIL,C0726,SIX MOVIL,"HIP CRICKET DE MEXICO, S.A. DE C.V.",0.0,0.0,0.0,0.0,645.0,645.0
512003,15/11/2019,2019,11,C726,SIX MOVIL,C0726,SIX MOVIL,"HIP CRICKET DE MEXICO, S.A. DE C.V.",0.0,0.0,0.0,0.0,663.0,663.0
512003,15/12/2019,2019,12,C726,SIX MOVIL,C0726,SIX MOVIL,"HIP CRICKET DE MEXICO, S.A. DE C.V.",0.0,0.0,0.0,0.0,682.0,682.0
100770,15/01/2021,2021,1,G004,GRUPO TELEVISA,C0508,SKY,"CORPORACION DE RADIO Y TELEVISION DEL NORTE DE MEXICO, S. DE R.L. DE C.V.",0.0,0.0,0.0,0.0,561.0,561.0
100770,15/02/2021,2021,2,G004,GRUPO TELEVISA,C0508,SKY,"CORPORACION DE RADIO Y TELEVISION DEL NORTE DE MEXICO, S. DE R.L. DE C.V.",0.0,0.0,0.0,0.0,594.0,594.0
100770,15/03/2021,2021,3,G004,GRUPO TELEVISA,C0508,SKY,"CORPORACION DE RADIO Y TELEVISION DEL NORTE DE MEXICO, S. DE R.L. DE C.V.",0.0,0.0,0.0,0.0,610.0,610.0
100770,15/04/2021,2021,4,G004,GRUPO TELEVISA,C0508,SKY,"CORPORACION DE RADIO Y TELEVISION DEL NORTE DE MEXICO, S. DE R.L. DE C.V.",0.0,0.0,0.0,0.0,597.0,597.0
100770,15/05/2021,2021,5,G004,GRUPO TELEVISA,C0508,SKY,"CORPORACION DE RADIO Y TELEVISION DEL NORTE DE MEXICO, S. DE R.L. DE C.V.",0.0,0.0,0.0,0.0,638.0,638.0
100770,15/06/2021,2021,6,G004,GRUPO TELEVISA,C0508,SKY,"CORPORACION DE RADIO Y TELEVISION DEL NORTE DE MEXICO, S. DE R.L. DE C.V.",0.0,0.0,0.0,0.0,661.0,661.0
100770,15/07/2021,2021,7,G004,GRUPO TELEVISA,C0508,SKY,"CORPORACION DE RADIO Y TELEVISION DEL NORTE DE MEXICO, S. DE R.L. DE C.V.",0.0,0.0,0.0,0.0,670.0,670.0
100770,15/08/2021,2021,8,G004,GRUPO TELEVISA,C0508,SKY,"CORPORACION DE RADIO Y TELEVISION DEL NORTE DE MEXICO, S. DE R.L. DE C.V.",0.0,0.0,0.0,0.0,698.0,698.0
100770,15/09/2021,2021,9,G004,GRUPO TELEVISA,C0508,SKY,"CORPORACION DE RADIO Y TELEVISION DEL NORTE DE MEXICO, S. DE R.L. DE C.V.",0.0,0.0,0.0,0.0,703.0,703.0
100770,15/10/2021,2021,10,G004,GRUPO TELEVISA,C0508,SKY,"CORPORACION DE RADIO Y TELEVISION DEL NORTE DE MEXICO, S. DE R.L. DE C.V.",0.0,0.0,0.0,0.0,713.0,713.0
100770,15/11/2021,2021,11,G004,GRUPO TELEVISA,C0508,SKY,"CORPORACION DE RADIO Y TELEVISION DEL NORTE DE MEXICO, S. DE R.L. DE C.V.",0.0,0.0,0.0,0.0,702.0,702.0
100770,15/12/2021,2021,12,G004,GRUPO TELEVISA,C0508,SKY,"CORPORACION DE RADIO Y TELEVISION DEL NORTE DE MEXICO, S. DE R.L. DE C.V.",0.0,0.0,0.0,0.0,704.0,704.0
100770,15/01/2022,2022,1,G004,GRUPO TELEVISA,C0508,SKY,"CORPORACION DE RADIO Y TELEVISION DEL NORTE DE MEXICO, S. DE R.L. DE C.V.",0.0,0.0,0.0,0.0,707.0,707.0
100770,15/02/2022,2022,2,G004,GRUPO TELEVISA,C0508,SKY,"CORPORACION DE RADIO Y TELEVISION DEL NORTE DE MEXICO, S. DE R.L. DE C.V.",0.0,0.0,0.0,0.0,1008.0,1008.0
100770,15/03/2022,2022,3,G004,GRUPO TELEVISA,C0508,SKY,"CORPORACION DE RADIO Y TELEVISION DEL NORTE DE MEXICO, S. DE R.L. DE C.V.",0.0,0.0,0.0,0.0,1330.0,1330.0
100770,15/04/2022,2022,4,G004,GRUPO TELEVISA,C0508,SKY,"CORPORACION DE RADIO Y TELEVISION DEL NORTE DE MEXICO, S. DE R.L. DE C.V.",0.0,0.0,0.0,0.0,1519.0,1519.0
100770,15/05/2022,2022,5,G004,GRUPO TELEVISA,C0508,SKY,"CORPORACION DE RADIO Y TELEVISION DEL NORTE DE MEXICO, S. DE R.L. DE C.V.",0.0,0.0,0.0,0.0,1628.0,1628.0
100770,15/06/2022,2022,6,G004,GRUPO TELEVISA,C0508,SKY,"CORPORACION DE RADIO Y TELEVISION DEL NORTE DE MEXICO, S. DE R.L. DE C.V.",0.0,0.0,0.0,0.0,1725.0,1725.0
100770,15/07/2022,2022,7,G004,GRUPO TELEVISA,C0508,SKY,"CORPORACION DE RADIO Y TELEVISION DEL NORTE DE MEXICO, S. DE R.L. DE C.V.",0.0,0.0,0.0,0.0,1794.0,1794.0
100770,15/08/2022,2022,8,G004,GRUPO TELEVISA,C0508,SKY,"CORPORACION DE RADIO Y TELEVISION DEL NORTE DE MEXICO, S. DE R.L. DE C.V.",0.0,0.0,0.0,0.0,1866.0,1866.0
100770,15/09/2022,2022,9,G004,GRUPO TELEVISA,C0508,SKY,"CORPORACION DE RADIO Y TELEVISION DEL NORTE DE MEXICO, S. DE R.L. DE C.V.",0.0,0.0,0.0,0.0,1943.0,1943.0
100770,15/10/2022,2022,10,G004,GRUPO TELEVISA,C0508,SKY,"CORPORACION DE RADIO Y TELEVISION DEL NORTE DE MEXICO, S. DE R.L. DE C.V.",0.0,0.0,0.0,0.0,1978.0,1978.0
100770,15/11/2022,2022,11,G004,GRUPO TELEVISA,C0508,SKY,"CORPORACION DE RADIO Y TELEVISION DEL NORTE DE MEXICO, S. DE R.L. DE C.V.",0.0,0.0,0.0,0.0,1988.0,1988.0
100770,15/12/2022,2022,12,G004,GRUPO TELEVISA,C0508,SKY,"CORPORACION DE RADIO Y TELEVISION DEL NORTE DE MEXICO, S. DE R.L. DE C.V.",0.0,0.0,0.0,0.0,2025.0,2025.0
100770,15/01/2023,2023,1,G004,GRUPO TELEVISA,C0508,SKY,"CORPORACION DE RADIO Y TELEVISION DEL NORTE DE MEXICO, S. DE R.L. DE C.V.",0.0,0.0,0.0,0.0,2038.0,2038.0
100770,15/02/2023,2023,2,G004,GRUPO TELEVISA,C0508,SKY,"CORPORACION DE RADIO Y TELEVISION DEL NORTE DE MEXICO, S. DE R.L. DE C.V.",0.0,0.0,0.0,0.0,2062.0,2062.0
100770,15/03/2023,2023,3,G004,GRUPO TELEVISA,C0508,SKY,"CORPORACION DE RADIO Y TELEVISION DEL NORTE DE MEXICO, S. DE R.L. DE C.V.",0.0,0.0,0.0,0.0,1952.0,1952.0
100770,15/04/2023,2023,4,G004,GRUPO TELEVISA,C0508,SKY,"CORPORACION DE RADIO Y TELEVISION DEL NORTE DE MEXICO, S. DE R.L. DE C.V.",0.0,0.0,0.0,0.0,1755.0,1755.0
100770,15/05/2023,2023,5,G004,GRUPO TELEVISA,C0508,SKY,"CORPORACION DE RADIO Y TELEVISION DEL NORTE DE MEXICO, S. DE R.L. DE C.V.",0.0,0.0,0.0,0.0,1587.0,1587.0
100770,15/06/2023,2023,6,G004,GRUPO TELEVISA,C0508,SKY,"CORPORACION DE RADIO Y TELEVISION DEL NORTE DE MEXICO, S. DE R.L. DE C.V.",0.0,0.0,0.0,0.0,1479.0,1479.0
100770,15/07/2023,2023,7,G004,GRUPO TELEVISA,C0508,SKY,"CORPORACION DE RADIO Y TELEVISION DEL NORTE DE MEXICO, S. DE R.L. DE C.V.",0.0,0.0,0.0,0.0,1367.0,1367.0
100770,15/08/2023,2023,8,G004,GRUPO TELEVISA,C0508,SKY,"CORPORACION DE RADIO Y TELEVISION DEL NORTE DE MEXICO, S. DE R.L. DE C.V.",0.0,0.0,0.0,0.0,1279.0,1279.0
100770,15/09/2023,2023,9,G004,GRUPO TELEVISA,C0508,SKY,"CORPORACION DE RADIO Y TELEVISION DEL NORTE DE MEXICO, S. DE R.L. DE C.V.",0.0,0.0,0.0,0.0,1235.0,1235.0
100770,15/10/2023,2023,10,G004,GRUPO TELEVISA,C0508,SKY,"CORPORACION DE RADIO Y TELEVISION DEL NORTE DE MEXICO, S. DE R.L. DE C.V.",0.0,0.0,0.0,0.0,1304.0,1304.0
100770,15/11/2023,2023,11,G004,GRUPO TELEVISA,C0508,SKY,"CORPORACION DE RADIO Y TELEVISION DEL NORTE DE MEXICO, S. DE R.L. DE C.V.",0.0,0.0,0.0,0.0,1273.0,1273.0
100770,15/12/2023,2023,12,G004,GRUPO TELEVISA,C0508,SKY,"CORPORACION DE RADIO Y TELEVISION DEL NORTE DE MEXICO, S. DE R.L. DE C.V.",0.0,0.0,0.0,0.0,1302.0,1302.0
100770,15/01/2024,2024,1,G004,GRUPO TELEVISA,C0508,SKY,"CORPORACION DE RADIO Y TELEVISION DEL NORTE DE MEXICO, S. DE R.L. DE C.V.",0.0,0.0,0.0,0.0,925.0,925.0
100770,15/02/2024,2024,2,G004,GRUPO TELEVISA,C0508,SKY,"CORPORACION DE RADIO Y TELEVISION DEL NORTE DE MEXICO, S. DE R.L. DE C.V.",0.0,0.0,0.0,0.0,325.0,325.0
100770,15/03/2024,2024,3,G004,GRUPO TELEVISA,C0508,SKY,"CORPORACION DE RADIO Y TELEVISION DEL NORTE DE MEXICO, S. DE R.L. DE C.V.",0.0,0.0,0.0,0.0,278.0,278.0
100770,15/04/2024,2024,4,G004,GRUPO TELEVISA,C0508,SKY,"CORPORACION DE RADIO Y TELEVISION DEL NORTE DE MEXICO, S. DE R.L. DE C.V.",0.0,0.0,0.0,0.0,737.0,737.0
100770,15/05/2024,2024,5,G004,GRUPO TELEVISA,C0508,SKY,"CORPORACION DE RADIO Y TELEVISION DEL NORTE DE MEXICO, S. DE R.L. DE C.V.",0.0,0.0,0.0,0.0,693.0,693.0
100770,15/06/2024,2024,6,G004,GRUPO TELEVISA,C0508,SKY,"CORPORACION DE RADIO Y TELEVISION DEL NORTE DE MEXICO, S. DE R.L. DE C.V.",0.0,0.0,0.0,0.0,647.0,647.0
100770,15/07/2024,2024,7,G004,GRUPO TELEVISA,C0508,SKY,"CORPORACION DE RADIO Y TELEVISION DEL NORTE DE MEXICO, S. DE R.L. DE C.V.",0.0,0.0,0.0,0.0,612.0,612.0
100770,15/08/2024,2024,8,G004,GRUPO TELEVISA,C0508,SKY,"CORPORACION DE RADIO Y TELEVISION DEL NORTE DE MEXICO, S. DE R.L. DE C.V.",0.0,0.0,0.0,0.0,568.0,568.0
100770,15/09/2024,2024,9,G004,GRUPO TELEVISA,C0508,SKY,"CORPORACION DE RADIO Y TELEVISION DEL NORTE DE MEXICO, S. DE R.L. DE C.V.",0.0,0.0,0.0,0.0,506.0,506.0
100770,15/10/2024,2024,10,G004,GRUPO TELEVISA,C0508,SKY,"CORPORACION DE RADIO Y TELEVISION DEL NORTE DE MEXICO, S. DE R.L. DE C.V.",0.0,0.0,0.0,0.0,423.0,423.0
100770,15/11/2024,2024,11,G004,GRUPO TELEVISA,C0508,SKY,"CORPORACION DE RADIO Y TELEVISION DEL NORTE DE MEXICO, S. DE R.L. DE C.V.",0.0,0.0,0.0,0.0,380.0,380.0
100770,15/12/2024,2024,12,G004,GRUPO TELEVISA,C0508,SKY,"CORPORACION DE RADIO Y TELEVISION DEL NORTE DE MEXICO, S. DE R.L. DE C.V.",0.0,0.0,0.0,0.0,347.0,347.0
100625,15/06/2013,2013,6,G006,AMÉRICA MÓVIL,C0517,TELCEL,"RADIOMOVIL DIPSA, S.A. DE C.V.",17139118.0,5351449.0,0.0,0.0,,22490567.0
100625,15/07/2013,2013,7,G006,AMÉRICA MÓVIL,C0517,TELCEL,"RADIOMOVIL DIPSA, S.A. DE C.V.",17857508.0,5575756.0,0.0,0.0,,23433264.0
100625,15/08/2013,2013,8,G006,AMÉRICA MÓVIL,C0517,TELCEL,"RADIOMOVIL DIPSA, S.A. DE C.V.",18599845.0,5807540.0,0.0,0.0,,24407385.0
100625,15/09/2013,2013,9,G006,AMÉRICA MÓVIL,C0517,TELCEL,"RADIOMOVIL DIPSA, S.A. DE C.V.",19342181.0,6039325.0,0.0,0.0,,25381506.0
100625,15/10/2013,2013,10,G006,AMÉRICA MÓVIL,C0517,TELCEL,"RADIOMOVIL DIPSA, S.A. DE C.V.",20060571.0,6263632.0,0.0,0.0,,26324203.0
100625,15/11/2013,2013,11,G006,AMÉRICA MÓVIL,C0517,TELCEL,"RADIOMOVIL DIPSA, S.A. DE C.V.",20802908.0,6495416.0,0.0,0.0,,27298324.0
100625,15/12/2013,2013,12,G006,AMÉRICA MÓVIL,C0517,TELCEL,"RADIOMOVIL DIPSA, S.A. DE C.V.",21521298.0,6719723.0,0.0,0.0,,28241021.0
100625,15/01/2014,2014,1,G006,AMÉRICA MÓVIL,C0517,TELCEL,"RADIOMOVIL DIPSA, S.A. DE C.V.",21667050.0,6765232.0,0.0,0.0,,28432282.0
100625,15/02/2014,2014,2,G006,AMÉRICA MÓVIL,C0517,TELCEL,"RADIOMOVIL DIPSA, S.A. DE C.V.",21812803.0,6810742.0,0.0,0.0,,28623545.0
100625,15/03/2014,2014,3,G006,AMÉRICA MÓVIL,C0517,TELCEL,"RADIOMOVIL DIPSA, S.A. DE C.V.",21944450.0,6851847.0,0.0,0.0,,28796297.0
100625,15/04/2014,2014,4,G006,AMÉRICA MÓVIL,C0517,TELCEL,"RADIOMOVIL DIPSA, S.A. DE C.V.",22184283.0,6926731.0,0.0,0.0,,29111014.0
100625,15/05/2014,2014,5,G006,AMÉRICA MÓVIL,C0517,TELCEL,"RADIOMOVIL DIPSA, S.A. DE C.V.",22416380.0,6999200.0,0.0,0.0,,29415580.0
100625,15/06/2014,2014,6,G006,AMÉRICA MÓVIL,C0517,TELCEL,"RADIOMOVIL DIPSA, S.A. DE C.V.",22656213.0,7074084.0,0.0,0.0,,29730297.0
100625,15/07/2014,2014,7,G006,AMÉRICA MÓVIL,C0517,TELCEL,"RADIOMOVIL DIPSA, S.A. DE C.V.",22719304.0,7093784.0,0.0,0.0,,29813088.0
100625,15/08/2014,2014,8,G006,AMÉRICA MÓVIL,C0517,TELCEL,"RADIOMOVIL DIPSA, S.A. DE C.V.",21546072.0,8352566.0,0.0,0.0,,29898638.0
100625,15/09/2014,2014,9,G006,AMÉRICA MÓVIL,C0517,TELCEL,"RADIOMOVIL DIPSA, S.A. DE C.V.",22038413.0,8494649.0,0.0,0.0,,30533062.0
100625,15/10/2014,2014,10,G006,AMÉRICA MÓVIL,C0517,TELCEL,"RADIOMOVIL DIPSA, S.A. DE C.V.",24126724.0,8605907.0,0.0,0.0,,32732631.0
100625,15/11/2014,2014,11,G006,AMÉRICA MÓVIL,C0517,TELCEL,"RADIOMOVIL DIPSA, S.A. DE C.V.",26304748.0,8696745.0,0.0,0.0,,35001493.0
100625,15/12/2014,2014,12,G006,AMÉRICA MÓVIL,C0517,TELCEL,"RADIOMOVIL DIPSA, S.A. DE C.V.",29473300.0,8898069.0,0.0,0.0,,38371369.0
100625,15/01/2015,2015,1,G006,AMÉRICA MÓVIL,C0517,TELCEL,"RADIOMOVIL DIPSA, S.A. DE C.V.",27299469.0,9080208.0,0.0,0.0,,36379677.0
100625,15/02/2015,2015,2,G006,AMÉRICA MÓVIL,C0517,TELCEL,"RADIOMOVIL DIPSA, S.A. DE C.V.",27039482.0,9353322.0,0.0,0.0,,36392804.0
100625,15/03/2015,2015,3,G006,AMÉRICA MÓVIL,C0517,TELCEL,"RADIOMOVIL DIPSA, S.A. DE C.V.",28523445.0,9372851.0,0.0,0.0,,37896296.0
100625,15/04/2015,2015,4,G006,AMÉRICA MÓVIL,C0517,TELCEL,"RADIOMOVIL DIPSA, S.A. DE C.V.",29356277.0,9058167.0,0.0,0.0,,38414444.0
100625,15/05/2015,2015,5,G006,AMÉRICA MÓVIL,C0517,TELCEL,"RADIOMOVIL DIPSA, S.A. DE C.V.",32647597.0,6980754.0,0.0,0.0,,39628351.0
100625,15/06/2015,2015,6,G006,AMÉRICA MÓVIL,C0517,TELCEL,"RADIOMOVIL DIPSA, S.A. DE C.V.",30685265.0,9398425.0,0.0,0.0,,40083690.0
100625,15/07/2015,2015,7,G006,AMÉRICA MÓVIL,C0517,TELCEL,"RADIOMOVIL DIPSA, S.A. DE C.V.",31268002.0,9496523.0,0.0,0.0,,40764525.0
100625,15/08/2015,2015,8,G006,AMÉRICA MÓVIL,C0517,TELCEL,"RADIOMOVIL DIPSA, S.A. DE C.V.",31724461.0,9664527.0,0.0,0.0,,41388988.0
100625,15/09/2015,2015,9,G006,AMÉRICA MÓVIL,C0517,TELCEL,"RADIOMOVIL DIPSA, S.A. DE C.V.",31489298.0,9803801.0,0.0,0.0,,41293099.0
100625,15/10/2015,2015,10,G006,AMÉRICA MÓVIL,C0517,TELCEL,"RADIOMOVIL DIPSA, S.A. DE C.V.",32533049.0,9244035.0,0.0,0.0,,41777084.0
100625,15/11/2015,2015,11,G006,AMÉRICA MÓVIL,C0517,TELCEL,"RADIOMOVIL DIPSA, S.A. DE C.V.",32609191.0,9814822.0,0.0,0.0,,42424013.0
100625,15/12/2015,2015,12,G006,AMÉRICA MÓVIL,C0517,TELCEL,"RADIOMOVIL DIPSA, S.A. DE C.V.",35451258.0,9518369.0,0.0,0.0,,44969627.0
100625,15/01/2016,2016,1,G006,AMÉRICA MÓVIL,C0517,TELCEL,"RADIOMOVIL DIPSA, S.A. DE C.V.",33541668.0,10419071.0,0.0,0.0,,43960739.0
100625,15/02/2016,2016,2,G006,AMÉRICA MÓVIL,C0517,TELCEL,"RADIOMOVIL DIPSA, S.A. DE C.V.",33206165.0,10499978.0,0.0,0.0,,43706143.0
100625,15/03/2016,2016,3,G006,AMÉRICA MÓVIL,C0517,TELCEL,"RADIOMOVIL DIPSA, S.A. DE C.V.",34448317.0,10593602.0,0.0,0.0,,45041919.0
100625,15/04/2016,2016,4,G006,AMÉRICA MÓVIL,C0517,TELCEL,"RADIOMOVIL DIPSA, S.A. DE C.V.",34988540.0,10668249.0,0.0,0.0,,45656789.0
100625,15/05/2016,2016,5,G006,AMÉRICA MÓVIL,C0517,TELCEL,"RADIOMOVIL DIPSA, S.A. DE C.V.",36376002.0,10756070.0,0.0,0.0,,47132072.0
100625,15/06/2016,2016,6,G006,AMÉRICA MÓVIL,C0517,TELCEL,"RADIOMOVIL DIPSA, S.A. DE C.V.",36563536.0,10858001.0,0.0,0.0,,47421537.0
100625,15/07/2016,2016,7,G006,AMÉRICA MÓVIL,C0517,TELCEL,"RADIOMOVIL DIPSA, S.A. DE C.V.",37986971.0,11860899.0,0.0,0.0,,49847870.0
100625,15/08/2016,2016,8,G006,AMÉRICA MÓVIL,C0517,TELCEL,"RADIOMOVIL DIPSA, S.A. DE C.V.",38513967.0,12025446.0,0.0,0.0,,50539413.0
100625,15/09/2016,2016,9,G006,AMÉRICA MÓVIL,C0517,TELCEL,"RADIOMOVIL DIPSA, S.A. DE C.V.",38411672.0,11993506.0,0.0,0.0,,50405178.0
100625,15/10/2016,2016,10,G006,AMÉRICA MÓVIL,C0517,TELCEL,"RADIOMOVIL DIPSA, S.A. DE C.V.",38807521.0,12117104.0,0.0,0.0,,50924625.0
100625,15/11/2016,2016,11,G006,AMÉRICA MÓVIL,C0517,TELCEL,"RADIOMOVIL DIPSA, S.A. DE C.V.",39159076.0,12226872.0,0.0,0.0,,51385948.0
100625,15/12/2016,2016,12,G006,AMÉRICA MÓVIL,C0517,TELCEL,"RADIOMOVIL DIPSA, S.A. DE C.V.",40761727.0,12727277.0,0.0,0.0,,53489004.0
100625,15/01/2017,2017,1,G006,AMÉRICA MÓVIL,C0517,TELCEL,"RADIOMOVIL DIPSA, S.A. DE C.V.",41149726.0,12848425.0,0.0,0.0,,53998151.0
100625,15/02/2017,2017,2,G006,AMÉRICA MÓVIL,C0517,TELCEL,"RADIOMOVIL DIPSA, S.A. DE C.V.",40645204.0,12690894.0,0.0,0.0,,53336098.0
100625,15/03/2017,2017,3,G006,AMÉRICA MÓVIL,C0517,TELCEL,"RADIOMOVIL DIPSA, S.A. DE C.V.",41123461.0,12840224.0,0.0,0.0,,53963685.0
100625,15/04/2017,2017,4,G006,AMÉRICA MÓVIL,C0517,TELCEL,"RADIOMOVIL DIPSA, S.A. DE C.V.",41194847.0,12862513.0,0.0,0.0,,54057360.0
100625,15/05/2017,2017,5,G006,AMÉRICA MÓVIL,C0517,TELCEL,"RADIOMOVIL DIPSA, S.A. DE C.V.",41583087.0,12983736.0,0.0,0.0,,54566823.0
100625,15/06/2017,2017,6,G006,AMÉRICA MÓVIL,C0517,TELCEL,"RADIOMOVIL DIPSA, S.A. DE C.V.",41534464.0,12968553.0,0.0,0.0,,54503017.0
100625,15/07/2017,2017,7,G006,AMÉRICA MÓVIL,C0517,TELCEL,"RADIOMOVIL DIPSA, S.A. DE C.V.",42063549.0,0.0,0.0,13133753.0,,55197302.0
100625,15/08/2017,2017,8,G006,AMÉRICA MÓVIL,C0517,TELCEL,"RADIOMOVIL DIPSA, S.A. DE C.V.",42234131.0,0.0,0.0,13187015.0,,55421146.0
100625,15/09/2017,2017,9,G006,AMÉRICA MÓVIL,C0517,TELCEL,"RADIOMOVIL DIPSA, S.A. DE C.V.",42943982.0,0.0,0.0,13408656.0,,56352638.0
100625,15/10/2017,2017,10,G006,AMÉRICA MÓVIL,C0517,TELCEL,"RADIOMOVIL DIPSA, S.A. DE C.V.",42722159.0,0.0,0.0,13339395.0,,56061554.0
100625,15/11/2017,2017,11,G006,AMÉRICA MÓVIL,C0517,TELCEL,"RADIOMOVIL DIPSA, S.A. DE C.V.",42892285.0,0.0,0.0,13392514.0,,56284799.0
100625,15/12/2017,2017,12,G006,AMÉRICA MÓVIL,C0517,TELCEL,"RADIOMOVIL DIPSA, S.A. DE C.V.",43671091.0,0.0,0.0,13635686.0,,57306777.0
100625,15/01/2018,2018,1,G006,AMÉRICA MÓVIL,C0517,TELCEL,"RADIOMOVIL DIPSA, S.A. DE C.V.",44665567.0,0.0,0.0,13946197.0,,58611764.0
100625,15/02/2018,2018,2,G006,AMÉRICA MÓVIL,C0517,TELCEL,"RADIOMOVIL DIPSA, S.A. DE C.V.",44275493.0,0.0,0.0,13824401.0,,58099894.0
100625,15/03/2018,2018,3,G006,AMÉRICA MÓVIL,C0517,TELCEL,"RADIOMOVIL DIPSA, S.A. DE C.V.",44738181.0,0.0,0.0,13968869.0,,58707050.0
100625,15/04/2018,2018,4,G006,AMÉRICA MÓVIL,C0517,TELCEL,"RADIOMOVIL DIPSA, S.A. DE C.V.",45000238.0,0.0,0.0,14050693.0,,59050931.0
100625,15/05/2018,2018,5,G006,AMÉRICA MÓVIL,C0517,TELCEL,"RADIOMOVIL DIPSA, S.A. DE C.V.",45247248.0,0.0,0.0,14127818.0,,59375066.0
100625,15/06/2018,2018,6,G006,AMÉRICA MÓVIL,C0517,TELCEL,"RADIOMOVIL DIPSA, S.A. DE C.V.",45343177.0,0.0,0.0,14157771.0,,59500948.0
100625,15/07/2018,2018,7,G006,AMÉRICA MÓVIL,C0517,TELCEL,"RADIOMOVIL DIPSA, S.A. DE C.V.",45857566.0,0.0,0.0,14318382.0,,60175948.0
100625,15/08/2018,2018,8,G006,AMÉRICA MÓVIL,C0517,TELCEL,"RADIOMOVIL DIPSA, S.A. DE C.V.",45789769.0,0.0,0.0,14297213.0,,60086982.0
100625,15/09/2018,2018,9,G006,AMÉRICA MÓVIL,C0517,TELCEL,"RADIOMOVIL DIPSA, S.A. DE C.V.",45507831.0,0.0,0.0,14209182.0,,59717013.0
100625,15/10/2018,2018,10,G006,AMÉRICA MÓVIL,C0517,TELCEL,"RADIOMOVIL DIPSA, S.A. DE C.V.",45940999.0,0.0,0.0,14344432.0,,60285431.0
100625,15/11/2018,2018,11,G006,AMÉRICA MÓVIL,C0517,TELCEL,"RADIOMOVIL DIPSA, S.A. DE C.V.",46084368.0,0.0,0.0,14389197.0,,60473565.0
100625,15/12/2018,2018,12,G006,AMÉRICA MÓVIL,C0517,TELCEL,"RADIOMOVIL DIPSA, S.A. DE C.V.",47580230.0,0.0,0.0,14856259.0,,62436489.0
100625,15/01/2019,2019,1,G006,AMÉRICA MÓVIL,C0517,TELCEL,"RADIOMOVIL DIPSA, S.A. DE C.V.",48089876.0,0.0,0.0,15015389.0,,63105265.0
100625,15/02/2019,2019,2,G006,AMÉRICA MÓVIL,C0517,TELCEL,"RADIOMOVIL DIPSA, S.A. DE C.V.",46622281.0,0.0,0.0,14557152.0,,61179433.0
100625,15/03/2019,2019,3,G006,AMÉRICA MÓVIL,C0517,TELCEL,"RADIOMOVIL DIPSA, S.A. DE C.V.",46711522.0,0.0,0.0,14585017.0,,61296539.0
100625,15/04/2019,2019,4,G006,AMÉRICA MÓVIL,C0517,TELCEL,"RADIOMOVIL DIPSA, S.A. DE C.V.",48289101.0,0.0,0.0,15077594.0,,63366695.0
100625,15/05/2019,2019,5,G006,AMÉRICA MÓVIL,C0517,TELCEL,"RADIOMOVIL DIPSA, S.A. DE C.V.",48869614.0,0.0,0.0,15258851.0,,64128465.0
100625,15/06/2019,2019,6,G006,AMÉRICA MÓVIL,C0517,TELCEL,"RADIOMOVIL DIPSA, S.A. DE C.V.",49257465.0,0.0,0.0,15379952.0,,64637417.0
100625,15/07/2019,2019,7,G006,AMÉRICA MÓVIL,C0517,TELCEL,"RADIOMOVIL DIPSA, S.A. DE C.V.",50125250.0,0.0,0.0,14972477.0,,65097727.0
100625,15/08/2019,2019,8,G006,AMÉRICA MÓVIL,C0517,TELCEL,"RADIOMOVIL DIPSA, S.A. DE C.V.",51008228.0,0.0,0.0,14386936.0,,65395164.0
100625,15/09/2019,2019,9,G006,AMÉRICA MÓVIL,C0517,TELCEL,"RADIOMOVIL DIPSA, S.A. DE C.V.",52037812.0,0.0,0.0,13009453.0,,65047265.0
100625,15/10/2019,2019,10,G006,AMÉRICA MÓVIL,C0517,TELCEL,"RADIOMOVIL DIPSA, S.A. DE C.V.",52332601.0,0.0,0.0,13083150.0,,65415751.0
100625,15/11/2019,2019,11,G006,AMÉRICA MÓVIL,C0517,TELCEL,"RADIOMOVIL DIPSA, S.A. DE C.V.",52941801.0,0.0,0.0,13235450.0,,66177251.0
100625,15/12/2019,2019,12,G006,AMÉRICA MÓVIL,C0517,TELCEL,"RADIOMOVIL DIPSA, S.A. DE C.V.",55119965.0,0.0,0.0,12929375.0,,68049340.0
100625,15/01/2020,2020,1,G006,AMÉRICA MÓVIL,C0517,TELCEL,"RADIOMOVIL DIPSA, S.A. DE C.V.",55276944.0,0.0,0.0,13145244.0,,68422188.0
100625,15/02/2020,2020,2,G006,AMÉRICA MÓVIL,C0517,TELCEL,"RADIOMOVIL DIPSA, S.A. DE C.V.",54843617.0,0.0,0.0,13295431.0,,68139048.0
100625,15/03/2020,2020,3,G006,AMÉRICA MÓVIL,C0517,TELCEL,"RADIOMOVIL DIPSA, S.A. DE C.V.",55486012.0,0.0,0.0,13361041.0,,68847053.0
100625,15/04/2020,2020,4,G006,AMÉRICA MÓVIL,C0517,TELCEL,"RADIOMOVIL DIPSA, S.A. DE C.V.",54340040.0,0.0,0.0,13655245.0,,67995285.0
100625,15/05/2020,2020,5,G006,AMÉRICA MÓVIL,C0517,TELCEL,"RADIOMOVIL DIPSA, S.A. DE C.V.",54269254.0,0.0,0.0,13734546.0,,68003800.0
100625,15/06/2020,2020,6,G006,AMÉRICA MÓVIL,C0517,TELCEL,"RADIOMOVIL DIPSA, S.A. DE C.V.",54868219.0,0.0,0.0,13530489.0,,68398708.0
100625,15/07/2020,2020,7,G006,AMÉRICA MÓVIL,C0517,TELCEL,"RADIOMOVIL DIPSA, S.A. DE C.V.",55622461.0,0.0,0.0,13499095.0,,69121556.0
100625,15/08/2020,2020,8,G006,AMÉRICA MÓVIL,C0517,TELCEL,"RADIOMOVIL DIPSA, S.A. DE C.V.",56489547.0,0.0,0.0,13424415.0,,69913962.0
100625,15/09/2020,2020,9,G006,AMÉRICA MÓVIL,C0517,TELCEL,"RADIOMOVIL DIPSA, S.A. DE C.V.",57218079.0,0.0,0.0,13503814.0,,70721893.0
100625,15/10/2020,2020,10,G006,AMÉRICA MÓVIL,C0517,TELCEL,"RADIOMOVIL DIPSA, S.A. DE C.V.",57969962.0,0.0,0.0,13597892.0,,71567854.0
100625,15/11/2020,2020,11,G006,AMÉRICA MÓVIL,C0517,TELCEL,"RADIOMOVIL DIPSA, S.A. DE C.V.",56920403.0,0.0,0.0,13351699.0,,70272102.0
100625,15/12/2020,2020,12,G006,AMÉRICA MÓVIL,C0517,TELCEL,"RADIOMOVIL DIPSA, S.A. DE C.V.",58309707.0,0.0,0.0,13677585.0,,71987292.0
100625,15/01/2021,2021,1,G006,AMÉRICA MÓVIL,C0517,TELCEL,"RADIOMOVIL DIPSA, S.A. DE C.V.",59525241.0,0.0,0.0,12777372.0,,72302613.0
100625,15/02/2021,2021,2,G006,AMÉRICA MÓVIL,C0517,TELCEL,"RADIOMOVIL DIPSA, S.A. DE C.V.",59449593.0,0.0,0.0,12759740.0,,72209333.0
100625,15/03/2021,2021,3,G006,AMÉRICA MÓVIL,C0517,TELCEL,"RADIOMOVIL DIPSA, S.A. DE C.V.",60536670.0,0.0,0.0,12918124.0,,73454794.0
100625,15/04/2021,2021,4,G006,AMÉRICA MÓVIL,C0517,TELCEL,"RADIOMOVIL DIPSA, S.A. DE C.V.",60355625.0,0.0,0.0,12986909.0,,73342534.0
100625,15/05/2021,2021,5,G006,AMÉRICA MÓVIL,C0517,TELCEL,"RADIOMOVIL DIPSA, S.A. DE C.V.",59616925.0,0.0,0.0,12860132.0,,72477057.0
100625,15/06/2021,2021,6,G006,AMÉRICA MÓVIL,C0517,TELCEL,"RADIOMOVIL DIPSA, S.A. DE C.V.",59899648.0,0.0,0.0,12906698.0,,72806346.0
100625,15/07/2021,2021,7,G006,AMÉRICA MÓVIL,C0517,TELCEL,"RADIOMOVIL DIPSA, S.A. DE C.V.",60217589.0,0.0,0.0,12869011.0,,73086600.0
100625,15/08/2021,2021,8,G006,AMÉRICA MÓVIL,C0517,TELCEL,"RADIOMOVIL DIPSA, S.A. DE C.V.",59832982.0,0.0,0.0,12746341.0,,72579323.0
100625,15/09/2021,2021,9,G006,AMÉRICA MÓVIL,C0517,TELCEL,"RADIOMOVIL DIPSA, S.A. DE C.V.",60059793.0,0.0,0.0,12772958.0,,72832751.0
100625,15/10/2021,2021,10,G006,AMÉRICA MÓVIL,C0517,TELCEL,"RADIOMOVIL DIPSA, S.A. DE C.V.",62054569.0,0.0,0.0,13151188.0,,75205757.0
100625,15/11/2021,2021,11,G006,AMÉRICA MÓVIL,C0517,TELCEL,"RADIOMOVIL DIPSA, S.A. DE C.V.",62401753.0,0.0,0.0,13121565.0,,75523318.0
100625,15/12/2021,2021,12,G006,AMÉRICA MÓVIL,C0517,TELCEL,"RADIOMOVIL DIPSA, S.A. DE C.V.",63542371.0,0.0,0.0,13258639.0,,76801010.0
100625,15/01/2022,2022,1,G006,AMÉRICA MÓVIL,C0517,TELCEL,"RADIOMOVIL DIPSA, S.A. DE C.V.",63803487.0,0.0,0.0,13239745.0,,77043232.0
100625,15/02/2022,2022,2,G006,AMÉRICA MÓVIL,C0517,TELCEL,"RADIOMOVIL DIPSA, S.A. DE C.V.",63700730.0,0.0,0.0,13201355.0,,76902085.0
100625,15/03/2022,2022,3,G006,AMÉRICA MÓVIL,C0517,TELCEL,"RADIOMOVIL DIPSA, S.A. DE C.V.",64553249.0,0.0,0.0,13326576.0,,77879825.0
100625,15/04/2022,2022,4,G006,AMÉRICA MÓVIL,C0517,TELCEL,"RADIOMOVIL DIPSA, S.A. DE C.V.",64315909.0,0.0,0.0,13258470.0,,77574379.0
100625,15/05/2022,2022,5,G006,AMÉRICA MÓVIL,C0517,TELCEL,"RADIOMOVIL DIPSA, S.A. DE C.V.",64566003.0,0.0,0.0,13293266.0,,77859269.0
100625,15/06/2022,2022,6,G006,AMÉRICA MÓVIL,C0517,TELCEL,"RADIOMOVIL DIPSA, S.A. DE C.V.",64466921.0,0.0,0.0,13257699.0,,77724620.0
100625,15/07/2022,2022,7,G006,AMÉRICA MÓVIL,C0517,TELCEL,"RADIOMOVIL DIPSA, S.A. DE C.V.",64770750.0,0.0,0.0,13214238.0,,77984988.0
100625,15/08/2022,2022,8,G006,AMÉRICA MÓVIL,C0517,TELCEL,"RADIOMOVIL DIPSA, S.A. DE C.V.",65170774.0,0.0,0.0,13241617.0,,78412391.0
100625,15/09/2022,2022,9,G006,AMÉRICA MÓVIL,C0517,TELCEL,"RADIOMOVIL DIPSA, S.A. DE C.V.",65268501.0,0.0,0.0,13231675.0,,78500176.0
100625,15/10/2022,2022,10,G006,AMÉRICA MÓVIL,C0517,TELCEL,"RADIOMOVIL DIPSA, S.A. DE C.V.",65426827.0,0.0,0.0,13282557.0,,78709384.0
100625,15/11/2022,2022,11,G006,AMÉRICA MÓVIL,C0517,TELCEL,"RADIOMOVIL DIPSA, S.A. DE C.V.",65256368.0,0.0,0.0,13192917.0,,78449285.0
100625,15/12/2022,2022,12,G006,AMÉRICA MÓVIL,C0517,TELCEL,"RADIOMOVIL DIPSA, S.A. DE C.V.",65803941.0,0.0,0.0,13247562.0,,79051503.0
100625,15/01/2023,2023,1,G006,AMÉRICA MÓVIL,C0517,TELCEL,"RADIOMOVIL DIPSA, S.A. DE C.V.",65061988.0,0.0,0.0,13137553.0,,78199541.0
100625,15/02/2023,2023,2,G006,AMÉRICA MÓVIL,C0517,TELCEL,"RADIOMOVIL DIPSA, S.A. DE C.V.",64415724.0,0.0,0.0,13051324.0,,77467048.0
100625,15/03/2023,2023,3,G006,AMÉRICA MÓVIL,C0517,TELCEL,"RADIOMOVIL DIPSA, S.A. DE C.V.",65159893.0,0.0,0.0,13198698.0,,78358591.0
100625,15/04/2023,2023,4,G006,AMÉRICA MÓVIL,C0517,TELCEL,"RADIOMOVIL DIPSA, S.A. DE C.V.",64609669.0,0.0,0.0,13082159.0,,77691828.0
100625,15/05/2023,2023,5,G006,AMÉRICA MÓVIL,C0517,TELCEL,"RADIOMOVIL DIPSA, S.A. DE C.V.",65050414.0,0.0,0.0,13155628.0,,78206042.0
100625,15/06/2023,2023,6,G006,AMÉRICA MÓVIL,C0517,TELCEL,"RADIOMOVIL DIPSA, S.A. DE C.V.",65105598.0,0.0,0.0,13194196.0,,78299794.0
100625,15/07/2023,2023,7,G006,AMÉRICA MÓVIL,C0517,TELCEL,"RADIOMOVIL DIPSA, S.A. DE C.V.",65860028.0,0.0,0.0,13370916.0,,79230944.0
100625,15/08/2023,2023,8,G006,AMÉRICA MÓVIL,C0517,TELCEL,"RADIOMOVIL DIPSA, S.A. DE C.V.",66393882.0,0.0,0.0,13502981.0,,79896863.0
100625,15/09/2023,2023,9,G006,AMÉRICA MÓVIL,C0517,TELCEL,"RADIOMOVIL DIPSA, S.A. DE C.V.",66350985.0,0.0,0.0,13549928.0,,79900913.0
100625,15/10/2023,2023,10,G006,AMÉRICA MÓVIL,C0517,TELCEL,"RADIOMOVIL DIPSA, S.A. DE C.V.",66241205.0,0.0,0.0,13557777.0,,79798982.0
100625,15/11/2023,2023,11,G006,AMÉRICA MÓVIL,C0517,TELCEL,"RADIOMOVIL DIPSA, S.A. DE C.V.",66388617.0,0.0,0.0,13603593.0,,79992210.0
100625,15/12/2023,2023,12,G006,AMÉRICA MÓVIL,C0517,TELCEL,"RADIOMOVIL DIPSA, S.A. DE C.V.",66675053.0,0.0,0.0,13670097.0,,80345150.0
100625,15/01/2024,2024,1,G006,AMÉRICA MÓVIL,C0517,TELCEL,"RADIOMOVIL DIPSA, S.A. DE C.V.",66751521.0,0.0,0.0,13700460.0,,80451981.0
100625,15/02/2024,2024,2,G006,AMÉRICA MÓVIL,C0517,TELCEL,"RADIOMOVIL DIPSA, S.A. DE C.V.",66700988.0,0.0,0.0,13741034.0,,80442022.0
100625,15/03/2024,2024,3,G006,AMÉRICA MÓVIL,C0517,TELCEL,"RADIOMOVIL DIPSA, S.A. DE C.V.",66755809.0,0.0,0.0,13793948.0,,80549757.0
100625,15/04/2024,2024,4,G006,AMÉRICA MÓVIL,C0517,TELCEL,"RADIOMOVIL DIPSA, S.A. DE C.V.",66797397.0,0.0,0.0,13835205.0,,80632602.0
100625,15/05/2024,2024,5,G006,AMÉRICA MÓVIL,C0517,TELCEL,"RADIOMOVIL DIPSA, S.A. DE C.V.",66857559.0,0.0,0.0,13870385.0,,80727944.0
100625,15/06/2024,2024,6,G006,AMÉRICA MÓVIL,C0517,TELCEL,"RADIOMOVIL DIPSA, S.A. DE C.V.",66863239.0,0.0,0.0,13911003.0,,80774242.0
100625,15/07/2024,2024,7,G006,AMÉRICA MÓVIL,C0517,TELCEL,"RADIOMOVIL DIPSA, S.A. DE C.V.",66855616.0,0.0,0.0,13958940.0,,80814556.0
100625,15/08/2024,2024,8,G006,AMÉRICA MÓVIL,C0517,TELCEL,"RADIOMOVIL DIPSA, S.A. DE C.V.",66906887.0,0.0,0.0,13980976.0,,80887863.0
100625,15/09/2024,2024,9,G006,AMÉRICA MÓVIL,C0517,TELCEL,"RADIOMOVIL DIPSA, S.A. DE C.V.",66666624.0,0.0,0.0,13996820.0,,80663444.0
100625,15/10/2024,2024,10,G006,AMÉRICA MÓVIL,C0517,TELCEL,"RADIOMOVIL DIPSA, S.A. DE C.V.",66683311.0,0.0,0.0,14051283.0,,80734594.0
100625,15/11/2024,2024,11,G006,AMÉRICA MÓVIL,C0517,TELCEL,"RADIOMOVIL DIPSA, S.A. DE C.V.",66849912.0,0.0,0.0,14097680.0,,80947592.0
100625,15/12/2024,2024,12,G006,AMÉRICA MÓVIL,C0517,TELCEL,"RADIOMOVIL DIPSA, S.A. DE C.V.",66934802.0,0.0,0.0,14153957.0,,81088759.0
103357,15/09/2014,2014,9,C106,CIERTO,C0106,TELIGENTIA,"TELIGENTIA, S.A. DE C.V.",54.0,0.0,0.0,0.0,,54.0
103357,15/10/2014,2014,10,C106,CIERTO,C0106,TELIGENTIA,"TELIGENTIA, S.A. DE C.V.",106.0,0.0,0.0,0.0,,106.0
103357,15/11/2014,2014,11,C106,CIERTO,C0106,TELIGENTIA,"TELIGENTIA, S.A. DE C.V.",113.0,0.0,0.0,0.0,,113.0
103357,15/12/2014,2014,12,C106,CIERTO,C0106,TELIGENTIA,"TELIGENTIA, S.A. DE C.V.",159.0,0.0,0.0,0.0,,159.0
103357,15/01/2015,2015,1,C106,CIERTO,C0106,TELIGENTIA,"TELIGENTIA, S.A. DE C.V.",418.0,0.0,0.0,0.0,,418.0
103357,15/02/2015,2015,2,C106,CIERTO,C0106,TELIGENTIA,"TELIGENTIA, S.A. DE C.V.",685.0,0.0,0.0,0.0,,685.0
103357,15/03/2015,2015,3,C106,CIERTO,C0106,TELIGENTIA,"TELIGENTIA, S.A. DE C.V.",1654.0,0.0,0.0,0.0,,1654.0
103357,15/04/2015,2015,4,C106,CIERTO,C0106,TELIGENTIA,"TELIGENTIA, S.A. DE C.V.",3887.0,0.0,0.0,0.0,,3887.0
103357,15/05/2015,2015,5,C106,CIERTO,C0106,TELIGENTIA,"TELIGENTIA, S.A. DE C.V.",4314.0,0.0,0.0,0.0,,4314.0
103357,15/06/2015,2015,6,C106,CIERTO,C0106,TELIGENTIA,"TELIGENTIA, S.A. DE C.V.",5612.0,0.0,0.0,0.0,,5612.0
103357,15/07/2015,2015,7,C106,CIERTO,C0106,TELIGENTIA,"TELIGENTIA, S.A. DE C.V.",5650.0,0.0,0.0,0.0,,5650.0
103357,15/08/2015,2015,8,C106,CIERTO,C0106,TELIGENTIA,"TELIGENTIA, S.A. DE C.V.",7485.0,0.0,0.0,0.0,,7485.0
103357,15/09/2015,2015,9,C106,CIERTO,C0106,TELIGENTIA,"TELIGENTIA, S.A. DE C.V.",8179.0,0.0,0.0,0.0,,8179.0
103357,15/10/2015,2015,10,C106,CIERTO,C0106,TELIGENTIA,"TELIGENTIA, S.A. DE C.V.",7711.0,0.0,0.0,0.0,,7711.0
103357,15/11/2015,2015,11,C106,CIERTO,C0106,TELIGENTIA,"TELIGENTIA, S.A. DE C.V.",7352.0,0.0,0.0,0.0,,7352.0
103357,15/12/2015,2015,12,C106,CIERTO,C0106,TELIGENTIA,"TELIGENTIA, S.A. DE C.V.",7083.0,0.0,0.0,0.0,,7083.0
103357,15/01/2016,2016,1,C106,CIERTO,C0106,TELIGENTIA,"TELIGENTIA, S.A. DE C.V.",6093.0,0.0,0.0,0.0,,6093.0
103357,15/02/2016,2016,2,C106,CIERTO,C0106,TELIGENTIA,"TELIGENTIA, S.A. DE C.V.",5325.0,0.0,0.0,0.0,,5325.0
103357,15/03/2016,2016,3,C106,CIERTO,C0106,TELIGENTIA,"TELIGENTIA, S.A. DE C.V.",4956.0,0.0,0.0,0.0,,4956.0
103357,15/04/2016,2016,4,C106,CIERTO,C0106,TELIGENTIA,"TELIGENTIA, S.A. DE C.V.",4416.0,0.0,0.0,0.0,,4416.0
103357,15/05/2016,2016,5,C106,CIERTO,C0106,TELIGENTIA,"TELIGENTIA, S.A. DE C.V.",4051.0,0.0,0.0,0.0,,4051.0
103357,15/06/2016,2016,6,C106,CIERTO,C0106,TELIGENTIA,"TELIGENTIA, S.A. DE C.V.",3708.0,0.0,0.0,0.0,,3708.0
103357,15/07/2016,2016,7,C106,CIERTO,C0106,TELIGENTIA,"TELIGENTIA, S.A. DE C.V.",10403.0,0.0,0.0,0.0,,10403.0
103357,15/08/2016,2016,8,C106,CIERTO,C0106,TELIGENTIA,"TELIGENTIA, S.A. DE C.V.",8600.0,0.0,0.0,0.0,,8600.0
103357,15/09/2016,2016,9,C106,CIERTO,C0106,TELIGENTIA,"TELIGENTIA, S.A. DE C.V.",11188.0,0.0,0.0,0.0,,11188.0
103357,15/10/2016,2016,10,C106,CIERTO,C0106,TELIGENTIA,"TELIGENTIA, S.A. DE C.V.",7996.0,0.0,0.0,0.0,,7996.0
103357,15/11/2016,2016,11,C106,CIERTO,C0106,TELIGENTIA,"TELIGENTIA, S.A. DE C.V.",8495.0,0.0,0.0,0.0,,8495.0
103357,15/12/2016,2016,12,C106,CIERTO,C0106,TELIGENTIA,"TELIGENTIA, S.A. DE C.V.",8203.0,0.0,0.0,0.0,,8203.0
103357,15/01/2017,2017,1,C106,CIERTO,C0106,TELIGENTIA,"TELIGENTIA, S.A. DE C.V.",8293.0,0.0,0.0,0.0,,8293.0
103357,15/02/2017,2017,2,C106,CIERTO,C0106,TELIGENTIA,"TELIGENTIA, S.A. DE C.V.",8493.0,0.0,0.0,0.0,,8493.0
103357,15/03/2017,2017,3,C106,CIERTO,C0106,TELIGENTIA,"TELIGENTIA, S.A. DE C.V.",15408.0,0.0,0.0,0.0,,15408.0
103357,15/04/2017,2017,4,C106,CIERTO,C0106,TELIGENTIA,"TELIGENTIA, S.A. DE C.V.",16145.0,0.0,0.0,0.0,,16145.0
103357,15/05/2017,2017,5,C106,CIERTO,C0106,TELIGENTIA,"TELIGENTIA, S.A. DE C.V.",15629.0,0.0,0.0,0.0,,15629.0
103357,15/06/2017,2017,6,C106,CIERTO,C0106,TELIGENTIA,"TELIGENTIA, S.A. DE C.V.",14941.0,0.0,0.0,0.0,,14941.0
103357,15/07/2017,2017,7,C106,CIERTO,C0106,TELIGENTIA,"TELIGENTIA, S.A. DE C.V.",14095.0,0.0,0.0,0.0,,14095.0
103357,15/08/2017,2017,8,C106,CIERTO,C0106,TELIGENTIA,"TELIGENTIA, S.A. DE C.V.",14456.0,0.0,0.0,0.0,,14456.0
103357,15/09/2017,2017,9,C106,CIERTO,C0106,TELIGENTIA,"TELIGENTIA, S.A. DE C.V.",14294.0,0.0,0.0,0.0,,14294.0
103357,15/10/2017,2017,10,C106,CIERTO,C0106,TELIGENTIA,"TELIGENTIA, S.A. DE C.V.",14868.0,0.0,0.0,0.0,,14868.0
103357,15/11/2017,2017,11,C106,CIERTO,C0106,TELIGENTIA,"TELIGENTIA, S.A. DE C.V.",15304.0,0.0,0.0,0.0,,15304.0
103357,15/12/2017,2017,12,C106,CIERTO,C0106,TELIGENTIA,"TELIGENTIA, S.A. DE C.V.",15591.0,0.0,0.0,0.0,,15591.0
103357,15/01/2018,2018,1,C106,CIERTO,C0106,TELIGENTIA,"TELIGENTIA, S.A. DE C.V.",16040.0,0.0,0.0,0.0,,16040.0
103357,15/02/2018,2018,2,C106,CIERTO,C0106,TELIGENTIA,"TELIGENTIA, S.A. DE C.V.",16485.0,0.0,0.0,0.0,,16485.0
103357,15/03/2018,2018,3,C106,CIERTO,C0106,TELIGENTIA,"TELIGENTIA, S.A. DE C.V.",16761.0,0.0,0.0,0.0,,16761.0
103357,15/04/2018,2018,4,C106,CIERTO,C0106,TELIGENTIA,"TELIGENTIA, S.A. DE C.V.",16471.0,0.0,0.0,0.0,,16471.0
103357,15/05/2018,2018,5,C106,CIERTO,C0106,TELIGENTIA,"TELIGENTIA, S.A. DE C.V.",15972.0,0.0,0.0,0.0,,15972.0
103357,15/06/2018,2018,6,C106,CIERTO,C0106,TELIGENTIA,"TELIGENTIA, S.A. DE C.V.",15595.0,0.0,0.0,0.0,,15595.0
103357,15/07/2018,2018,7,C106,CIERTO,C0106,TELIGENTIA,"TELIGENTIA, S.A. DE C.V.",17143.0,0.0,0.0,0.0,,17143.0
103357,15/08/2018,2018,8,C106,CIERTO,C0106,TELIGENTIA,"TELIGENTIA, S.A. DE C.V.",17889.0,0.0,0.0,0.0,,17889.0
103357,15/09/2018,2018,9,C106,CIERTO,C0106,TELIGENTIA,"TELIGENTIA, S.A. DE C.V.",18537.0,0.0,0.0,0.0,,18537.0
103357,15/10/2018,2018,10,C106,CIERTO,C0106,TELIGENTIA,"TELIGENTIA, S.A. DE C.V.",18258.0,0.0,0.0,0.0,,18258.0
103357,15/11/2018,2018,11,C106,CIERTO,C0106,TELIGENTIA,"TELIGENTIA, S.A. DE C.V.",17946.0,0.0,0.0,0.0,,17946.0
103357,15/12/2018,2018,12,C106,CIERTO,C0106,TELIGENTIA,"TELIGENTIA, S.A. DE C.V.",17548.0,0.0,0.0,0.0,,17548.0
103357,15/01/2019,2019,1,C106,CIERTO,C0106,TELIGENTIA,"TELIGENTIA, S.A. DE C.V.",14612.0,0.0,0.0,0.0,,14612.0
103357,15/02/2019,2019,2,C106,CIERTO,C0106,TELIGENTIA,"TELIGENTIA, S.A. DE C.V.",12860.0,0.0,0.0,0.0,,12860.0
103357,15/03/2019,2019,3,C106,CIERTO,C0106,TELIGENTIA,"TELIGENTIA, S.A. DE C.V.",8954.0,0.0,0.0,0.0,,8954.0
103357,15/04/2019,2019,4,C106,CIERTO,C0106,TELIGENTIA,"TELIGENTIA, S.A. DE C.V.",7628.0,0.0,0.0,0.0,,7628.0
103357,15/05/2019,2019,5,C106,CIERTO,C0106,TELIGENTIA,"TELIGENTIA, S.A. DE C.V.",7600.0,0.0,0.0,0.0,,7600.0
103357,15/06/2019,2019,6,C106,CIERTO,C0106,TELIGENTIA,"TELIGENTIA, S.A. DE C.V.",7551.0,0.0,0.0,0.0,,7551.0
103357,15/07/2019,2019,7,C106,CIERTO,C0106,TELIGENTIA,"TELIGENTIA, S.A. DE C.V.",7303.0,0.0,0.0,0.0,,7303.0
103357,15/08/2019,2019,8,C106,CIERTO,C0106,TELIGENTIA,"TELIGENTIA, S.A. DE C.V.",7089.0,0.0,0.0,0.0,,7089.0
103357,15/09/2019,2019,9,C106,CIERTO,C0106,TELIGENTIA,"TELIGENTIA, S.A. DE C.V.",6996.0,0.0,0.0,0.0,,6996.0
103357,15/10/2019,2019,10,C106,CIERTO,C0106,TELIGENTIA,"TELIGENTIA, S.A. DE C.V.",8714.0,0.0,0.0,0.0,,8714.0
103357,15/11/2019,2019,11,C106,CIERTO,C0106,TELIGENTIA,"TELIGENTIA, S.A. DE C.V.",8687.0,0.0,0.0,0.0,,8687.0
103357,15/12/2019,2019,12,C106,CIERTO,C0106,TELIGENTIA,"TELIGENTIA, S.A. DE C.V.",9484.0,0.0,0.0,0.0,,9484.0
103357,15/01/2020,2020,1,C106,CIERTO,C0106,TELIGENTIA,"TELIGENTIA, S.A. DE C.V.",10000.0,0.0,0.0,0.0,,10000.0
103357,15/02/2020,2020,2,C106,CIERTO,C0106,TELIGENTIA,"TELIGENTIA, S.A. DE C.V.",11169.0,0.0,0.0,0.0,,11169.0
103357,15/03/2020,2020,3,C106,CIERTO,C0106,TELIGENTIA,"TELIGENTIA, S.A. DE C.V.",11955.0,0.0,0.0,0.0,,11955.0
103357,15/04/2020,2020,4,C106,CIERTO,C0106,TELIGENTIA,"TELIGENTIA, S.A. DE C.V.",10327.0,0.0,0.0,0.0,,10327.0
103357,15/05/2020,2020,5,C106,CIERTO,C0106,TELIGENTIA,"TELIGENTIA, S.A. DE C.V.",9954.0,0.0,0.0,0.0,,9954.0
103357,15/06/2020,2020,6,C106,CIERTO,C0106,TELIGENTIA,"TELIGENTIA, S.A. DE C.V.",10001.0,0.0,0.0,0.0,,10001.0
103357,15/07/2020,2020,7,C106,CIERTO,C0106,TELIGENTIA,"TELIGENTIA, S.A. DE C.V.",6278.0,0.0,0.0,0.0,,6278.0
103357,15/08/2020,2020,8,C106,CIERTO,C0106,TELIGENTIA,"TELIGENTIA, S.A. DE C.V.",6163.0,0.0,0.0,0.0,,6163.0
103357,15/09/2020,2020,9,C106,CIERTO,C0106,TELIGENTIA,"TELIGENTIA, S.A. DE C.V.",6233.0,0.0,0.0,0.0,,6233.0
103357,15/10/2020,2020,10,C106,CIERTO,C0106,TELIGENTIA,"TELIGENTIA, S.A. DE C.V.",0.0,0.0,0.0,0.0,,
519208,15/03/2021,2021,3,C080,TELMOVIL,C0080,TELMOVIL,"TELMOV MOVIL, S.A. DE C.V.",0.0,0.0,0.0,0.0,901.0,901.0
519208,15/04/2021,2021,4,C080,TELMOVIL,C0080,TELMOVIL,"TELMOV MOVIL, S.A. DE C.V.",0.0,0.0,0.0,0.0,9376.0,9376.0
519208,15/05/2021,2021,5,C080,TELMOVIL,C0080,TELMOVIL,"TELMOV MOVIL, S.A. DE C.V.",0.0,0.0,0.0,0.0,22611.0,22611.0
519208,15/06/2021,2021,6,C080,TELMOVIL,C0080,TELMOVIL,"TELMOV MOVIL, S.A. DE C.V.",0.0,0.0,0.0,0.0,37058.0,37058.0
519208,15/07/2021,2021,7,C080,TELMOVIL,C0080,TELMOVIL,"TELMOV MOVIL, S.A. DE C.V.",0.0,0.0,0.0,0.0,52510.0,52510.0
519208,15/08/2021,2021,8,C080,TELMOVIL,C0080,TELMOVIL,"TELMOV MOVIL, S.A. DE C.V.",0.0,0.0,0.0,0.0,67895.0,67895.0
519208,15/09/2021,2021,9,C080,TELMOVIL,C0080,TELMOVIL,"TELMOV MOVIL, S.A. DE C.V.",0.0,0.0,0.0,0.0,68347.0,68347.0
519208,15/10/2021,2021,10,C080,TELMOVIL,C0080,TELMOVIL,"TELMOV MOVIL, S.A. DE C.V.",0.0,0.0,0.0,0.0,68703.0,68703.0
519208,15/11/2021,2021,11,C080,TELMOVIL,C0080,TELMOVIL,"TELMOV MOVIL, S.A. DE C.V.",0.0,0.0,0.0,0.0,86236.0,86236.0
519208,15/12/2021,2021,12,C080,TELMOVIL,C0080,TELMOVIL,"TELMOV MOVIL, S.A. DE C.V.",0.0,0.0,0.0,0.0,112104.0,112104.0
519208,15/01/2022,2022,1,C080,TELMOVIL,C0080,TELMOVIL,"TELMOV MOVIL, S.A. DE C.V.",0.0,0.0,0.0,0.0,112977.0,112977.0
519208,15/02/2022,2022,2,C080,TELMOVIL,C0080,TELMOVIL,"TELMOV MOVIL, S.A. DE C.V.",0.0,0.0,0.0,0.0,114332.0,114332.0
519208,15/03/2022,2022,3,C080,TELMOVIL,C0080,TELMOVIL,"TELMOV MOVIL, S.A. DE C.V.",0.0,0.0,0.0,0.0,113923.0,113923.0
519208,15/07/2022,2022,7,C080,TELMOVIL,C0080,TELMOVIL,"TELMOV MOVIL, S.A. DE C.V.",0.0,0.0,0.0,0.0,117223.0,117223.0
519208,15/08/2022,2022,8,C080,TELMOVIL,C0080,TELMOVIL,"TELMOV MOVIL, S.A. DE C.V.",0.0,0.0,0.0,0.0,118078.0,118078.0
519208,15/09/2022,2022,9,C080,TELMOVIL,C0080,TELMOVIL,"TELMOV MOVIL, S.A. DE C.V.",0.0,0.0,0.0,0.0,118926.0,118926.0
519208,15/10/2022,2022,10,C080,TELMOVIL,C0080,TELMOVIL,"TELMOV MOVIL, S.A. DE C.V.",0.0,0.0,0.0,0.0,25605.0,25605.0
519208,15/11/2022,2022,11,C080,TELMOVIL,C0080,TELMOVIL,"TELMOV MOVIL, S.A. DE C.V.",0.0,0.0,0.0,0.0,26456.0,26456.0
519208,15/12/2022,2022,12,C080,TELMOVIL,C0080,TELMOVIL,"TELMOV MOVIL, S.A. DE C.V.",0.0,0.0,0.0,0.0,27445.0,27445.0
519208,15/01/2023,2023,1,C080,TELMOVIL,C0080,TELMOVIL,"TELMOV MOVIL, S.A. DE C.V.",0.0,0.0,0.0,0.0,28684.0,28684.0
519208,15/02/2023,2023,2,C080,TELMOVIL,C0080,TELMOVIL,"TELMOV MOVIL, S.A. DE C.V.",0.0,0.0,0.0,0.0,29809.0,29809.0
519208,15/03/2023,2023,3,C080,TELMOVIL,C0080,TELMOVIL,"TELMOV MOVIL, S.A. DE C.V.",0.0,0.0,0.0,0.0,12438.0,12438.0
519208,15/04/2023,2023,4,C080,TELMOVIL,C0080,TELMOVIL,"TELMOV MOVIL, S.A. DE C.V.",0.0,0.0,0.0,0.0,10709.0,10709.0
519208,15/05/2023,2023,5,C080,TELMOVIL,C0080,TELMOVIL,"TELMOV MOVIL, S.A. DE C.V.",0.0,0.0,0.0,0.0,9852.0,9852.0
519208,15/06/2023,2023,6,C080,TELMOVIL,C0080,TELMOVIL,"TELMOV MOVIL, S.A. DE C.V.",0.0,0.0,0.0,0.0,10863.0,10863.0
519208,15/07/2023,2023,7,C080,TELMOVIL,C0080,TELMOVIL,"TELMOV MOVIL, S.A. DE C.V.",0.0,0.0,0.0,0.0,13143.0,13143.0
519208,15/08/2023,2023,8,C080,TELMOVIL,C0080,TELMOVIL,"TELMOV MOVIL, S.A. DE C.V.",0.0,0.0,0.0,0.0,11803.0,11803.0
519208,15/09/2023,2023,9,C080,TELMOVIL,C0080,TELMOVIL,"TELMOV MOVIL, S.A. DE C.V.",0.0,0.0,0.0,0.0,12260.0,12260.0
519208,15/10/2023,2023,10,C080,TELMOVIL,C0080,TELMOVIL,"TELMOV MOVIL, S.A. DE C.V.",0.0,0.0,0.0,0.0,12488.0,12488.0
519208,15/11/2023,2023,11,C080,TELMOVIL,C0080,TELMOVIL,"TELMOV MOVIL, S.A. DE C.V.",0.0,0.0,0.0,0.0,13276.0,13276.0
519208,15/12/2023,2023,12,C080,TELMOVIL,C0080,TELMOVIL,"TELMOV MOVIL, S.A. DE C.V.",0.0,0.0,0.0,0.0,14110.0,14110.0
519208,15/01/2024,2024,1,C080,TELMOVIL,C0080,TELMOVIL,"TELMOV MOVIL, S.A. DE C.V.",0.0,0.0,0.0,0.0,16742.0,16742.0
519208,15/02/2024,2024,2,C080,TELMOVIL,C0080,TELMOVIL,"TELMOV MOVIL, S.A. DE C.V.",0.0,0.0,0.0,0.0,21025.0,21025.0
519208,15/03/2024,2024,3,C080,TELMOVIL,C0080,TELMOVIL,"TELMOV MOVIL, S.A. DE C.V.",0.0,0.0,0.0,0.0,27076.0,27076.0
519208,15/04/2024,2024,4,C080,TELMOVIL,C0080,TELMOVIL,"TELMOV MOVIL, S.A. DE C.V.",0.0,0.0,0.0,0.0,34233.0,34233.0
519208,15/05/2024,2024,5,C080,TELMOVIL,C0080,TELMOVIL,"TELMOV MOVIL, S.A. DE C.V.",0.0,0.0,0.0,0.0,32168.0,32168.0
519208,15/06/2024,2024,6,C080,TELMOVIL,C0080,TELMOVIL,"TELMOV MOVIL, S.A. DE C.V.",0.0,0.0,0.0,0.0,32877.0,32877.0
519208,15/07/2024,2024,7,C080,TELMOVIL,C0080,TELMOVIL,"TELMOV MOVIL, S.A. DE C.V.",0.0,0.0,0.0,0.0,34188.0,34188.0
519208,15/08/2024,2024,8,C080,TELMOVIL,C0080,TELMOVIL,"TELMOV MOVIL, S.A. DE C.V.",0.0,0.0,0.0,0.0,35919.0,35919.0
519208,15/09/2024,2024,9,C080,TELMOVIL,C0080,TELMOVIL,"TELMOV MOVIL, S.A. DE C.V.",0.0,0.0,0.0,0.0,37140.0,37140.0
519208,15/10/2024,2024,10,C080,TELMOVIL,C0080,TELMOVIL,"TELMOV MOVIL, S.A. DE C.V.",0.0,0.0,0.0,0.0,34697.0,34697.0
519208,15/11/2024,2024,11,C080,TELMOVIL,C0080,TELMOVIL,"TELMOV MOVIL, S.A. DE C.V.",0.0,0.0,0.0,0.0,34723.0,34723.0
519208,15/12/2024,2024,12,C080,TELMOVIL,C0080,TELMOVIL,"TELMOV MOVIL, S.A. DE C.V.",0.0,0.0,0.0,0.0,36069.0,36069.0
106633,15/10/2017,2017,10,C705,TOKA MOVIL,C0705,TOKA MOVIL,"OPENIP COMUNICACIONES, S.A. DE C.V.",0.0,0.0,0.0,0.0,767.0,767.0
106633,15/11/2017,2017,11,C705,TOKA MOVIL,C0705,TOKA MOVIL,"OPENIP COMUNICACIONES, S.A. DE C.V.",0.0,0.0,0.0,0.0,147.0,147.0
106633,15/12/2017,2017,12,C705,TOKA MOVIL,C0705,TOKA MOVIL,"OPENIP COMUNICACIONES, S.A. DE C.V.",0.0,0.0,0.0,0.0,77.0,77.0
106633,15/01/2018,2018,1,C705,TOKA MOVIL,C0705,TOKA MOVIL,"OPENIP COMUNICACIONES, S.A. DE C.V.",0.0,0.0,0.0,0.0,163.0,163.0
106633,15/02/2018,2018,2,C705,TOKA MOVIL,C0705,TOKA MOVIL,"OPENIP COMUNICACIONES, S.A. DE C.V.",0.0,0.0,0.0,0.0,489.0,489.0
106633,15/03/2018,2018,3,C705,TOKA MOVIL,C0705,TOKA MOVIL,"OPENIP COMUNICACIONES, S.A. DE C.V.",0.0,0.0,0.0,0.0,1441.0,1441.0
106633,15/04/2018,2018,4,C705,TOKA MOVIL,C0705,TOKA MOVIL,"OPENIP COMUNICACIONES, S.A. DE C.V.",0.0,0.0,0.0,0.0,1912.0,1912.0
106633,15/05/2018,2018,5,C705,TOKA MOVIL,C0705,TOKA MOVIL,"OPENIP COMUNICACIONES, S.A. DE C.V.",0.0,0.0,0.0,0.0,3101.0,3101.0
106633,15/06/2018,2018,6,C705,TOKA MOVIL,C0705,TOKA MOVIL,"OPENIP COMUNICACIONES, S.A. DE C.V.",0.0,0.0,0.0,0.0,1767.0,1767.0
106633,15/07/2018,2018,7,C705,TOKA MOVIL,C0705,TOKA MOVIL,"OPENIP COMUNICACIONES, S.A. DE C.V.",0.0,0.0,0.0,0.0,1689.0,1689.0
106633,15/08/2018,2018,8,C705,TOKA MOVIL,C0705,TOKA MOVIL,"OPENIP COMUNICACIONES, S.A. DE C.V.",0.0,0.0,0.0,0.0,1326.0,1326.0
106633,15/09/2018,2018,9,C705,TOKA MOVIL,C0705,TOKA MOVIL,"OPENIP COMUNICACIONES, S.A. DE C.V.",0.0,0.0,0.0,0.0,1204.0,1204.0
106633,15/10/2018,2018,10,C705,TOKA MOVIL,C0705,TOKA MOVIL,"OPENIP COMUNICACIONES, S.A. DE C.V.",0.0,0.0,0.0,0.0,1029.0,1029.0
106633,15/11/2018,2018,11,C705,TOKA MOVIL,C0705,TOKA MOVIL,"OPENIP COMUNICACIONES, S.A. DE C.V.",0.0,0.0,0.0,0.0,955.0,955.0
106633,15/12/2018,2018,12,C705,TOKA MOVIL,C0705,TOKA MOVIL,"OPENIP COMUNICACIONES, S.A. DE C.V.",0.0,0.0,0.0,0.0,895.0,895.0
106633,15/01/2019,2019,1,C705,TOKA MOVIL,C0705,TOKA MOVIL,"OPENIP COMUNICACIONES, S.A. DE C.V.",0.0,0.0,0.0,0.0,876.0,876.0
106633,15/02/2019,2019,2,C705,TOKA MOVIL,C0705,TOKA MOVIL,"OPENIP COMUNICACIONES, S.A. DE C.V.",0.0,0.0,0.0,0.0,831.0,831.0
106633,15/03/2019,2019,3,C705,TOKA MOVIL,C0705,TOKA MOVIL,"OPENIP COMUNICACIONES, S.A. DE C.V.",0.0,0.0,0.0,0.0,877.0,877.0
106633,15/04/2019,2019,4,C705,TOKA MOVIL,C0705,TOKA MOVIL,"OPENIP COMUNICACIONES, S.A. DE C.V.",0.0,0.0,0.0,0.0,829.0,829.0
106633,15/05/2019,2019,5,C705,TOKA MOVIL,C0705,TOKA MOVIL,"OPENIP COMUNICACIONES, S.A. DE C.V.",0.0,0.0,0.0,0.0,837.0,837.0
106633,15/06/2019,2019,6,C705,TOKA MOVIL,C0705,TOKA MOVIL,"OPENIP COMUNICACIONES, S.A. DE C.V.",0.0,0.0,0.0,0.0,835.0,835.0
106633,15/07/2019,2019,7,C705,TOKA MOVIL,C0705,TOKA MOVIL,"OPENIP COMUNICACIONES, S.A. DE C.V.",0.0,0.0,0.0,0.0,874.0,874.0
106633,15/08/2019,2019,8,C705,TOKA MOVIL,C0705,TOKA MOVIL,"OPENIP COMUNICACIONES, S.A. DE C.V.",0.0,0.0,0.0,0.0,993.0,993.0
106633,15/09/2019,2019,9,C705,TOKA MOVIL,C0705,TOKA MOVIL,"OPENIP COMUNICACIONES, S.A. DE C.V.",0.0,0.0,0.0,0.0,988.0,988.0
106633,15/10/2019,2019,10,C705,TOKA MOVIL,C0705,TOKA MOVIL,"OPENIP COMUNICACIONES, S.A. DE C.V.",0.0,0.0,0.0,0.0,899.0,899.0
106633,15/11/2019,2019,11,C705,TOKA MOVIL,C0705,TOKA MOVIL,"OPENIP COMUNICACIONES, S.A. DE C.V.",0.0,0.0,0.0,0.0,899.0,899.0
106633,15/12/2019,2019,12,C705,TOKA MOVIL,C0705,TOKA MOVIL,"OPENIP COMUNICACIONES, S.A. DE C.V.",0.0,0.0,0.0,0.0,932.0,932.0
106633,15/01/2020,2020,1,C705,TOKA MOVIL,C0705,TOKA MOVIL,"OPENIP COMUNICACIONES, S.A. DE C.V.",0.0,0.0,0.0,0.0,1023.0,1023.0
106633,15/02/2020,2020,2,C705,TOKA MOVIL,C0705,TOKA MOVIL,"OPENIP COMUNICACIONES, S.A. DE C.V.",0.0,0.0,0.0,0.0,1119.0,1119.0
106633,15/03/2020,2020,3,C705,TOKA MOVIL,C0705,TOKA MOVIL,"OPENIP COMUNICACIONES, S.A. DE C.V.",0.0,0.0,0.0,0.0,1110.0,1110.0
106633,15/04/2020,2020,4,C705,TOKA MOVIL,C0705,TOKA MOVIL,"OPENIP COMUNICACIONES, S.A. DE C.V.",0.0,0.0,0.0,0.0,984.0,984.0
106633,15/05/2020,2020,5,C705,TOKA MOVIL,C0705,TOKA MOVIL,"OPENIP COMUNICACIONES, S.A. DE C.V.",0.0,0.0,0.0,0.0,909.0,909.0
106633,15/06/2020,2020,6,C705,TOKA MOVIL,C0705,TOKA MOVIL,"OPENIP COMUNICACIONES, S.A. DE C.V.",0.0,0.0,0.0,0.0,859.0,859.0
106633,15/07/2020,2020,7,C705,TOKA MOVIL,C0705,TOKA MOVIL,"OPENIP COMUNICACIONES, S.A. DE C.V.",0.0,0.0,0.0,0.0,802.0,802.0
106633,15/08/2020,2020,8,C705,TOKA MOVIL,C0705,TOKA MOVIL,"OPENIP COMUNICACIONES, S.A. DE C.V.",0.0,0.0,0.0,0.0,812.0,812.0
106633,15/09/2020,2020,9,C705,TOKA MOVIL,C0705,TOKA MOVIL,"OPENIP COMUNICACIONES, S.A. DE C.V.",0.0,0.0,0.0,0.0,832.0,832.0
106633,15/10/2020,2020,10,C705,TOKA MOVIL,C0705,TOKA MOVIL,"OPENIP COMUNICACIONES, S.A. DE C.V.",0.0,0.0,0.0,0.0,796.0,796.0
106633,15/11/2020,2020,11,C705,TOKA MOVIL,C0705,TOKA MOVIL,"OPENIP COMUNICACIONES, S.A. DE C.V.",0.0,0.0,0.0,0.0,769.0,769.0
106633,15/12/2020,2020,12,C705,TOKA MOVIL,C0705,TOKA MOVIL,"OPENIP COMUNICACIONES, S.A. DE C.V.",0.0,0.0,0.0,0.0,759.0,759.0
106633,15/01/2021,2021,1,C705,TOKA MOVIL,C0705,TOKA MOVIL,"OPENIP COMUNICACIONES, S.A. DE C.V.",0.0,0.0,0.0,0.0,709.0,709.0
106633,15/02/2021,2021,2,C705,TOKA MOVIL,C0705,TOKA MOVIL,"OPENIP COMUNICACIONES, S.A. DE C.V.",0.0,0.0,0.0,0.0,709.0,709.0
106633,15/03/2021,2021,3,C705,TOKA MOVIL,C0705,TOKA MOVIL,"OPENIP COMUNICACIONES, S.A. DE C.V.",0.0,0.0,0.0,0.0,695.0,695.0
106633,15/04/2021,2021,4,C705,TOKA MOVIL,C0705,TOKA MOVIL,"OPENIP COMUNICACIONES, S.A. DE C.V.",0.0,0.0,0.0,0.0,685.0,685.0
106633,15/05/2021,2021,5,C705,TOKA MOVIL,C0705,TOKA MOVIL,"OPENIP COMUNICACIONES, S.A. DE C.V.",0.0,0.0,0.0,0.0,705.0,705.0
106633,15/06/2021,2021,6,C705,TOKA MOVIL,C0705,TOKA MOVIL,"OPENIP COMUNICACIONES, S.A. DE C.V.",0.0,0.0,0.0,0.0,732.0,732.0
106633,15/07/2021,2021,7,C705,TOKA MOVIL,C0705,TOKA MOVIL,"OPENIP COMUNICACIONES, S.A. DE C.V.",0.0,0.0,0.0,0.0,732.0,732.0
106633,15/08/2021,2021,8,C705,TOKA MOVIL,C0705,TOKA MOVIL,"OPENIP COMUNICACIONES, S.A. DE C.V.",0.0,0.0,0.0,0.0,812.0,812.0
106633,15/09/2021,2021,9,C705,TOKA MOVIL,C0705,TOKA MOVIL,"OPENIP COMUNICACIONES, S.A. DE C.V.",0.0,0.0,0.0,0.0,808.0,808.0
106633,15/10/2021,2021,10,C705,TOKA MOVIL,C0705,TOKA MOVIL,"OPENIP COMUNICACIONES, S.A. DE C.V.",0.0,0.0,0.0,0.0,770.0,770.0
106633,15/11/2021,2021,11,C705,TOKA MOVIL,C0705,TOKA MOVIL,"OPENIP COMUNICACIONES, S.A. DE C.V.",0.0,0.0,0.0,0.0,835.0,835.0
106633,15/12/2021,2021,12,C705,TOKA MOVIL,C0705,TOKA MOVIL,"OPENIP COMUNICACIONES, S.A. DE C.V.",0.0,0.0,0.0,0.0,930.0,930.0
521328,15/07/2023,2023,7,C113,TU VISION TELE-CABLE,C1123,TU VISION TELE-CABLE,"TU VISION TELECABLE, S.A. DE C.V.",0.0,0.0,0.0,0.0,17275.0,17275.0
521328,15/08/2023,2023,8,C113,TU VISION TELE-CABLE,C1123,TU VISION TELE-CABLE,"TU VISION TELECABLE, S.A. DE C.V.",0.0,0.0,0.0,0.0,18075.0,18075.0
521328,15/09/2023,2023,9,C113,TU VISION TELE-CABLE,C1123,TU VISION TELE-CABLE,"TU VISION TELECABLE, S.A. DE C.V.",0.0,0.0,0.0,0.0,19025.0,19025.0
521328,15/10/2023,2023,10,C113,TU VISION TELE-CABLE,C1123,TU VISION TELE-CABLE,"TU VISION TELECABLE, S.A. DE C.V.",0.0,0.0,0.0,0.0,19525.0,19525.0
521328,15/11/2023,2023,11,C113,TU VISION TELE-CABLE,C1123,TU VISION TELE-CABLE,"TU VISION TELECABLE, S.A. DE C.V.",0.0,0.0,0.0,0.0,20310.0,20310.0
521328,15/12/2023,2023,12,C113,TU VISION TELE-CABLE,C1123,TU VISION TELE-CABLE,"TU VISION TELECABLE, S.A. DE C.V.",0.0,0.0,0.0,0.0,21162.0,21162.0
516798,15/01/2021,2021,1,C775,VASANTA,C0775,VASANTA,"VASANTA COMUNICACIONES, S.A.P.I. DE C.V.",0.0,0.0,0.0,0.0,4762.0,4762.0
516798,15/02/2021,2021,2,C775,VASANTA,C0775,VASANTA,"VASANTA COMUNICACIONES, S.A.P.I. DE C.V.",0.0,0.0,0.0,0.0,5841.0,5841.0
516798,15/03/2021,2021,3,C775,VASANTA,C0775,VASANTA,"VASANTA COMUNICACIONES, S.A.P.I. DE C.V.",0.0,0.0,0.0,0.0,7577.0,7577.0
516798,15/04/2021,2021,4,C775,VASANTA,C0775,VASANTA,"VASANTA COMUNICACIONES, S.A.P.I. DE C.V.",0.0,0.0,0.0,0.0,8474.0,8474.0
516798,15/05/2021,2021,5,C775,VASANTA,C0775,VASANTA,"VASANTA COMUNICACIONES, S.A.P.I. DE C.V.",0.0,0.0,0.0,0.0,9019.0,9019.0
516798,15/06/2021,2021,6,C775,VASANTA,C0775,VASANTA,"VASANTA COMUNICACIONES, S.A.P.I. DE C.V.",0.0,0.0,0.0,0.0,8720.0,8720.0
516798,15/07/2021,2021,7,C775,VASANTA,C0775,VASANTA,"VASANTA COMUNICACIONES, S.A.P.I. DE C.V.",0.0,0.0,0.0,0.0,9110.0,9110.0
516798,15/08/2021,2021,8,C775,VASANTA,C0775,VASANTA,"VASANTA COMUNICACIONES, S.A.P.I. DE C.V.",0.0,0.0,0.0,0.0,9913.0,9913.0
516798,15/09/2021,2021,9,C775,VASANTA,C0775,VASANTA,"VASANTA COMUNICACIONES, S.A.P.I. DE C.V.",0.0,0.0,0.0,0.0,9952.0,9952.0
516798,15/10/2021,2021,10,C775,VASANTA,C0775,VASANTA,"VASANTA COMUNICACIONES, S.A.P.I. DE C.V.",0.0,0.0,0.0,0.0,11800.0,11800.0
516798,15/11/2021,2021,11,C775,VASANTA,C0775,VASANTA,"VASANTA COMUNICACIONES, S.A.P.I. DE C.V.",0.0,0.0,0.0,0.0,10744.0,10744.0
516798,15/12/2021,2021,12,C775,VASANTA,C0775,VASANTA,"VASANTA COMUNICACIONES, S.A.P.I. DE C.V.",0.0,0.0,0.0,0.0,13187.0,13187.0
516798,15/01/2022,2022,1,C775,VASANTA,C0775,VASANTA,"VASANTA COMUNICACIONES, S.A.P.I. DE C.V.",0.0,0.0,0.0,0.0,15129.0,15129.0
516798,15/02/2022,2022,2,C775,VASANTA,C0775,VASANTA,"VASANTA COMUNICACIONES, S.A.P.I. DE C.V.",0.0,0.0,0.0,0.0,14984.0,14984.0
516798,15/03/2022,2022,3,C775,VASANTA,C0775,VASANTA,"VASANTA COMUNICACIONES, S.A.P.I. DE C.V.",0.0,0.0,0.0,0.0,15337.0,15337.0
516798,15/04/2022,2022,4,C775,VASANTA,C0775,VASANTA,"VASANTA COMUNICACIONES, S.A.P.I. DE C.V.",0.0,0.0,0.0,0.0,13044.0,13044.0
516798,15/05/2022,2022,5,C775,VASANTA,C0775,VASANTA,"VASANTA COMUNICACIONES, S.A.P.I. DE C.V.",0.0,0.0,0.0,0.0,13586.0,13586.0
516798,15/06/2022,2022,6,C775,VASANTA,C0775,VASANTA,"VASANTA COMUNICACIONES, S.A.P.I. DE C.V.",0.0,0.0,0.0,0.0,14073.0,14073.0
516798,15/07/2022,2022,7,C775,VASANTA,C0775,VASANTA,"VASANTA COMUNICACIONES, S.A.P.I. DE C.V.",0.0,0.0,0.0,0.0,14744.0,14744.0
516798,15/08/2022,2022,8,C775,VASANTA,C0775,VASANTA,"VASANTA COMUNICACIONES, S.A.P.I. DE C.V.",0.0,0.0,0.0,0.0,14983.0,14983.0
516798,15/09/2022,2022,9,C775,VASANTA,C0775,VASANTA,"VASANTA COMUNICACIONES, S.A.P.I. DE C.V.",0.0,0.0,0.0,0.0,15270.0,15270.0
516798,15/10/2022,2022,10,C775,VASANTA,C0775,VASANTA,"VASANTA COMUNICACIONES, S.A.P.I. DE C.V.",0.0,0.0,0.0,0.0,15981.0,15981.0
516798,15/11/2022,2022,11,C775,VASANTA,C0775,VASANTA,"VASANTA COMUNICACIONES, S.A.P.I. DE C.V.",0.0,0.0,0.0,0.0,16208.0,16208.0
516798,15/12/2022,2022,12,C775,VASANTA,C0775,VASANTA,"VASANTA COMUNICACIONES, S.A.P.I. DE C.V.",0.0,0.0,0.0,0.0,16556.0,16556.0
516798,15/01/2023,2023,1,C775,VASANTA,C0775,VASANTA,"VASANTA COMUNICACIONES, S.A.P.I. DE C.V.",0.0,0.0,0.0,0.0,16737.0,16737.0
516798,15/02/2023,2023,2,C775,VASANTA,C0775,VASANTA,"VASANTA COMUNICACIONES, S.A.P.I. DE C.V.",0.0,0.0,0.0,0.0,16910.0,16910.0
516798,15/03/2023,2023,3,C775,VASANTA,C0775,VASANTA,"VASANTA COMUNICACIONES, S.A.P.I. DE C.V.",0.0,0.0,0.0,0.0,17360.0,17360.0
516798,15/04/2023,2023,4,C775,VASANTA,C0775,VASANTA,"VASANTA COMUNICACIONES, S.A.P.I. DE C.V.",0.0,0.0,0.0,0.0,17052.0,17052.0
516798,15/05/2023,2023,5,C775,VASANTA,C0775,VASANTA,"VASANTA COMUNICACIONES, S.A.P.I. DE C.V.",0.0,0.0,0.0,0.0,17027.0,17027.0
516798,15/06/2023,2023,6,C775,VASANTA,C0775,VASANTA,"VASANTA COMUNICACIONES, S.A.P.I. DE C.V.",0.0,0.0,0.0,0.0,17002.0,17002.0
516798,15/07/2023,2023,7,C775,VASANTA,C0775,VASANTA,"VASANTA COMUNICACIONES, S.A.P.I. DE C.V.",0.0,0.0,0.0,0.0,17061.0,17061.0
516798,15/08/2023,2023,8,C775,VASANTA,C0775,VASANTA,"VASANTA COMUNICACIONES, S.A.P.I. DE C.V.",0.0,0.0,0.0,0.0,17098.0,17098.0
516798,15/09/2023,2023,9,C775,VASANTA,C0775,VASANTA,"VASANTA COMUNICACIONES, S.A.P.I. DE C.V.",0.0,0.0,0.0,0.0,16811.0,16811.0
516798,15/01/2024,2024,1,C775,VASANTA,C0775,VASANTA,"VASANTA COMUNICACIONES, S.A.P.I. DE C.V.",0.0,0.0,0.0,0.0,16583.0,16583.0
516798,15/02/2024,2024,2,C775,VASANTA,C0775,VASANTA,"VASANTA COMUNICACIONES, S.A.P.I. DE C.V.",0.0,0.0,0.0,0.0,16541.0,16541.0
516798,15/03/2024,2024,3,C775,VASANTA,C0775,VASANTA,"VASANTA COMUNICACIONES, S.A.P.I. DE C.V.",0.0,0.0,0.0,0.0,16688.0,16688.0
516798,15/04/2024,2024,4,C775,VASANTA,C0775,VASANTA,"VASANTA COMUNICACIONES, S.A.P.I. DE C.V.",0.0,0.0,0.0,0.0,15644.0,15644.0
516798,15/05/2024,2024,5,C775,VASANTA,C0775,VASANTA,"VASANTA COMUNICACIONES, S.A.P.I. DE C.V.",0.0,0.0,0.0,0.0,15394.0,15394.0
516798,15/06/2024,2024,6,C775,VASANTA,C0775,VASANTA,"VASANTA COMUNICACIONES, S.A.P.I. DE C.V.",0.0,0.0,0.0,0.0,15407.0,15407.0
516798,15/07/2024,2024,7,C775,VASANTA,C0775,VASANTA,"VASANTA COMUNICACIONES, S.A.P.I. DE C.V.",0.0,0.0,0.0,0.0,17603.0,17603.0
516798,15/08/2024,2024,8,C775,VASANTA,C0775,VASANTA,"VASANTA COMUNICACIONES, S.A.P.I. DE C.V.",0.0,0.0,0.0,0.0,14405.0,14405.0
516798,15/09/2024,2024,9,C775,VASANTA,C0775,VASANTA,"VASANTA COMUNICACIONES, S.A.P.I. DE C.V.",0.0,0.0,0.0,0.0,14346.0,14346.0
516798,15/10/2024,2024,10,C775,VASANTA,C0775,VASANTA,"VASANTA COMUNICACIONES, S.A.P.I. DE C.V.",0.0,0.0,0.0,0.0,16347.0,16347.0
516798,15/11/2024,2024,11,C775,VASANTA,C0775,VASANTA,"VASANTA COMUNICACIONES, S.A.P.I. DE C.V.",0.0,0.0,0.0,0.0,15920.0,15920.0
516798,15/12/2024,2024,12,C775,VASANTA,C0775,VASANTA,"VASANTA COMUNICACIONES, S.A.P.I. DE C.V.",0.0,0.0,0.0,0.0,15631.0,15631.0
106830,15/06/2014,2014,6,C629,VIRGIN MOBILE,C0629,VIRGIN MOBILE,"VIRGIN MOBILE MEXICO, S. DE R.L. DE C.V.",2640.0,0.0,0.0,0.0,,2640.0
106830,15/07/2014,2014,7,C629,VIRGIN MOBILE,C0629,VIRGIN MOBILE,"VIRGIN MOBILE MEXICO, S. DE R.L. DE C.V.",15776.0,0.0,0.0,0.0,,15776.0
106830,15/08/2014,2014,8,C629,VIRGIN MOBILE,C0629,VIRGIN MOBILE,"VIRGIN MOBILE MEXICO, S. DE R.L. DE C.V.",24276.0,0.0,0.0,0.0,,24276.0
106830,15/09/2014,2014,9,C629,VIRGIN MOBILE,C0629,VIRGIN MOBILE,"VIRGIN MOBILE MEXICO, S. DE R.L. DE C.V.",18902.0,0.0,0.0,0.0,,18902.0
106830,15/10/2014,2014,10,C629,VIRGIN MOBILE,C0629,VIRGIN MOBILE,"VIRGIN MOBILE MEXICO, S. DE R.L. DE C.V.",21592.0,0.0,0.0,0.0,,21592.0
106830,15/11/2014,2014,11,C629,VIRGIN MOBILE,C0629,VIRGIN MOBILE,"VIRGIN MOBILE MEXICO, S. DE R.L. DE C.V.",33454.0,0.0,0.0,0.0,,33454.0
106830,15/12/2014,2014,12,C629,VIRGIN MOBILE,C0629,VIRGIN MOBILE,"VIRGIN MOBILE MEXICO, S. DE R.L. DE C.V.",38506.0,0.0,0.0,0.0,,38506.0
106830,15/01/2015,2015,1,C629,VIRGIN MOBILE,C0629,VIRGIN MOBILE,"VIRGIN MOBILE MEXICO, S. DE R.L. DE C.V.",47138.0,0.0,0.0,0.0,,47138.0
106830,15/02/2015,2015,2,C629,VIRGIN MOBILE,C0629,VIRGIN MOBILE,"VIRGIN MOBILE MEXICO, S. DE R.L. DE C.V.",58020.0,0.0,0.0,0.0,,58020.0
106830,15/03/2015,2015,3,C629,VIRGIN MOBILE,C0629,VIRGIN MOBILE,"VIRGIN MOBILE MEXICO, S. DE R.L. DE C.V.",93459.0,0.0,0.0,0.0,,93459.0
106830,15/04/2015,2015,4,C629,VIRGIN MOBILE,C0629,VIRGIN MOBILE,"VIRGIN MOBILE MEXICO, S. DE R.L. DE C.V.",130808.0,0.0,0.0,0.0,,130808.0
106830,15/05/2015,2015,5,C629,VIRGIN MOBILE,C0629,VIRGIN MOBILE,"VIRGIN MOBILE MEXICO, S. DE R.L. DE C.V.",174541.0,0.0,0.0,0.0,,174541.0
106830,15/06/2015,2015,6,C629,VIRGIN MOBILE,C0629,VIRGIN MOBILE,"VIRGIN MOBILE MEXICO, S. DE R.L. DE C.V.",211522.0,0.0,0.0,0.0,,211522.0
106830,15/07/2015,2015,7,C629,VIRGIN MOBILE,C0629,VIRGIN MOBILE,"VIRGIN MOBILE MEXICO, S. DE R.L. DE C.V.",258045.0,0.0,0.0,0.0,,258045.0
106830,15/08/2015,2015,8,C629,VIRGIN MOBILE,C0629,VIRGIN MOBILE,"VIRGIN MOBILE MEXICO, S. DE R.L. DE C.V.",299520.0,0.0,0.0,0.0,,299520.0
106830,15/09/2015,2015,9,C629,VIRGIN MOBILE,C0629,VIRGIN MOBILE,"VIRGIN MOBILE MEXICO, S. DE R.L. DE C.V.",334362.0,0.0,0.0,0.0,,334362.0
106830,15/10/2015,2015,10,C629,VIRGIN MOBILE,C0629,VIRGIN MOBILE,"VIRGIN MOBILE MEXICO, S. DE R.L. DE C.V.",596503.0,0.0,0.0,0.0,,596503.0
106830,15/11/2015,2015,11,C629,VIRGIN MOBILE,C0629,VIRGIN MOBILE,"VIRGIN MOBILE MEXICO, S. DE R.L. DE C.V.",657585.0,0.0,0.0,0.0,,657585.0
106830,15/12/2015,2015,12,C629,VIRGIN MOBILE,C0629,VIRGIN MOBILE,"VIRGIN MOBILE MEXICO, S. DE R.L. DE C.V.",701429.0,0.0,0.0,0.0,,701429.0
106830,15/01/2016,2016,1,C629,VIRGIN MOBILE,C0629,VIRGIN MOBILE,"VIRGIN MOBILE MEXICO, S. DE R.L. DE C.V.",661000.0,0.0,0.0,0.0,,661000.0
106830,15/02/2016,2016,2,C629,VIRGIN MOBILE,C0629,VIRGIN MOBILE,"VIRGIN MOBILE MEXICO, S. DE R.L. DE C.V.",631973.0,0.0,0.0,0.0,,631973.0
106830,15/03/2016,2016,3,C629,VIRGIN MOBILE,C0629,VIRGIN MOBILE,"VIRGIN MOBILE MEXICO, S. DE R.L. DE C.V.",695638.0,0.0,0.0,0.0,,695638.0
106830,15/04/2016,2016,4,C629,VIRGIN MOBILE,C0629,VIRGIN MOBILE,"VIRGIN MOBILE MEXICO, S. DE R.L. DE C.V.",701471.0,0.0,0.0,0.0,,701471.0
106830,15/05/2016,2016,5,C629,VIRGIN MOBILE,C0629,VIRGIN MOBILE,"VIRGIN MOBILE MEXICO, S. DE R.L. DE C.V.",702093.0,0.0,0.0,0.0,,702093.0
106830,15/06/2016,2016,6,C629,VIRGIN MOBILE,C0629,VIRGIN MOBILE,"VIRGIN MOBILE MEXICO, S. DE R.L. DE C.V.",705989.0,0.0,0.0,0.0,,705989.0
106830,15/07/2016,2016,7,C629,VIRGIN MOBILE,C0629,VIRGIN MOBILE,"VIRGIN MOBILE MEXICO, S. DE R.L. DE C.V.",729029.0,0.0,0.0,0.0,,729029.0
106830,15/08/2016,2016,8,C629,VIRGIN MOBILE,C0629,VIRGIN MOBILE,"VIRGIN MOBILE MEXICO, S. DE R.L. DE C.V.",749050.0,0.0,0.0,0.0,,749050.0
106830,15/09/2016,2016,9,C629,VIRGIN MOBILE,C0629,VIRGIN MOBILE,"VIRGIN MOBILE MEXICO, S. DE R.L. DE C.V.",763251.0,0.0,0.0,0.0,,763251.0
106830,15/10/2016,2016,10,C629,VIRGIN MOBILE,C0629,VIRGIN MOBILE,"VIRGIN MOBILE MEXICO, S. DE R.L. DE C.V.",770752.0,0.0,0.0,0.0,,770752.0
106830,15/11/2016,2016,11,C629,VIRGIN MOBILE,C0629,VIRGIN MOBILE,"VIRGIN MOBILE MEXICO, S. DE R.L. DE C.V.",807974.0,0.0,0.0,0.0,,807974.0
106830,15/12/2016,2016,12,C629,VIRGIN MOBILE,C0629,VIRGIN MOBILE,"VIRGIN MOBILE MEXICO, S. DE R.L. DE C.V.",842350.0,0.0,0.0,0.0,,842350.0
106830,15/01/2017,2017,1,C629,VIRGIN MOBILE,C0629,VIRGIN MOBILE,"VIRGIN MOBILE MEXICO, S. DE R.L. DE C.V.",855539.0,0.0,0.0,0.0,,855539.0
106830,15/02/2017,2017,2,C629,VIRGIN MOBILE,C0629,VIRGIN MOBILE,"VIRGIN MOBILE MEXICO, S. DE R.L. DE C.V.",837741.0,0.0,0.0,0.0,,837741.0
106830,15/03/2017,2017,3,C629,VIRGIN MOBILE,C0629,VIRGIN MOBILE,"VIRGIN MOBILE MEXICO, S. DE R.L. DE C.V.",801810.0,0.0,0.0,0.0,,801810.0
106830,15/04/2017,2017,4,C629,VIRGIN MOBILE,C0629,VIRGIN MOBILE,"VIRGIN MOBILE MEXICO, S. DE R.L. DE C.V.",780196.0,0.0,0.0,0.0,,780196.0
106830,15/05/2017,2017,5,C629,VIRGIN MOBILE,C0629,VIRGIN MOBILE,"VIRGIN MOBILE MEXICO, S. DE R.L. DE C.V.",765513.0,0.0,0.0,0.0,,765513.0
106830,15/06/2017,2017,6,C629,VIRGIN MOBILE,C0629,VIRGIN MOBILE,"VIRGIN MOBILE MEXICO, S. DE R.L. DE C.V.",757502.0,0.0,0.0,0.0,,757502.0
106830,15/07/2017,2017,7,C629,VIRGIN MOBILE,C0629,VIRGIN MOBILE,"VIRGIN MOBILE MEXICO, S. DE R.L. DE C.V.",744990.0,0.0,0.0,0.0,,744990.0
106830,15/08/2017,2017,8,C629,VIRGIN MOBILE,C0629,VIRGIN MOBILE,"VIRGIN MOBILE MEXICO, S. DE R.L. DE C.V.",725388.0,0.0,0.0,0.0,,725388.0
106830,15/09/2017,2017,9,C629,VIRGIN MOBILE,C0629,VIRGIN MOBILE,"VIRGIN MOBILE MEXICO, S. DE R.L. DE C.V.",702819.0,0.0,0.0,0.0,,702819.0
106830,15/10/2017,2017,10,C629,VIRGIN MOBILE,C0629,VIRGIN MOBILE,"VIRGIN MOBILE MEXICO, S. DE R.L. DE C.V.",674528.0,0.0,0.0,0.0,,674528.0
106830,15/11/2017,2017,11,C629,VIRGIN MOBILE,C0629,VIRGIN MOBILE,"VIRGIN MOBILE MEXICO, S. DE R.L. DE C.V.",654245.0,0.0,0.0,0.0,,654245.0
106830,15/12/2017,2017,12,C629,VIRGIN MOBILE,C0629,VIRGIN MOBILE,"VIRGIN MOBILE MEXICO, S. DE R.L. DE C.V.",635168.0,0.0,0.0,0.0,,635168.0
106830,15/01/2018,2018,1,C629,VIRGIN MOBILE,C0629,VIRGIN MOBILE,"VIRGIN MOBILE MEXICO, S. DE R.L. DE C.V.",618165.0,0.0,0.0,0.0,,618165.0
106830,15/02/2018,2018,2,C629,VIRGIN MOBILE,C0629,VIRGIN MOBILE,"VIRGIN MOBILE MEXICO, S. DE R.L. DE C.V.",604920.0,0.0,0.0,0.0,,604920.0
106830,15/03/2018,2018,3,C629,VIRGIN MOBILE,C0629,VIRGIN MOBILE,"VIRGIN MOBILE MEXICO, S. DE R.L. DE C.V.",589819.0,0.0,0.0,0.0,,589819.0
106830,15/04/2018,2018,4,C629,VIRGIN MOBILE,C0629,VIRGIN MOBILE,"VIRGIN MOBILE MEXICO, S. DE R.L. DE C.V.",587010.0,0.0,0.0,0.0,,587010.0
106830,15/05/2018,2018,5,C629,VIRGIN MOBILE,C0629,VIRGIN MOBILE,"VIRGIN MOBILE MEXICO, S. DE R.L. DE C.V.",586174.0,0.0,0.0,0.0,,586174.0
106830,15/06/2018,2018,6,C629,VIRGIN MOBILE,C0629,VIRGIN MOBILE,"VIRGIN MOBILE MEXICO, S. DE R.L. DE C.V.",607675.0,0.0,0.0,0.0,,607675.0
106830,15/07/2018,2018,7,C629,VIRGIN MOBILE,C0629,VIRGIN MOBILE,"VIRGIN MOBILE MEXICO, S. DE R.L. DE C.V.",619640.0,0.0,0.0,0.0,,619640.0
106830,15/08/2018,2018,8,C629,VIRGIN MOBILE,C0629,VIRGIN MOBILE,"VIRGIN MOBILE MEXICO, S. DE R.L. DE C.V.",470329.0,0.0,0.0,0.0,,470329.0
106830,15/09/2018,2018,9,C629,VIRGIN MOBILE,C0629,VIRGIN MOBILE,"VIRGIN MOBILE MEXICO, S. DE R.L. DE C.V.",302314.0,0.0,0.0,0.0,,302314.0
106830,15/10/2018,2018,10,C629,VIRGIN MOBILE,C0629,VIRGIN MOBILE,"VIRGIN MOBILE MEXICO, S. DE R.L. DE C.V.",323203.0,0.0,0.0,0.0,,323203.0
106830,15/11/2018,2018,11,C629,VIRGIN MOBILE,C0629,VIRGIN MOBILE,"VIRGIN MOBILE MEXICO, S. DE R.L. DE C.V.",284822.0,0.0,0.0,0.0,,284822.0
106830,15/12/2018,2018,12,C629,VIRGIN MOBILE,C0629,VIRGIN MOBILE,"VIRGIN MOBILE MEXICO, S. DE R.L. DE C.V.",281660.0,0.0,0.0,0.0,,281660.0
106830,15/01/2019,2019,1,C629,VIRGIN MOBILE,C0629,VIRGIN MOBILE,"VIRGIN MOBILE MEXICO, S. DE R.L. DE C.V.",266656.0,0.0,0.0,0.0,,266656.0
106830,15/02/2019,2019,2,C629,VIRGIN MOBILE,C0629,VIRGIN MOBILE,"VIRGIN MOBILE MEXICO, S. DE R.L. DE C.V.",247715.0,0.0,0.0,0.0,,247715.0
106830,15/03/2019,2019,3,C629,VIRGIN MOBILE,C0629,VIRGIN MOBILE,"VIRGIN MOBILE MEXICO, S. DE R.L. DE C.V.",237936.0,0.0,0.0,0.0,,237936.0
106830,15/04/2019,2019,4,C629,VIRGIN MOBILE,C0629,VIRGIN MOBILE,"VIRGIN MOBILE MEXICO, S. DE R.L. DE C.V.",245326.0,0.0,0.0,0.0,,245326.0
106830,15/05/2019,2019,5,C629,VIRGIN MOBILE,C0629,VIRGIN MOBILE,"VIRGIN MOBILE MEXICO, S. DE R.L. DE C.V.",246092.0,0.0,0.0,0.0,,246092.0
106830,15/06/2019,2019,6,C629,VIRGIN MOBILE,C0629,VIRGIN MOBILE,"VIRGIN MOBILE MEXICO, S. DE R.L. DE C.V.",239524.0,0.0,0.0,0.0,,239524.0
106830,15/07/2019,2019,7,C629,VIRGIN MOBILE,C0629,VIRGIN MOBILE,"VIRGIN MOBILE MEXICO, S. DE R.L. DE C.V.",240129.0,0.0,0.0,0.0,,240129.0
106830,15/08/2019,2019,8,C629,VIRGIN MOBILE,C0629,VIRGIN MOBILE,"VIRGIN MOBILE MEXICO, S. DE R.L. DE C.V.",241138.0,0.0,0.0,0.0,,241138.0
106830,15/09/2019,2019,9,C629,VIRGIN MOBILE,C0629,VIRGIN MOBILE,"VIRGIN MOBILE MEXICO, S. DE R.L. DE C.V.",247578.0,0.0,0.0,0.0,,247578.0
106830,15/10/2019,2019,10,C629,VIRGIN MOBILE,C0629,VIRGIN MOBILE,"VIRGIN MOBILE MEXICO, S. DE R.L. DE C.V.",245682.0,0.0,0.0,0.0,,245682.0
106830,15/11/2019,2019,11,C629,VIRGIN MOBILE,C0629,VIRGIN MOBILE,"VIRGIN MOBILE MEXICO, S. DE R.L. DE C.V.",242809.0,0.0,0.0,0.0,,242809.0
106830,15/12/2019,2019,12,C629,VIRGIN MOBILE,C0629,VIRGIN MOBILE,"VIRGIN MOBILE MEXICO, S. DE R.L. DE C.V.",221190.0,0.0,0.0,0.0,,221190.0
106830,15/01/2020,2020,1,C629,VIRGIN MOBILE,C0629,VIRGIN MOBILE,"VIRGIN MOBILE MEXICO, S. DE R.L. DE C.V.",227362.0,0.0,0.0,0.0,,227362.0
106830,15/02/2020,2020,2,C629,VIRGIN MOBILE,C0629,VIRGIN MOBILE,"VIRGIN MOBILE MEXICO, S. DE R.L. DE C.V.",226790.0,0.0,0.0,0.0,,226790.0
106830,15/03/2020,2020,3,C629,VIRGIN MOBILE,C0629,VIRGIN MOBILE,"VIRGIN MOBILE MEXICO, S. DE R.L. DE C.V.",223311.0,0.0,0.0,0.0,,223311.0
106830,15/04/2020,2020,4,C629,VIRGIN MOBILE,C0629,VIRGIN MOBILE,"VIRGIN MOBILE MEXICO, S. DE R.L. DE C.V.",217220.0,0.0,0.0,0.0,,217220.0
106830,15/05/2020,2020,5,C629,VIRGIN MOBILE,C0629,VIRGIN MOBILE,"VIRGIN MOBILE MEXICO, S. DE R.L. DE C.V.",211080.0,0.0,0.0,0.0,,211080.0
106830,15/06/2020,2020,6,C629,VIRGIN MOBILE,C0629,VIRGIN MOBILE,"VIRGIN MOBILE MEXICO, S. DE R.L. DE C.V.",207142.0,0.0,0.0,0.0,,207142.0
106830,15/07/2020,2020,7,C629,VIRGIN MOBILE,C0629,VIRGIN MOBILE,"VIRGIN MOBILE MEXICO, S. DE R.L. DE C.V.",212675.0,0.0,0.0,0.0,,212675.0
106830,15/08/2020,2020,8,C629,VIRGIN MOBILE,C0629,VIRGIN MOBILE,"VIRGIN MOBILE MEXICO, S. DE R.L. DE C.V.",219530.0,0.0,0.0,0.0,,219530.0
106830,15/09/2020,2020,9,C629,VIRGIN MOBILE,C0629,VIRGIN MOBILE,"VIRGIN MOBILE MEXICO, S. DE R.L. DE C.V.",224187.0,0.0,0.0,0.0,,224187.0
106830,15/10/2020,2020,10,C629,VIRGIN MOBILE,C0629,VIRGIN MOBILE,"VIRGIN MOBILE MEXICO, S. DE R.L. DE C.V.",225834.0,0.0,0.0,0.0,,225834.0
106830,15/11/2020,2020,11,C629,VIRGIN MOBILE,C0629,VIRGIN MOBILE,"VIRGIN MOBILE MEXICO, S. DE R.L. DE C.V.",226878.0,0.0,0.0,0.0,,226878.0
106830,15/12/2020,2020,12,C629,VIRGIN MOBILE,C0629,VIRGIN MOBILE,"VIRGIN MOBILE MEXICO, S. DE R.L. DE C.V.",234993.0,0.0,0.0,0.0,,234993.0
106830,15/01/2021,2021,1,C629,VIRGIN MOBILE,C0629,VIRGIN MOBILE,"VIRGIN MOBILE MEXICO, S. DE R.L. DE C.V.",0.0,0.0,0.0,0.0,267559.0,267559.0
106830,15/02/2021,2021,2,C629,VIRGIN MOBILE,C0629,VIRGIN MOBILE,"VIRGIN MOBILE MEXICO, S. DE R.L. DE C.V.",0.0,0.0,0.0,0.0,296028.0,296028.0
106830,15/03/2021,2021,3,C629,VIRGIN MOBILE,C0629,VIRGIN MOBILE,"VIRGIN MOBILE MEXICO, S. DE R.L. DE C.V.",0.0,0.0,0.0,0.0,328716.0,328716.0
106830,15/04/2021,2021,4,C629,VIRGIN MOBILE,C0629,VIRGIN MOBILE,"VIRGIN MOBILE MEXICO, S. DE R.L. DE C.V.",0.0,0.0,0.0,0.0,350313.0,350313.0
106830,15/05/2021,2021,5,C629,VIRGIN MOBILE,C0629,VIRGIN MOBILE,"VIRGIN MOBILE MEXICO, S. DE R.L. DE C.V.",0.0,0.0,0.0,0.0,374514.0,374514.0
106830,15/06/2021,2021,6,C629,VIRGIN MOBILE,C0629,VIRGIN MOBILE,"VIRGIN MOBILE MEXICO, S. DE R.L. DE C.V.",0.0,0.0,0.0,0.0,400246.0,400246.0
106830,15/07/2021,2021,7,C629,VIRGIN MOBILE,C0629,VIRGIN MOBILE,"VIRGIN MOBILE MEXICO, S. DE R.L. DE C.V.",0.0,0.0,0.0,0.0,424336.0,424336.0
106830,15/08/2021,2021,8,C629,VIRGIN MOBILE,C0629,VIRGIN MOBILE,"VIRGIN MOBILE MEXICO, S. DE R.L. DE C.V.",0.0,0.0,0.0,0.0,456218.0,456218.0
106830,15/09/2021,2021,9,C629,VIRGIN MOBILE,C0629,VIRGIN MOBILE,"VIRGIN MOBILE MEXICO, S. DE R.L. DE C.V.",0.0,0.0,0.0,0.0,484774.0,484774.0
106830,15/10/2021,2021,10,C629,VIRGIN MOBILE,C0629,VIRGIN MOBILE,"VIRGIN MOBILE MEXICO, S. DE R.L. DE C.V.",0.0,0.0,0.0,0.0,507856.0,507856.0
106830,15/11/2021,2021,11,C629,VIRGIN MOBILE,C0629,VIRGIN MOBILE,"VIRGIN MOBILE MEXICO, S. DE R.L. DE C.V.",0.0,0.0,0.0,0.0,557108.0,557108.0
106830,15/12/2021,2021,12,C629,VIRGIN MOBILE,C0629,VIRGIN MOBILE,"VIRGIN MOBILE MEXICO, S. DE R.L. DE C.V.",0.0,0.0,0.0,0.0,584622.0,584622.0
106830,15/01/2022,2022,1,C629,VIRGIN MOBILE,C0629,VIRGIN MOBILE,"VIRGIN MOBILE MEXICO, S. DE R.L. DE C.V.",0.0,0.0,0.0,0.0,602023.0,602023.0
106830,15/02/2022,2022,2,C629,VIRGIN MOBILE,C0629,VIRGIN MOBILE,"VIRGIN MOBILE MEXICO, S. DE R.L. DE C.V.",0.0,0.0,0.0,0.0,617208.0,617208.0
106830,15/03/2022,2022,3,C629,VIRGIN MOBILE,C0629,VIRGIN MOBILE,"VIRGIN MOBILE MEXICO, S. DE R.L. DE C.V.",0.0,0.0,0.0,0.0,635305.0,635305.0
106830,15/04/2022,2022,4,C629,VIRGIN MOBILE,C0629,VIRGIN MOBILE,"VIRGIN MOBILE MEXICO, S. DE R.L. DE C.V.",0.0,0.0,0.0,0.0,653287.0,653287.0
106830,15/05/2022,2022,5,C629,VIRGIN MOBILE,C0629,VIRGIN MOBILE,"VIRGIN MOBILE MEXICO, S. DE R.L. DE C.V.",0.0,0.0,0.0,0.0,672728.0,672728.0
106830,15/06/2022,2022,6,C629,VIRGIN MOBILE,C0629,VIRGIN MOBILE,"VIRGIN MOBILE MEXICO, S. DE R.L. DE C.V.",0.0,0.0,0.0,0.0,690306.0,690306.0
106830,15/07/2022,2022,7,C629,VIRGIN MOBILE,C0629,VIRGIN MOBILE,"VIRGIN MOBILE MEXICO, S. DE R.L. DE C.V.",0.0,0.0,0.0,0.0,708937.0,708937.0
106830,15/08/2022,2022,8,C629,VIRGIN MOBILE,C0629,VIRGIN MOBILE,"VIRGIN MOBILE MEXICO, S. DE R.L. DE C.V.",0.0,0.0,0.0,0.0,731457.0,731457.0
106830,15/09/2022,2022,9,C629,VIRGIN MOBILE,C0629,VIRGIN MOBILE,"VIRGIN MOBILE MEXICO, S. DE R.L. DE C.V.",0.0,0.0,0.0,0.0,752375.0,752375.0
106830,15/10/2022,2022,10,C629,VIRGIN MOBILE,C0629,VIRGIN MOBILE,"VIRGIN MOBILE MEXICO, S. DE R.L. DE C.V.",0.0,0.0,0.0,0.0,772806.0,772806.0
106830,15/11/2022,2022,11,C629,VIRGIN MOBILE,C0629,VIRGIN MOBILE,"VIRGIN MOBILE MEXICO, S. DE R.L. DE C.V.",0.0,0.0,0.0,0.0,796184.0,796184.0
106830,15/12/2022,2022,12,C629,VIRGIN MOBILE,C0629,VIRGIN MOBILE,"VIRGIN MOBILE MEXICO, S. DE R.L. DE C.V.",0.0,0.0,0.0,0.0,819200.0,819200.0
106830,15/01/2023,2023,1,C629,VIRGIN MOBILE,C0629,VIRGIN MOBILE,"VIRGIN MOBILE MEXICO, S. DE R.L. DE C.V.",0.0,0.0,0.0,0.0,855587.0,855587.0
106830,15/02/2023,2023,2,C629,VIRGIN MOBILE,C0629,VIRGIN MOBILE,"VIRGIN MOBILE MEXICO, S. DE R.L. DE C.V.",0.0,0.0,0.0,0.0,882397.0,882397.0
106830,15/03/2023,2023,3,C629,VIRGIN MOBILE,C0629,VIRGIN MOBILE,"VIRGIN MOBILE MEXICO, S. DE R.L. DE C.V.",0.0,0.0,0.0,0.0,904835.0,904835.0
106830,15/04/2023,2023,4,C629,VIRGIN MOBILE,C0629,VIRGIN MOBILE,"VIRGIN MOBILE MEXICO, S. DE R.L. DE C.V.",0.0,0.0,0.0,0.0,881630.0,881630.0
106830,15/05/2023,2023,5,C629,VIRGIN MOBILE,C0629,VIRGIN MOBILE,"VIRGIN MOBILE MEXICO, S. DE R.L. DE C.V.",0.0,0.0,0.0,0.0,928664.0,928664.0
106830,15/06/2023,2023,6,C629,VIRGIN MOBILE,C0629,VIRGIN MOBILE,"VIRGIN MOBILE MEXICO, S. DE R.L. DE C.V.",0.0,0.0,0.0,0.0,965283.0,965283.0
106830,15/10/2023,2023,10,C629,VIRGIN MOBILE,C0629,VIRGIN MOBILE,"VIRGIN MOBILE MEXICO, S. DE R.L. DE C.V.",0.0,0.0,0.0,0.0,909159.0,909159.0
106830,15/11/2023,2023,11,C629,VIRGIN MOBILE,C0629,VIRGIN MOBILE,"VIRGIN MOBILE MEXICO, S. DE R.L. DE C.V.",0.0,0.0,0.0,0.0,914303.0,914303.0
106830,15/12/2023,2023,12,C629,VIRGIN MOBILE,C0629,VIRGIN MOBILE,"VIRGIN MOBILE MEXICO, S. DE R.L. DE C.V.",0.0,0.0,0.0,0.0,951567.0,951567.0
106830,15/01/2024,2024,1,C629,VIRGIN MOBILE,C0629,VIRGIN MOBILE,"VIRGIN MOBILE MEXICO, S. DE R.L. DE C.V.",0.0,0.0,0.0,0.0,954953.0,954953.0
106830,15/02/2024,2024,2,C629,VIRGIN MOBILE,C0629,VIRGIN MOBILE,"VIRGIN MOBILE MEXICO, S. DE R.L. DE C.V.",0.0,0.0,0.0,0.0,962850.0,962850.0
106830,15/03/2024,2024,3,C629,VIRGIN MOBILE,C0629,VIRGIN MOBILE,"VIRGIN MOBILE MEXICO, S. DE R.L. DE C.V.",0.0,0.0,0.0,0.0,1023220.0,1023220.0
106830,15/04/2024,2024,4,C629,VIRGIN MOBILE,C0629,VIRGIN MOBILE,"VIRGIN MOBILE MEXICO, S. DE R.L. DE C.V.",0.0,0.0,0.0,0.0,1110802.0,1110802.0
106830,15/05/2024,2024,5,C629,VIRGIN MOBILE,C0629,VIRGIN MOBILE,"VIRGIN MOBILE MEXICO, S. DE R.L. DE C.V.",0.0,0.0,0.0,0.0,1313178.0,1313178.0
106830,15/06/2024,2024,6,C629,VIRGIN MOBILE,C0629,VIRGIN MOBILE,"VIRGIN MOBILE MEXICO, S. DE R.L. DE C.V.",0.0,0.0,0.0,0.0,1286966.0,1286966.0
106830,15/07/2024,2024,7,C629,VIRGIN MOBILE,C0629,VIRGIN MOBILE,"VIRGIN MOBILE MEXICO, S. DE R.L. DE C.V.",0.0,0.0,0.0,0.0,1242475.0,1242475.0
106830,15/08/2024,2024,8,C629,VIRGIN MOBILE,C0629,VIRGIN MOBILE,"VIRGIN MOBILE MEXICO, S. DE R.L. DE C.V.",0.0,0.0,0.0,0.0,938811.0,938811.0
106830,15/09/2024,2024,9,C629,VIRGIN MOBILE,C0629,VIRGIN MOBILE,"VIRGIN MOBILE MEXICO, S. DE R.L. DE C.V.",0.0,0.0,0.0,0.0,925882.0,925882.0
106830,15/10/2024,2024,10,C629,VIRGIN MOBILE,C0629,VIRGIN MOBILE,"VIRGIN MOBILE MEXICO, S. DE R.L. DE C.V.",0.0,0.0,0.0,0.0,910564.0,910564.0
106830,15/11/2024,2024,11,C629,VIRGIN MOBILE,C0629,VIRGIN MOBILE,"VIRGIN MOBILE MEXICO, S. DE R.L. DE C.V.",0.0,0.0,0.0,0.0,931328.0,931328.0
106830,15/12/2024,2024,12,C629,VIRGIN MOBILE,C0629,VIRGIN MOBILE,"VIRGIN MOBILE MEXICO, S. DE R.L. DE C.V.",0.0,0.0,0.0,0.0,951567.0,951567.0
107239,15/10/2015,2015,10,C656,WEEX,C0656,WEEX,"TRUU INNOVATION, S.A.P.I. DE C.V.",3696.0,0.0,0.0,0.0,,3696.0
107239,15/11/2015,2015,11,C656,WEEX,C0656,WEEX,"TRUU INNOVATION, S.A.P.I. DE C.V.",6844.0,0.0,0.0,0.0,,6844.0
107239,15/12/2015,2015,12,C656,WEEX,C0656,WEEX,"TRUU INNOVATION, S.A.P.I. DE C.V.",9148.0,0.0,0.0,0.0,,9148.0
107239,15/01/2016,2016,1,C656,WEEX,C0656,WEEX,"TRUU INNOVATION, S.A.P.I. DE C.V.",12802.0,0.0,0.0,0.0,,12802.0
107239,15/02/2016,2016,2,C656,WEEX,C0656,WEEX,"TRUU INNOVATION, S.A.P.I. DE C.V.",15674.0,0.0,0.0,0.0,,15674.0
107239,15/03/2016,2016,3,C656,WEEX,C0656,WEEX,"TRUU INNOVATION, S.A.P.I. DE C.V.",23628.0,0.0,0.0,0.0,,23628.0
107239,15/04/2016,2016,4,C656,WEEX,C0656,WEEX,"TRUU INNOVATION, S.A.P.I. DE C.V.",28255.0,0.0,0.0,0.0,,28255.0
107239,15/05/2016,2016,5,C656,WEEX,C0656,WEEX,"TRUU INNOVATION, S.A.P.I. DE C.V.",32380.0,0.0,0.0,0.0,,32380.0
107239,15/06/2016,2016,6,C656,WEEX,C0656,WEEX,"TRUU INNOVATION, S.A.P.I. DE C.V.",36292.0,0.0,0.0,0.0,,36292.0
107239,15/07/2016,2016,7,C656,WEEX,C0656,WEEX,"TRUU INNOVATION, S.A.P.I. DE C.V.",44023.0,0.0,0.0,0.0,,44023.0
107239,15/08/2016,2016,8,C656,WEEX,C0656,WEEX,"TRUU INNOVATION, S.A.P.I. DE C.V.",66539.0,0.0,0.0,0.0,,66539.0
107239,15/09/2016,2016,9,C656,WEEX,C0656,WEEX,"TRUU INNOVATION, S.A.P.I. DE C.V.",76940.0,0.0,0.0,0.0,,76940.0
107239,15/10/2016,2016,10,C656,WEEX,C0656,WEEX,"TRUU INNOVATION, S.A.P.I. DE C.V.",101517.0,0.0,0.0,0.0,,101517.0
107239,15/11/2016,2016,11,C656,WEEX,C0656,WEEX,"TRUU INNOVATION, S.A.P.I. DE C.V.",118185.0,0.0,0.0,0.0,,118185.0
107239,15/12/2016,2016,12,C656,WEEX,C0656,WEEX,"TRUU INNOVATION, S.A.P.I. DE C.V.",129631.0,0.0,0.0,0.0,,129631.0
107239,15/01/2017,2017,1,C656,WEEX,C0656,WEEX,"TRUU INNOVATION, S.A.P.I. DE C.V.",146129.0,0.0,0.0,0.0,,146129.0
107239,15/02/2017,2017,2,C656,WEEX,C0656,WEEX,"TRUU INNOVATION, S.A.P.I. DE C.V.",148499.0,0.0,0.0,0.0,,148499.0
107239,15/03/2017,2017,3,C656,WEEX,C0656,WEEX,"TRUU INNOVATION, S.A.P.I. DE C.V.",150122.0,0.0,0.0,0.0,,150122.0
107239,15/04/2017,2017,4,C656,WEEX,C0656,WEEX,"TRUU INNOVATION, S.A.P.I. DE C.V.",150807.0,0.0,0.0,0.0,,150807.0
107239,15/05/2017,2017,5,C656,WEEX,C0656,WEEX,"TRUU INNOVATION, S.A.P.I. DE C.V.",155962.0,0.0,0.0,0.0,,155962.0
107239,15/06/2017,2017,6,C656,WEEX,C0656,WEEX,"TRUU INNOVATION, S.A.P.I. DE C.V.",159572.0,0.0,0.0,0.0,,159572.0
107239,15/07/2017,2017,7,C656,WEEX,C0656,WEEX,"TRUU INNOVATION, S.A.P.I. DE C.V.",154136.0,0.0,0.0,0.0,,154136.0
107239,15/08/2017,2017,8,C656,WEEX,C0656,WEEX,"TRUU INNOVATION, S.A.P.I. DE C.V.",152604.0,0.0,0.0,0.0,,152604.0
107239,15/09/2017,2017,9,C656,WEEX,C0656,WEEX,"TRUU INNOVATION, S.A.P.I. DE C.V.",148747.0,0.0,0.0,0.0,,148747.0
107239,15/10/2017,2017,10,C656,WEEX,C0656,WEEX,"TRUU INNOVATION, S.A.P.I. DE C.V.",143267.0,0.0,0.0,0.0,,143267.0
107239,15/11/2017,2017,11,C656,WEEX,C0656,WEEX,"TRUU INNOVATION, S.A.P.I. DE C.V.",139736.0,0.0,0.0,0.0,,139736.0
107239,15/12/2017,2017,12,C656,WEEX,C0656,WEEX,"TRUU INNOVATION, S.A.P.I. DE C.V.",136738.0,0.0,0.0,0.0,,136738.0
107239,15/01/2018,2018,1,C656,WEEX,C0656,WEEX,"TRUU INNOVATION, S.A.P.I. DE C.V.",136691.0,0.0,0.0,0.0,,136691.0
107239,15/02/2018,2018,2,C656,WEEX,C0656,WEEX,"TRUU INNOVATION, S.A.P.I. DE C.V.",139882.0,0.0,0.0,0.0,,139882.0
107239,15/03/2018,2018,3,C656,WEEX,C0656,WEEX,"TRUU INNOVATION, S.A.P.I. DE C.V.",143957.0,0.0,0.0,0.0,,143957.0
107239,15/04/2018,2018,4,C656,WEEX,C0656,WEEX,"TRUU INNOVATION, S.A.P.I. DE C.V.",153250.0,0.0,0.0,0.0,,153250.0
107239,15/05/2018,2018,5,C656,WEEX,C0656,WEEX,"TRUU INNOVATION, S.A.P.I. DE C.V.",158479.0,0.0,0.0,0.0,,158479.0
107239,15/06/2018,2018,6,C656,WEEX,C0656,WEEX,"TRUU INNOVATION, S.A.P.I. DE C.V.",160416.0,0.0,0.0,0.0,,160416.0
107239,15/07/2018,2018,7,C656,WEEX,C0656,WEEX,"TRUU INNOVATION, S.A.P.I. DE C.V.",150337.0,0.0,0.0,0.0,,150337.0
107239,15/08/2018,2018,8,C656,WEEX,C0656,WEEX,"TRUU INNOVATION, S.A.P.I. DE C.V.",149888.0,0.0,0.0,0.0,,149888.0
107239,15/09/2018,2018,9,C656,WEEX,C0656,WEEX,"TRUU INNOVATION, S.A.P.I. DE C.V.",150978.0,0.0,0.0,0.0,,150978.0
107239,15/10/2018,2018,10,C656,WEEX,C0656,WEEX,"TRUU INNOVATION, S.A.P.I. DE C.V.",150877.0,0.0,0.0,0.0,,150877.0
107239,15/11/2018,2018,11,C656,WEEX,C0656,WEEX,"TRUU INNOVATION, S.A.P.I. DE C.V.",150462.0,0.0,0.0,0.0,,150462.0
107239,15/12/2018,2018,12,C656,WEEX,C0656,WEEX,"TRUU INNOVATION, S.A.P.I. DE C.V.",147115.0,0.0,0.0,0.0,,147115.0
107239,15/01/2019,2019,1,C656,WEEX,C0656,WEEX,"TRUU INNOVATION, S.A.P.I. DE C.V.",144473.0,0.0,0.0,0.0,,144473.0
107239,15/02/2019,2019,2,C656,WEEX,C0656,WEEX,"TRUU INNOVATION, S.A.P.I. DE C.V.",141633.0,0.0,0.0,0.0,,141633.0
107239,15/03/2019,2019,3,C656,WEEX,C0656,WEEX,"TRUU INNOVATION, S.A.P.I. DE C.V.",138201.0,0.0,0.0,0.0,,138201.0
107239,15/04/2019,2019,4,C656,WEEX,C0656,WEEX,"TRUU INNOVATION, S.A.P.I. DE C.V.",136237.0,0.0,0.0,0.0,,136237.0
107239,15/05/2019,2019,5,C656,WEEX,C0656,WEEX,"TRUU INNOVATION, S.A.P.I. DE C.V.",134579.0,0.0,0.0,0.0,,134579.0
107239,15/06/2019,2019,6,C656,WEEX,C0656,WEEX,"TRUU INNOVATION, S.A.P.I. DE C.V.",134035.0,0.0,0.0,0.0,,134035.0
107239,15/07/2019,2019,7,C656,WEEX,C0656,WEEX,"TRUU INNOVATION, S.A.P.I. DE C.V.",132389.0,0.0,0.0,0.0,,132389.0
107239,15/08/2019,2019,8,C656,WEEX,C0656,WEEX,"TRUU INNOVATION, S.A.P.I. DE C.V.",131720.0,0.0,0.0,0.0,,131720.0
107239,15/09/2019,2019,9,C656,WEEX,C0656,WEEX,"TRUU INNOVATION, S.A.P.I. DE C.V.",129899.0,0.0,0.0,0.0,,129899.0
107239,15/10/2019,2019,10,C656,WEEX,C0656,WEEX,"TRUU INNOVATION, S.A.P.I. DE C.V.",126464.0,0.0,0.0,0.0,,126464.0
107239,15/11/2019,2019,11,C656,WEEX,C0656,WEEX,"TRUU INNOVATION, S.A.P.I. DE C.V.",124004.0,0.0,0.0,0.0,,124004.0
107239,15/12/2019,2019,12,C656,WEEX,C0656,WEEX,"TRUU INNOVATION, S.A.P.I. DE C.V.",121509.0,0.0,0.0,0.0,,121509.0
107239,15/01/2020,2020,1,C656,WEEX,C0656,WEEX,"TRUU INNOVATION, S.A.P.I. DE C.V.",119626.0,0.0,0.0,0.0,,119626.0
107239,15/02/2020,2020,2,C656,WEEX,C0656,WEEX,"TRUU INNOVATION, S.A.P.I. DE C.V.",122982.0,0.0,0.0,0.0,,122982.0
107239,15/03/2020,2020,3,C656,WEEX,C0656,WEEX,"TRUU INNOVATION, S.A.P.I. DE C.V.",125798.0,0.0,0.0,0.0,,125798.0
107239,15/04/2020,2020,4,C656,WEEX,C0656,WEEX,"TRUU INNOVATION, S.A.P.I. DE C.V.",121516.0,0.0,0.0,0.0,,121516.0
107239,15/05/2020,2020,5,C656,WEEX,C0656,WEEX,"TRUU INNOVATION, S.A.P.I. DE C.V.",111258.0,0.0,0.0,0.0,,111258.0
107239,15/06/2020,2020,6,C656,WEEX,C0656,WEEX,"TRUU INNOVATION, S.A.P.I. DE C.V.",102999.0,0.0,0.0,0.0,,102999.0
107239,15/07/2020,2020,7,C656,WEEX,C0656,WEEX,"TRUU INNOVATION, S.A.P.I. DE C.V.",101560.0,0.0,0.0,0.0,,101560.0
107239,15/08/2020,2020,8,C656,WEEX,C0656,WEEX,"TRUU INNOVATION, S.A.P.I. DE C.V.",101852.0,0.0,0.0,0.0,,101852.0
107239,15/09/2020,2020,9,C656,WEEX,C0656,WEEX,"TRUU INNOVATION, S.A.P.I. DE C.V.",101021.0,0.0,0.0,0.0,,101021.0
107239,15/10/2020,2020,10,C656,WEEX,C0656,WEEX,"TRUU INNOVATION, S.A.P.I. DE C.V.",99586.0,0.0,0.0,0.0,,99586.0
107239,15/11/2020,2020,11,C656,WEEX,C0656,WEEX,"TRUU INNOVATION, S.A.P.I. DE C.V.",97750.0,0.0,0.0,0.0,,97750.0
107239,15/12/2020,2020,12,C656,WEEX,C0656,WEEX,"TRUU INNOVATION, S.A.P.I. DE C.V.",97624.0,0.0,0.0,0.0,,97624.0
518870,15/01/2021,2021,1,C656,WEEX,C0566,WEEX,"COMRELOADED, S.A.P.I. DE C.V.",0.0,0.0,0.0,0.0,51356.0,51356.0
518870,15/02/2021,2021,2,C656,WEEX,C0566,WEEX,"COMRELOADED, S.A.P.I. DE C.V.",0.0,0.0,0.0,0.0,49127.0,49127.0
518870,15/03/2021,2021,3,C656,WEEX,C0566,WEEX,"COMRELOADED, S.A.P.I. DE C.V.",0.0,0.0,0.0,0.0,52200.0,52200.0
518870,15/07/2021,2021,7,C656,WEEX,C0566,WEEX,"COMRELOADED, S.A.P.I. DE C.V.",0.0,0.0,0.0,0.0,53153.0,53153.0
518870,15/08/2021,2021,8,C656,WEEX,C0566,WEEX,"COMRELOADED, S.A.P.I. DE C.V.",0.0,0.0,0.0,0.0,54034.0,54034.0
518870,15/09/2021,2021,9,C656,WEEX,C0566,WEEX,"COMRELOADED, S.A.P.I. DE C.V.",0.0,0.0,0.0,0.0,54145.0,54145.0
518870,15/10/2021,2021,10,C656,WEEX,C0566,WEEX,"COMRELOADED, S.A.P.I. DE C.V.",0.0,0.0,0.0,0.0,54024.0,54024.0
518870,15/11/2021,2021,11,C656,WEEX,C0566,WEEX,"COMRELOADED, S.A.P.I. DE C.V.",0.0,0.0,0.0,0.0,52745.0,52745.0
518870,15/12/2021,2021,12,C656,WEEX,C0566,WEEX,"COMRELOADED, S.A.P.I. DE C.V.",0.0,0.0,0.0,0.0,53277.0,53277.0
518870,15/01/2022,2022,1,C656,WEEX,C0566,WEEX,"COMRELOADED, S.A.P.I. DE C.V.",0.0,0.0,0.0,0.0,53804.0,53804.0
518870,15/02/2022,2022,2,C656,WEEX,C0566,WEEX,"COMRELOADED, S.A.P.I. DE C.V.",0.0,0.0,0.0,0.0,52608.0,52608.0
518870,15/03/2022,2022,3,C656,WEEX,C0566,WEEX,"COMRELOADED, S.A.P.I. DE C.V.",0.0,0.0,0.0,0.0,54041.0,54041.0
518870,15/04/2022,2022,4,C656,WEEX,C0566,WEEX,"COMRELOADED, S.A.P.I. DE C.V.",0.0,0.0,0.0,0.0,52151.0,52151.0
518870,15/05/2022,2022,5,C656,WEEX,C0566,WEEX,"COMRELOADED, S.A.P.I. DE C.V.",0.0,0.0,0.0,0.0,52383.0,52383.0
518870,15/06/2022,2022,6,C656,WEEX,C0566,WEEX,"COMRELOADED, S.A.P.I. DE C.V.",0.0,0.0,0.0,0.0,52138.0,52138.0
518870,15/07/2022,2022,7,C656,WEEX,C0566,WEEX,"COMRELOADED, S.A.P.I. DE C.V.",0.0,0.0,0.0,0.0,53676.0,53676.0
518870,15/08/2022,2022,8,C656,WEEX,C0566,WEEX,"COMRELOADED, S.A.P.I. DE C.V.",0.0,0.0,0.0,0.0,52320.0,52320.0
518870,15/09/2022,2022,9,C656,WEEX,C0566,WEEX,"COMRELOADED, S.A.P.I. DE C.V.",0.0,0.0,0.0,0.0,53562.0,53562.0
518870,15/10/2022,2022,10,C656,WEEX,C0566,WEEX,"COMRELOADED, S.A.P.I. DE C.V.",0.0,0.0,0.0,0.0,52586.0,52586.0
518870,15/11/2022,2022,11,C656,WEEX,C0566,WEEX,"COMRELOADED, S.A.P.I. DE C.V.",0.0,0.0,0.0,0.0,51685.0,51685.0
518870,15/12/2022,2022,12,C656,WEEX,C0566,WEEX,"COMRELOADED, S.A.P.I. DE C.V.",0.0,0.0,0.0,0.0,52766.0,52766.0
518870,15/01/2023,2023,1,C656,WEEX,C0566,WEEX,"COMRELOADED, S.A.P.I. DE C.V.",0.0,0.0,0.0,0.0,54016.0,54016.0
518870,15/02/2023,2023,2,C656,WEEX,C0566,WEEX,"COMRELOADED, S.A.P.I. DE C.V.",0.0,0.0,0.0,0.0,53090.0,53090.0
518870,15/03/2023,2023,3,C656,WEEX,C0566,WEEX,"COMRELOADED, S.A.P.I. DE C.V.",0.0,0.0,0.0,0.0,53336.0,53336.0
518870,15/07/2023,2023,7,C656,WEEX,C0566,WEEX,"COMRELOADED, S.A.P.I. DE C.V.",0.0,0.0,0.0,0.0,53763.0,53763.0
518870,15/08/2023,2023,8,C656,WEEX,C0566,WEEX,"COMRELOADED, S.A.P.I. DE C.V.",0.0,0.0,0.0,0.0,53511.0,53511.0
518870,15/09/2023,2023,9,C656,WEEX,C0566,WEEX,"COMRELOADED, S.A.P.I. DE C.V.",0.0,0.0,0.0,0.0,54142.0,54142.0
518870,15/10/2023,2023,10,C656,WEEX,C0566,WEEX,"COMRELOADED, S.A.P.I. DE C.V.",0.0,0.0,0.0,0.0,54537.0,54537.0
518870,15/11/2023,2023,11,C656,WEEX,C0566,WEEX,"COMRELOADED, S.A.P.I. DE C.V.",0.0,0.0,0.0,0.0,53691.0,53691.0
518870,15/12/2023,2023,12,C656,WEEX,C0566,WEEX,"COMRELOADED, S.A.P.I. DE C.V.",0.0,0.0,0.0,0.0,51879.0,51879.0
518870,15/01/2024,2024,1,C656,WEEX,C0566,WEEX,"COMRELOADED, S.A.P.I. DE C.V.",0.0,0.0,0.0,0.0,51735.0,51735.0
518870,15/02/2024,2024,2,C656,WEEX,C0566,WEEX,"COMRELOADED, S.A.P.I. DE C.V.",0.0,0.0,0.0,0.0,51120.0,51120.0
518870,15/03/2024,2024,3,C656,WEEX,C0566,WEEX,"COMRELOADED, S.A.P.I. DE C.V.",0.0,0.0,0.0,0.0,51755.0,51755.0
518870,15/04/2024,2024,4,C656,WEEX,C0566,WEEX,"COMRELOADED, S.A.P.I. DE C.V.",0.0,0.0,0.0,0.0,51432.0,51432.0
518870,15/05/2024,2024,5,C656,WEEX,C0566,WEEX,"COMRELOADED, S.A.P.I. DE C.V.",0.0,0.0,0.0,0.0,47432.0,47432.0
518870,15/06/2024,2024,6,C656,WEEX,C0566,WEEX,"COMRELOADED, S.A.P.I. DE C.V.",0.0,0.0,0.0,0.0,49508.0,49508.0
518870,15/07/2024,2024,7,C656,WEEX,C0566,WEEX,"COMRELOADED, S.A.P.I. DE C.V.",0.0,0.0,0.0,0.0,50021.0,50021.0
518870,15/08/2024,2024,8,C656,WEEX,C0566,WEEX,"COMRELOADED, S.A.P.I. DE C.V.",0.0,0.0,0.0,0.0,47772.0,47772.0
518870,15/09/2024,2024,9,C656,WEEX,C0566,WEEX,"COMRELOADED, S.A.P.I. DE C.V.",0.0,0.0,0.0,0.0,47816.0,47816.0
518870,15/10/2024,2024,10,C656,WEEX,C0566,WEEX,"COMRELOADED, S.A.P.I. DE C.V.",0.0,0.0,0.0,0.0,48904.0,48904.0
518870,15/11/2024,2024,11,C656,WEEX,C0566,WEEX,"COMRELOADED, S.A.P.I. DE C.V.",0.0,0.0,0.0,0.0,49044.0,49044.0
518870,15/12/2024,2024,12,C656,WEEX,C0566,WEEX,"COMRELOADED, S.A.P.I. DE C.V.",0.0,0.0,0.0,0.0,46628.0,46628.0
518633,15/01/2021,2021,1,C758,WIMOTELECOM,C0758,WIMOTELECOM,"WIMOTELECOM, S.A. DE C.V.",0.0,0.0,0.0,0.0,8000.0,8000.0
518633,15/02/2021,2021,2,C758,WIMOTELECOM,C0758,WIMOTELECOM,"WIMOTELECOM, S.A. DE C.V.",0.0,0.0,0.0,0.0,10330.0,10330.0
518633,15/03/2021,2021,3,C758,WIMOTELECOM,C0758,WIMOTELECOM,"WIMOTELECOM, S.A. DE C.V.",0.0,0.0,0.0,0.0,12890.0,12890.0
518633,15/04/2021,2021,4,C758,WIMOTELECOM,C0758,WIMOTELECOM,"WIMOTELECOM, S.A. DE C.V.",0.0,0.0,0.0,0.0,13912.0,13912.0
518633,15/05/2021,2021,5,C758,WIMOTELECOM,C0758,WIMOTELECOM,"WIMOTELECOM, S.A. DE C.V.",0.0,0.0,0.0,0.0,14645.0,14645.0
518633,15/06/2021,2021,6,C758,WIMOTELECOM,C0758,WIMOTELECOM,"WIMOTELECOM, S.A. DE C.V.",0.0,0.0,0.0,0.0,14810.0,14810.0
518633,15/07/2021,2021,7,C758,WIMOTELECOM,C0758,WIMOTELECOM,"WIMOTELECOM, S.A. DE C.V.",0.0,0.0,0.0,0.0,14622.0,14622.0
518633,15/08/2021,2021,8,C758,WIMOTELECOM,C0758,WIMOTELECOM,"WIMOTELECOM, S.A. DE C.V.",0.0,0.0,0.0,0.0,16631.0,16631.0
518633,15/09/2021,2021,9,C758,WIMOTELECOM,C0758,WIMOTELECOM,"WIMOTELECOM, S.A. DE C.V.",0.0,0.0,0.0,0.0,14591.0,14591.0
518633,15/10/2021,2021,10,C758,WIMOTELECOM,C0758,WIMOTELECOM,"WIMOTELECOM, S.A. DE C.V.",0.0,0.0,0.0,0.0,3645.0,3645.0
518633,15/11/2021,2021,11,C758,WIMOTELECOM,C0758,WIMOTELECOM,"WIMOTELECOM, S.A. DE C.V.",0.0,0.0,0.0,0.0,3872.0,3872.0
518633,15/12/2021,2021,12,C758,WIMOTELECOM,C0758,WIMOTELECOM,"WIMOTELECOM, S.A. DE C.V.",0.0,0.0,0.0,0.0,4177.0,4177.0
518633,15/01/2022,2022,1,C758,WIMOTELECOM,C0758,WIMOTELECOM,"WIMOTELECOM, S.A. DE C.V.",0.0,0.0,0.0,0.0,5599.0,5599.0
518633,15/02/2022,2022,2,C758,WIMOTELECOM,C0758,WIMOTELECOM,"WIMOTELECOM, S.A. DE C.V.",0.0,0.0,0.0,0.0,3783.0,3783.0
518633,15/03/2022,2022,3,C758,WIMOTELECOM,C0758,WIMOTELECOM,"WIMOTELECOM, S.A. DE C.V.",0.0,0.0,0.0,0.0,4058.0,4058.0
518633,15/04/2022,2022,4,C758,WIMOTELECOM,C0758,WIMOTELECOM,"WIMOTELECOM, S.A. DE C.V.",0.0,0.0,0.0,0.0,4275.0,4275.0
518633,15/05/2022,2022,5,C758,WIMOTELECOM,C0758,WIMOTELECOM,"WIMOTELECOM, S.A. DE C.V.",0.0,0.0,0.0,0.0,4495.0,4495.0
518633,15/06/2022,2022,6,C758,WIMOTELECOM,C0758,WIMOTELECOM,"WIMOTELECOM, S.A. DE C.V.",0.0,0.0,0.0,0.0,4735.0,4735.0
518633,15/07/2022,2022,7,C758,WIMOTELECOM,C0758,WIMOTELECOM,"WIMOTELECOM, S.A. DE C.V.",0.0,0.0,0.0,0.0,4947.0,4947.0
518633,15/08/2022,2022,8,C758,WIMOTELECOM,C0758,WIMOTELECOM,"WIMOTELECOM, S.A. DE C.V.",0.0,0.0,0.0,0.0,5129.0,5129.0
518633,15/09/2022,2022,9,C758,WIMOTELECOM,C0758,WIMOTELECOM,"WIMOTELECOM, S.A. DE C.V.",0.0,0.0,0.0,0.0,5257.0,5257.0
518633,15/10/2022,2022,10,C758,WIMOTELECOM,C0758,WIMOTELECOM,"WIMOTELECOM, S.A. DE C.V.",0.0,0.0,0.0,0.0,5466.0,5466.0
518633,15/11/2022,2022,11,C758,WIMOTELECOM,C0758,WIMOTELECOM,"WIMOTELECOM, S.A. DE C.V.",0.0,0.0,0.0,0.0,5695.0,5695.0
518633,15/12/2022,2022,12,C758,WIMOTELECOM,C0758,WIMOTELECOM,"WIMOTELECOM, S.A. DE C.V.",0.0,0.0,0.0,0.0,5759.0,5759.0
518633,15/01/2023,2023,1,C758,WIMOTELECOM,C0758,WIMOTELECOM,"WIMOTELECOM, S.A. DE C.V.",0.0,0.0,0.0,0.0,38470.0,38470.0
518633,15/02/2023,2023,2,C758,WIMOTELECOM,C0758,WIMOTELECOM,"WIMOTELECOM, S.A. DE C.V.",0.0,0.0,0.0,0.0,21811.0,21811.0
518633,15/03/2023,2023,3,C758,WIMOTELECOM,C0758,WIMOTELECOM,"WIMOTELECOM, S.A. DE C.V.",0.0,0.0,0.0,0.0,22895.0,22895.0
518633,15/04/2023,2023,4,C758,WIMOTELECOM,C0758,WIMOTELECOM,"WIMOTELECOM, S.A. DE C.V.",0.0,0.0,0.0,0.0,20680.0,20680.0
518633,15/05/2023,2023,5,C758,WIMOTELECOM,C0758,WIMOTELECOM,"WIMOTELECOM, S.A. DE C.V.",0.0,0.0,0.0,0.0,22203.0,22203.0
518633,15/06/2023,2023,6,C758,WIMOTELECOM,C0758,WIMOTELECOM,"WIMOTELECOM, S.A. DE C.V.",0.0,0.0,0.0,0.0,23798.0,23798.0
518633,15/07/2023,2023,7,C758,WIMOTELECOM,C0758,WIMOTELECOM,"WIMOTELECOM, S.A. DE C.V.",0.0,0.0,0.0,0.0,2485.0,2485.0
518633,15/08/2023,2023,8,C758,WIMOTELECOM,C0758,WIMOTELECOM,"WIMOTELECOM, S.A. DE C.V.",0.0,0.0,0.0,0.0,2535.0,2535.0
518633,15/09/2023,2023,9,C758,WIMOTELECOM,C0758,WIMOTELECOM,"WIMOTELECOM, S.A. DE C.V.",0.0,0.0,0.0,0.0,2686.0,2686.0
518633,15/10/2023,2023,10,C758,WIMOTELECOM,C0758,WIMOTELECOM,"WIMOTELECOM, S.A. DE C.V.",0.0,0.0,0.0,0.0,30153.0,30153.0
518633,15/11/2023,2023,11,C758,WIMOTELECOM,C0758,WIMOTELECOM,"WIMOTELECOM, S.A. DE C.V.",0.0,0.0,0.0,0.0,31569.0,31569.0
518633,15/12/2023,2023,12,C758,WIMOTELECOM,C0758,WIMOTELECOM,"WIMOTELECOM, S.A. DE C.V.",0.0,0.0,0.0,0.0,33533.0,33533.0
518633,15/01/2024,2024,1,C758,WIMOTELECOM,C0758,WIMOTELECOM,"WIMOTELECOM, S.A. DE C.V.",0.0,0.0,0.0,0.0,35086.0,35086.0
518633,15/02/2024,2024,2,C758,WIMOTELECOM,C0758,WIMOTELECOM,"WIMOTELECOM, S.A. DE C.V.",0.0,0.0,0.0,0.0,35816.0,35816.0
518633,15/03/2024,2024,3,C758,WIMOTELECOM,C0758,WIMOTELECOM,"WIMOTELECOM, S.A. DE C.V.",0.0,0.0,0.0,0.0,25952.0,25952.0
518633,15/04/2024,2024,4,C758,WIMOTELECOM,C0758,WIMOTELECOM,"WIMOTELECOM, S.A. DE C.V.",0.0,0.0,0.0,0.0,1643.0,1643.0
518633,15/05/2024,2024,5,C758,WIMOTELECOM,C0758,WIMOTELECOM,"WIMOTELECOM, S.A. DE C.V.",0.0,0.0,0.0,0.0,1656.0,1656.0
518633,15/06/2024,2024,6,C758,WIMOTELECOM,C0758,WIMOTELECOM,"WIMOTELECOM, S.A. DE C.V.",0.0,0.0,0.0,0.0,1663.0,1663.0
518633,15/07/2024,2024,7,C758,WIMOTELECOM,C0758,WIMOTELECOM,"WIMOTELECOM, S.A. DE C.V.",0.0,0.0,0.0,0.0,28954.0,28954.0
518633,15/08/2024,2024,8,C758,WIMOTELECOM,C0758,WIMOTELECOM,"WIMOTELECOM, S.A. DE C.V.",0.0,0.0,0.0,0.0,29778.0,29778.0
518633,15/09/2024,2024,9,C758,WIMOTELECOM,C0758,WIMOTELECOM,"WIMOTELECOM, S.A. DE C.V.",0.0,0.0,0.0,0.0,30624.0,30624.0
518633,15/10/2024,2024,10,C758,WIMOTELECOM,C0758,WIMOTELECOM,"WIMOTELECOM, S.A. DE C.V.",0.0,0.0,0.0,0.0,1768.0,1768.0
518633,15/11/2024,2024,11,C758,WIMOTELECOM,C0758,WIMOTELECOM,"WIMOTELECOM, S.A. DE C.V.",0.0,0.0,0.0,0.0,1772.0,1772.0
518633,15/12/2024,2024,12,C758,WIMOTELECOM,C0758,WIMOTELECOM,"WIMOTELECOM, S.A. DE C.V.",0.0,0.0,0.0,0.0,1785.0,1785.0
517038,15/12/2019,2019,12,C747,YOBI TELECOM,C0747,YOBI TELECOM,"CELMAX MOVIL, S.A. DE C.V.",14234.0,0.0,0.0,0.0,,14234.0
517038,15/01/2020,2020,1,C747,YOBI TELECOM,C0747,YOBI TELECOM,"CELMAX MOVIL, S.A. DE C.V.",17954.0,0.0,0.0,0.0,,17954.0
517038,15/02/2020,2020,2,C747,YOBI TELECOM,C0747,YOBI TELECOM,"CELMAX MOVIL, S.A. DE C.V.",17093.0,0.0,0.0,0.0,,17093.0
517038,15/03/2020,2020,3,C747,YOBI TELECOM,C0747,YOBI TELECOM,"CELMAX MOVIL, S.A. DE C.V.",17334.0,0.0,0.0,0.0,,17334.0
517038,15/04/2020,2020,4,C747,YOBI TELECOM,C0747,YOBI TELECOM,"CELMAX MOVIL, S.A. DE C.V.",16717.0,0.0,0.0,0.0,,16717.0
517038,15/05/2020,2020,5,C747,YOBI TELECOM,C0747,YOBI TELECOM,"CELMAX MOVIL, S.A. DE C.V.",17064.0,0.0,0.0,0.0,,17064.0
517038,15/06/2020,2020,6,C747,YOBI TELECOM,C0747,YOBI TELECOM,"CELMAX MOVIL, S.A. DE C.V.",19325.0,0.0,0.0,0.0,,19325.0
517038,15/07/2020,2020,7,C747,YOBI TELECOM,C0747,YOBI TELECOM,"CELMAX MOVIL, S.A. DE C.V.",20908.0,0.0,0.0,0.0,,20908.0
517038,15/08/2020,2020,8,C747,YOBI TELECOM,C0747,YOBI TELECOM,"CELMAX MOVIL, S.A. DE C.V.",23134.0,0.0,0.0,0.0,,23134.0
517038,15/09/2020,2020,9,C747,YOBI TELECOM,C0747,YOBI TELECOM,"CELMAX MOVIL, S.A. DE C.V.",24685.0,0.0,0.0,0.0,,24685.0
517038,15/10/2020,2020,10,C747,YOBI TELECOM,C0747,YOBI TELECOM,"CELMAX MOVIL, S.A. DE C.V.",26641.0,0.0,0.0,0.0,,26641.0
517038,15/11/2020,2020,11,C747,YOBI TELECOM,C0747,YOBI TELECOM,"CELMAX MOVIL, S.A. DE C.V.",31491.0,0.0,0.0,0.0,,31491.0
517038,15/12/2020,2020,12,C747,YOBI TELECOM,C0747,YOBI TELECOM,"CELMAX MOVIL, S.A. DE C.V.",35429.0,0.0,0.0,0.0,,35429.0
517038,15/01/2021,2021,1,C747,YOBI TELECOM,C0747,YOBI TELECOM,"CELMAX MOVIL, S.A. DE C.V.",0.0,0.0,0.0,0.0,37710.0,37710.0
517038,15/02/2021,2021,2,C747,YOBI TELECOM,C0747,YOBI TELECOM,"CELMAX MOVIL, S.A. DE C.V.",0.0,0.0,0.0,0.0,39680.0,39680.0
517038,15/03/2021,2021,3,C747,YOBI TELECOM,C0747,YOBI TELECOM,"CELMAX MOVIL, S.A. DE C.V.",0.0,0.0,0.0,0.0,46242.0,46242.0
517038,15/04/2021,2021,4,C747,YOBI TELECOM,C0747,YOBI TELECOM,"CELMAX MOVIL, S.A. DE C.V.",0.0,0.0,0.0,0.0,53144.0,53144.0
517038,15/05/2021,2021,5,C747,YOBI TELECOM,C0747,YOBI TELECOM,"CELMAX MOVIL, S.A. DE C.V.",0.0,0.0,0.0,0.0,57570.0,57570.0
517038,15/06/2021,2021,6,C747,YOBI TELECOM,C0747,YOBI TELECOM,"CELMAX MOVIL, S.A. DE C.V.",0.0,0.0,0.0,0.0,68031.0,68031.0
517038,15/07/2021,2021,7,C747,YOBI TELECOM,C0747,YOBI TELECOM,"CELMAX MOVIL, S.A. DE C.V.",0.0,0.0,0.0,0.0,71174.0,71174.0
517038,15/08/2021,2021,8,C747,YOBI TELECOM,C0747,YOBI TELECOM,"CELMAX MOVIL, S.A. DE C.V.",0.0,0.0,0.0,0.0,75357.0,75357.0
517038,15/09/2021,2021,9,C747,YOBI TELECOM,C0747,YOBI TELECOM,"CELMAX MOVIL, S.A. DE C.V.",0.0,0.0,0.0,0.0,78099.0,78099.0
517038,15/10/2021,2021,10,C747,YOBI TELECOM,C0747,YOBI TELECOM,"CELMAX MOVIL, S.A. DE C.V.",0.0,0.0,0.0,0.0,78754.0,78754.0
517038,15/11/2021,2021,11,C747,YOBI TELECOM,C0747,YOBI TELECOM,"CELMAX MOVIL, S.A. DE C.V.",0.0,0.0,0.0,0.0,81406.0,81406.0
517038,15/12/2021,2021,12,C747,YOBI TELECOM,C0747,YOBI TELECOM,"CELMAX MOVIL, S.A. DE C.V.",0.0,0.0,0.0,0.0,86457.0,86457.0
517038,15/01/2022,2022,1,C747,YOBI TELECOM,C0747,YOBI TELECOM,"CELMAX MOVIL, S.A. DE C.V.",0.0,0.0,0.0,0.0,90444.0,90444.0
517038,15/02/2022,2022,2,C747,YOBI TELECOM,C0747,YOBI TELECOM,"CELMAX MOVIL, S.A. DE C.V.",0.0,0.0,0.0,0.0,88664.0,88664.0
517038,15/03/2022,2022,3,C747,YOBI TELECOM,C0747,YOBI TELECOM,"CELMAX MOVIL, S.A. DE C.V.",0.0,0.0,0.0,0.0,88402.0,88402.0
517038,15/04/2022,2022,4,C747,YOBI TELECOM,C0747,YOBI TELECOM,"CELMAX MOVIL, S.A. DE C.V.",0.0,0.0,0.0,0.0,88732.0,88732.0
517038,15/05/2022,2022,5,C747,YOBI TELECOM,C0747,YOBI TELECOM,"CELMAX MOVIL, S.A. DE C.V.",0.0,0.0,0.0,0.0,90443.0,90443.0
517038,15/06/2022,2022,6,C747,YOBI TELECOM,C0747,YOBI TELECOM,"CELMAX MOVIL, S.A. DE C.V.",0.0,0.0,0.0,0.0,99306.0,99306.0
517038,15/07/2022,2022,7,C747,YOBI TELECOM,C0747,YOBI TELECOM,"CELMAX MOVIL, S.A. DE C.V.",0.0,0.0,0.0,0.0,101705.0,101705.0
517038,15/08/2022,2022,8,C747,YOBI TELECOM,C0747,YOBI TELECOM,"CELMAX MOVIL, S.A. DE C.V.",0.0,0.0,0.0,0.0,107761.0,107761.0
517038,15/09/2022,2022,9,C747,YOBI TELECOM,C0747,YOBI TELECOM,"CELMAX MOVIL, S.A. DE C.V.",0.0,0.0,0.0,0.0,107387.0,107387.0
517038,15/10/2022,2022,10,C747,YOBI TELECOM,C0747,YOBI TELECOM,"CELMAX MOVIL, S.A. DE C.V.",0.0,0.0,0.0,0.0,110331.0,110331.0
517038,15/11/2022,2022,11,C747,YOBI TELECOM,C0747,YOBI TELECOM,"CELMAX MOVIL, S.A. DE C.V.",0.0,0.0,0.0,0.0,112562.0,112562.0
517038,15/12/2022,2022,12,C747,YOBI TELECOM,C0747,YOBI TELECOM,"CELMAX MOVIL, S.A. DE C.V.",0.0,0.0,0.0,0.0,112748.0,112748.0
517038,15/01/2023,2023,1,C747,YOBI TELECOM,C0747,YOBI TELECOM,"CELMAX MOVIL, S.A. DE C.V.",0.0,0.0,0.0,0.0,111925.0,111925.0
517038,15/02/2023,2023,2,C747,YOBI TELECOM,C0747,YOBI TELECOM,"CELMAX MOVIL, S.A. DE C.V.",0.0,0.0,0.0,0.0,111615.0,111615.0
517038,15/03/2023,2023,3,C747,YOBI TELECOM,C0747,YOBI TELECOM,"CELMAX MOVIL, S.A. DE C.V.",0.0,0.0,0.0,0.0,110901.0,110901.0
517038,15/04/2023,2023,4,C747,YOBI TELECOM,C0747,YOBI TELECOM,"CELMAX MOVIL, S.A. DE C.V.",0.0,0.0,0.0,0.0,113331.0,113331.0
517038,15/05/2023,2023,5,C747,YOBI TELECOM,C0747,YOBI TELECOM,"CELMAX MOVIL, S.A. DE C.V.",0.0,0.0,0.0,0.0,116328.0,116328.0
517038,15/06/2023,2023,6,C747,YOBI TELECOM,C0747,YOBI TELECOM,"CELMAX MOVIL, S.A. DE C.V.",0.0,0.0,0.0,0.0,119723.0,119723.0
517038,15/07/2023,2023,7,C747,YOBI TELECOM,C0747,YOBI TELECOM,"CELMAX MOVIL, S.A. DE C.V.",0.0,0.0,0.0,0.0,120922.0,120922.0
517038,15/08/2023,2023,8,C747,YOBI TELECOM,C0747,YOBI TELECOM,"CELMAX MOVIL, S.A. DE C.V.",0.0,0.0,0.0,0.0,122894.0,122894.0
517038,15/09/2023,2023,9,C747,YOBI TELECOM,C0747,YOBI TELECOM,"CELMAX MOVIL, S.A. DE C.V.",0.0,0.0,0.0,0.0,123790.0,123790.0
517038,15/10/2023,2023,10,C747,YOBI TELECOM,C0747,YOBI TELECOM,"CELMAX MOVIL, S.A. DE C.V.",0.0,0.0,0.0,0.0,125701.0,125701.0
517038,15/11/2023,2023,11,C747,YOBI TELECOM,C0747,YOBI TELECOM,"CELMAX MOVIL, S.A. DE C.V.",0.0,0.0,0.0,0.0,131998.0,131998.0
517038,15/12/2023,2023,12,C747,YOBI TELECOM,C0747,YOBI TELECOM,"CELMAX MOVIL, S.A. DE C.V.",0.0,0.0,0.0,0.0,136135.0,136135.0
517038,15/01/2024,2024,1,C747,YOBI TELECOM,C0747,YOBI TELECOM,"CELMAX MOVIL, S.A. DE C.V.",0.0,0.0,0.0,0.0,134941.0,134941.0
517038,15/02/2024,2024,2,C747,YOBI TELECOM,C0747,YOBI TELECOM,"CELMAX MOVIL, S.A. DE C.V.",0.0,0.0,0.0,0.0,136117.0,136117.0
517038,15/03/2024,2024,3,C747,YOBI TELECOM,C0747,YOBI TELECOM,"CELMAX MOVIL, S.A. DE C.V.",0.0,0.0,0.0,0.0,134328.0,134328.0
517038,15/04/2024,2024,4,C747,YOBI TELECOM,C0747,YOBI TELECOM,"CELMAX MOVIL, S.A. DE C.V.",0.0,0.0,0.0,0.0,139789.0,139789.0
517038,15/05/2024,2024,5,C747,YOBI TELECOM,C0747,YOBI TELECOM,"CELMAX MOVIL, S.A. DE C.V.",0.0,0.0,0.0,0.0,139858.0,139858.0
517038,15/06/2024,2024,6,C747,YOBI TELECOM,C0747,YOBI TELECOM,"CELMAX MOVIL, S.A. DE C.V.",0.0,0.0,0.0,0.0,141434.0,141434.0
517038,15/07/2024,2024,7,C747,YOBI TELECOM,C0747,YOBI TELECOM,"CELMAX MOVIL, S.A. DE C.V.",0.0,0.0,0.0,0.0,142664.0,142664.0
517038,15/08/2024,2024,8,C747,YOBI TELECOM,C0747,YOBI TELECOM,"CELMAX MOVIL, S.A. DE C.V.",0.0,0.0,0.0,0.0,143724.0,143724.0
517038,15/09/2024,2024,9,C747,YOBI TELECOM,C0747,YOBI TELECOM,"CELMAX MOVIL, S.A. DE C.V.",0.0,0.0,0.0,0.0,141770.0,141770.0
517038,15/10/2024,2024,10,C747,YOBI TELECOM,C0747,YOBI TELECOM,"CELMAX MOVIL, S.A. DE C.V.",0.0,0.0,0.0,0.0,145511.0,145511.0
517038,15/11/2024,2024,11,C747,YOBI TELECOM,C0747,YOBI TELECOM,"CELMAX MOVIL, S.A. DE C.V.",0.0,0.0,0.0,0.0,148661.0,148661.0
517038,15/12/2024,2024,12,C747,YOBI TELECOM,C0747,YOBI TELECOM,"CELMAX MOVIL, S.A. DE C.V.",0.0,0.0,0.0,0.0,149855.0,149855.0
518394,15/09/2020,2020,9,C782,YONDER,C0782,YONDER,"YONDER MEDIA MOBILE MEXICO, S. DE R.L. DE C.V.",0.0,0.0,0.0,0.0,83.0,83.0
518394,15/10/2020,2020,10,C782,YONDER,C0782,YONDER,"YONDER MEDIA MOBILE MEXICO, S. DE R.L. DE C.V.",0.0,0.0,0.0,0.0,562.0,562.0
518394,15/11/2020,2020,11,C782,YONDER,C0782,YONDER,"YONDER MEDIA MOBILE MEXICO, S. DE R.L. DE C.V.",0.0,0.0,0.0,0.0,607.0,607.0
518394,15/12/2020,2020,12,C782,YONDER,C0782,YONDER,"YONDER MEDIA MOBILE MEXICO, S. DE R.L. DE C.V.",0.0,0.0,0.0,0.0,6469.0,6469.0
518394,15/01/2022,2022,1,C782,YONDER,C0782,YONDER,"YONDER MEDIA MOBILE MEXICO, S. DE R.L. DE C.V.",0.0,0.0,0.0,0.0,99925.0,99925.0
518394,15/02/2022,2022,2,C782,YONDER,C0782,YONDER,"YONDER MEDIA MOBILE MEXICO, S. DE R.L. DE C.V.",0.0,0.0,0.0,0.0,110533.0,110533.0
518394,15/03/2022,2022,3,C782,YONDER,C0782,YONDER,"YONDER MEDIA MOBILE MEXICO, S. DE R.L. DE C.V.",0.0,0.0,0.0,0.0,119990.0,119990.0
100625,15/03/2025,2025,3,G006,AMERICA MOVIL,C0517,TELCEL,"RADIOMOVIL DIPSA, S.A. DE C.V.",65767685.0,15538243.0,0.0,0.0,0.0,81305928.0
101346,15/03/2025,2025,3,G003,TELEFONICA,C0422,TELEFONICA MOVISTAR,"PEGASO PCS, S.A. DE C.V.",18490194.0,4103859.0,0.0,0.0,0.0,22594053.0
107326,15/03/2025,2025,3,G007,AT&T,C0051,AT&T,"AT&T COMUNICACIONES DIGITALES, S. DE R.L. DE C.V.",17493719.0,5693280.0,0.0,0.0,0.0,23186999.0
100418,15/03/2025,2025,3,G008,MEGACABLE-MCM,C0378,MEGACABLE,"MEGA CABLE, S.A. DE C.V.",13516.0,1615908.0,0.0,0.0,0.0,1629424.0
100770,15/03/2025,2025,3,G004,GRUPO TELEVISA,C0508,SKY/  SKY PREPAGO/  SKY INTERNET,"CORPORACION DE RADIO Y TELEVISION DEL NORTE DE MEXICO, S. DE R.L. DE C.V.",0.0,0.0,0.0,0.0,267.0,267.0
102273,15/03/2025,2025,3,C584,GRUPO SALINAS,C0655,"TELECOMUNICACIONES 360, S.A. DE C.V.","TELECOMUNICACIONES 360, S.A. DE C.V.",298882.0,0.0,0.0,0.0,893985.0,1192867.0
105695,15/03/2025,2025,3,G008,MEGACABLE-MCM,C0378,MEGACABLE,"SERVICIO Y EQUIPO EN TELEFONIA INTERNET Y TV, S.A. DE C.V.",1587.0,72529.0,0.0,0.0,0.0,74116.0
105899,15/03/2025,2025,3,G253,COPPEL,C1253,"ORIONIDAS, S.A. DE C.V.","ORIONIDAS, S.A. DE C.V.",44199.0,0.0,0.0,0.0,0.0,44199.0
106835,15/03/2025,2025,3,C644,BUENO CELL,C0644,"IBO CELL, S.A.P.I. DE C.V.","IBO CELL, S.A.P.I. DE C.V.",19603.0,0.0,0.0,0.0,0.0,19603.0
509193,15/03/2025,2025,3,C709,FREEDOMPOP,C0709,"FREEDOMPOP , OXXO CEL , UBER CEL , CHEDRAUI MOVIL , AHORROCEL","FREEDOMPOP MEXICO, S.A. DE C.V.",2143783.0,0.0,0.0,0.0,0.0,2143783.0
516798,15/03/2025,2025,3,C775,VASANTA,C0775,"VASANTA COMUNICACIONES, S.A.P.I. DE C.V.","VASANTA COMUNICACIONES, S.A.P.I. DE C.V.",14064.0,0.0,0.0,0.0,0.0,14064.0
517038,15/03/2025,2025,3,C747,YOBI TELECOM,C0747,YOBI TELECOM,"CELMAX MOVIL, S.A. DE C.V.",104521.0,0.0,0.0,0.0,87815.0,192336.0
517149,15/03/2025,2025,3,C730,EDILAR,C0730,"EDILAR, S.A. DE  C.V.","EDILAR, S.A. DE  C.V.",70003.0,0.0,0.0,0.0,0.0,70003.0
517944,15/03/2025,2025,3,C753,ROCKETEL,C0753,"ROCKETEL, S.A.P.I. DE C.V.","ROCKETEL, S.A.P.I. DE C.V.",0.0,0.0,0.0,0.0,79341.0,79341.0
517975,15/03/2025,2025,3,C751,NEWWW,C0751,NEWWW/REDAGUILA/INTERNET PARA EL BIENESTAR/LINK MOVIL/SKYTEL,"TALENTO NET, S. DE R.L. DE C.V.",37544.0,245.0,0.0,0.0,768897.0,806686.0
518633,15/03/2025,2025,3,C758,WIMOTELECOM,C0758,WIMOTELECOM,"WIMOTELECOM, S.A. DE C.V.",31726.0,0.0,0.0,0.0,0.0,31726.0
518782,15/03/2025,2025,3,C804,GRUPO WALMART,C0804,BODEGA AURRERA INTERNET Y TELEFONIA BAIT,"WAL-MART INNOVACION, S. DE R.L. DE C.V.",10108318.0,0.0,0.0,0.0,0.0,10108318.0
518853,15/03/2025,2025,3,C465,R&R NEGOCIOS ALTERNOS,C0465,MUJER MOVIL,"R&R NEGOCIOS ALTERNOS, S.A. DE C.V.",0.0,0.0,0.0,0.0,411.0,411.0
518861,15/03/2025,2025,3,C020,ALESTRA,C0783,GO BIG DIGITAL,"ALESTRA SERVICIOS MOVILES, S.A. DE C.V.",0.0,48019.0,0.0,0.0,48019.0,96038.0
518870,15/03/2025,2025,3,C656,WEEX,C0566,"COMRELOADED, S.A.P.I. DE C.V.","COMRELOADED, S.A.P.I. DE C.V.",0.0,0.0,0.0,0.0,62923.0,62923.0
519208,15/03/2025,2025,3,C080,TELMOVIL,C0080,"TELMOV MOVIL, S.A. DE C.V.","TELMOV MOVIL, S.A. DE C.V.",184617.0,0.0,0.0,0.0,0.0,184617.0
519363,15/03/2025,2025,3,C473,MARKETING 358,C0473,RINCEL,"MARKETING 358, S.A. DE C.V.",608.0,0.0,0.0,0.0,0.0,608.0
519422,15/03/2025,2025,3,C511,BROMOVIL,C0511,BROMOVIL,"BROCOMUNICACIONES MOVILES, S.A.P.I. DE C.V.",58181.0,2013.0,0.0,0.0,0.0,60194.0
519992,15/03/2025,2025,3,C646,REDPHONE,C0646,REDPHONE,"NEGOCIOS INTEGRALES DE MEXICO, S.A. DE C.V.",40796.0,0.0,0.0,0.0,0.0,40796.0
519996,15/03/2025,2025,3,C647,BENELEIT MOVIL,C0647,BENELEIT MOVIL,"BENE LEIT, S.A. DE C.V.",0.0,0.0,0.0,0.0,9819.0,9819.0
521056,15/03/2025,2025,3,C083,DALE FON,C1083,INTERNET PARA EL BIENESTAR,"DALE FON, S.A. DE C.V.",280271.0,0.0,0.0,0.0,0.0,280271.0
521206,15/03/2025,2025,3,C132,MOVIL PARA TODOS,C1132,MOVIL PARA TODOS,"MOVIL PARA TODOS, S.A. DE C.V.",0.0,40993.0,0.0,0.0,0.0,40993.0
106830,15/03/2025,2025,3,C629,VIRGIN MOBILE,C0629,VIRGIN MOBILE,"VIRGIN MOBILE MEXICO, S. DE R.L. DE C.V.",923319.0,0.0,0.0,0.0,0.0,923319.0
100625,15/06/2025,2025,6,G006,AMERICA MOVIL,C0517,TELCEL,"RADIOMOVIL DIPSA, S.A. DE C.V.",65711003.0,15631949.0,0.0,0.0,0.0,81342952.0
101346,15/06/2025,2025,6,G003,TELEFONICA,C0422,TELEFONICA MOVISTAR,"PEGASO PCS, S.A. DE C.V.",18101473.0,4104762.0,0.0,0.0,0.0,22206235.0
107326,15/06/2025,2025,6,G007,AT&T,C0051,AT&T,"AT&T COMUNICACIONES DIGITALES, S. DE R.L. DE C.V.",17705228.0,5847791.0,0.0,0.0,0.0,23553019.0
100418,15/06/2025,2025,6,G008,MEGACABLE-MCM,C0378,MEGACABLE,"MEGA CABLE, S.A. DE C.V.",5498.0,587074.0,0.0,0.0,0.0,592572.0
100770,15/06/2025,2025,6,G004,GRUPO TELEVISA,C0508,SKY/  SKY PREPAGO/  SKY INTERNET,"CORPORACION DE RADIO Y TELEVISION DEL NORTE DE MEXICO, S. DE R.L. DE C.V.",0.0,0.0,0.0,0.0,211.0,211.0
102273,15/06/2025,2025,6,C584,GRUPO SALINAS,C0655,"TELECOMUNICACIONES 360, S.A. DE C.V.","TELECOMUNICACIONES 360, S.A. DE C.V.",0.0,0.0,0.0,0.0,828585.0,828585.0
105899,15/06/2025,2025,6,G253,COPPEL,C1253,"ORIONIDAS, S.A. DE C.V.","ORIONIDAS, S.A. DE C.V.",64141.0,0.0,0.0,0.0,0.0,64141.0
106835,15/06/2025,2025,6,C644,BUENO CELL,C0644,"IBO CELL, S.A.P.I. DE C.V.","IBO CELL, S.A.P.I. DE C.V.",18728.0,0.0,0.0,0.0,0.0,18728.0
106870,15/06/2025,2025,6,C717,IENTC,C0717,IENTC TELECOMUNICACIONES,"IENTC, S. DE R.L. DE C.V.",2354.0,8004.0,0.0,0.0,0.0,10358.0
509193,15/06/2025,2025,6,C709,FREEDOMPOP,C0709,"FREEDOMPOP , OXXO CEL , UBER CEL , CHEDRAUI MOVIL , AHORROCEL","FREEDOMPOP MEXICO, S.A. DE C.V.",2355365.0,0.0,0.0,0.0,0.0,2355365.0
516798,15/06/2025,2025,6,C775,VASANTA,C0775,"VASANTA COMUNICACIONES, S.A.P.I. DE C.V.","VASANTA COMUNICACIONES, S.A.P.I. DE C.V.",0.0,0.0,0.0,0.0,13649.0,13649.0
517038,15/06/2025,2025,6,C747,YOBI TELECOM,C0747,YOBI TELECOM,"CELMAX MOVIL, S.A. DE C.V.",123964.0,0.0,0.0,0.0,98705.0,222669.0
517149,15/06/2025,2025,6,C730,EDILAR,C0730,"EDILAR, S.A. DE  C.V.","EDILAR, S.A. DE  C.V.",83753.0,0.0,0.0,0.0,0.0,83753.0
517944,15/06/2025,2025,6,C753,ROCKETEL,C0753,"ROCKETEL, S.A.P.I. DE C.V.","ROCKETEL, S.A.P.I. DE C.V.",0.0,0.0,0.0,0.0,69951.0,69951.0
517975,15/06/2025,2025,6,C751,NEWWW,C0751,NEWWW/REDAGUILA/INTERNET PARA EL BIENESTAR/LINK MOVIL/SKYTEL,"TALENTO NET, S. DE R.L. DE C.V.",0.0,0.0,0.0,0.0,126955.0,126955.0
518782,15/06/2025,2025,6,C804,GRUPO WALMART,C0804,BODEGA AURRERA INTERNET Y TELEFONIA BAIT,"WAL-MART INNOVACION, S. DE R.L. DE C.V.",10876875.0,0.0,0.0,0.0,0.0,10876875.0
518861,15/06/2025,2025,6,C020,ALESTRA,C0783,GO BIG DIGITAL,"ALESTRA SERVICIOS MOVILES, S.A. DE C.V.",0.0,56103.0,0.0,0.0,56103.0,112206.0
518870,15/06/2025,2025,6,C656,WEEX,C0566,"COMRELOADED, S.A.P.I. DE C.V.","COMRELOADED, S.A.P.I. DE C.V.",0.0,0.0,0.0,0.0,61807.0,61807.0
519363,15/06/2025,2025,6,C473,MARKETING 358,C0473,RINCEL,"MARKETING 358, S.A. DE C.V.",701.0,0.0,0.0,0.0,0.0,701.0
519422,15/06/2025,2025,6,C511,BROMOVIL,C0511,BROMOVIL,"BROCOMUNICACIONES MOVILES, S.A.P.I. DE C.V.",0.0,0.0,0.0,0.0,62294.0,62294.0
519992,15/06/2025,2025,6,C646,REDPHONE,C0646,REDPHONE,"NEGOCIOS INTEGRALES DE MEXICO, S.A. DE C.V.",52967.0,0.0,0.0,0.0,0.0,52967.0
519996,15/06/2025,2025,6,C647,BENELEIT MOVIL,C0647,BENELEIT MOVIL,"BENE LEIT, S.A. DE C.V.",27823.0,0.0,0.0,0.0,494.0,28317.0
521056,15/06/2025,2025,6,C083,DALE FON,C1083,INTERNET PARA EL BIENESTAR,"DALE FON, S.A. DE C.V.",347103.0,0.0,0.0,0.0,0.0,347103.0
521206,15/06/2025,2025,6,C132,MOVIL PARA TODOS,C1132,MOVIL PARA TODOS,"MOVIL PARA TODOS, S.A. DE C.V.",0.0,46340.0,0.0,0.0,0.0,46340.0
106830,15/06/2025,2025,6,C629,VIRGIN MOBILE,C0629,VIRGIN MOBILE,"VIRGIN MOBILE MEXICO, S. DE R.L. DE C.V.",904028.0,0.0,0.0,0.0,0.0,904028.0
100625,15/09/2025,2025,9,G006,AMERICA MOVIL,C0517,TELCEL,"RADIOMOVIL DIPSA, S.A. DE C.V.",65684443.0,15721656.0,0.0,0.0,0.0,81406099.0
101346,15/09/2025,2025,9,G003,TELEFONICA,C0422,TELEFONICA MOVISTAR,"PEGASO PCS, S.A. DE C.V.",17610323.0,4088712.0,0.0,0.0,0.0,21699035.0
107326,15/09/2025,2025,9,G007,AT&T,C0051,AT&T,"AT&T COMUNICACIONES DIGITALES, S. DE R.L. DE C.V.",17949982.0,6042474.0,0.0,0.0,0.0,23992456.0
100418,15/09/2025,2025,9,G008,MEGACABLE-MCM,C0378,MEGACABLE,"MEGA CABLE, S.A. DE C.V.",4947.0,605290.0,0.0,0.0,0.0,610237.0
100770,15/09/2025,2025,9,G004,GRUPO TELEVISA,C0508,SKY/  SKY PREPAGO/  SKY INTERNET,"CORPORACION DE RADIO Y TELEVISION DEL NORTE DE MEXICO, S. DE R.L. DE C.V.",0.0,0.0,0.0,0.0,211.0,211.0
102273,15/09/2025,2025,9,C584,GRUPO SALINAS,C0655,"TELECOMUNICACIONES 360, S.A. DE C.V.","TELECOMUNICACIONES 360, S.A. DE C.V.",0.0,0.0,0.0,0.0,714036.0,714036.0
105695,15/09/2025,2025,9,G008,MEGACABLE-MCM,C0378,MEGACABLE,"SERVICIO Y EQUIPO EN TELEFONIA INTERNET Y TV, S.A. DE C.V.",408.0,27382.0,0.0,0.0,0.0,27790.0
105899,15/09/2025,2025,9,G253,COPPEL,C1253,"ORIONIDAS, S.A. DE C.V.","ORIONIDAS, S.A. DE C.V.",69460.0,0.0,0.0,0.0,0.0,69460.0
106835,15/09/2025,2025,9,C644,BUENO CELL,C0644,"IBO CELL, S.A.P.I. DE C.V.","IBO CELL, S.A.P.I. DE C.V.",18479.0,0.0,0.0,0.0,0.0,18479.0
509193,15/09/2025,2025,9,C709,FREEDOMPOP,C0709,"FREEDOMPOP , OXXO CEL , UBER CEL , CHEDRAUI MOVIL , AHORROCEL","FREEDOMPOP MEXICO, S.A. DE C.V.",2029207.0,0.0,0.0,0.0,0.0,2029207.0
516798,15/09/2025,2025,9,C775,VASANTA,C0775,"VASANTA COMUNICACIONES, S.A.P.I. DE C.V.","VASANTA COMUNICACIONES, S.A.P.I. DE C.V.",38666.0,0.0,0.0,0.0,0.0,38666.0
517038,15/09/2025,2025,9,C747,YOBI TELECOM,C0747,YOBI TELECOM,"CELMAX MOVIL, S.A. DE C.V.",271155.0,0.0,0.0,0.0,0.0,271155.0
517149,15/09/2025,2025,9,C730,EDILAR,C0730,"EDILAR, S.A. DE  C.V.","EDILAR, S.A. DE  C.V.",83353.0,0.0,0.0,0.0,0.0,83353.0
517944,15/09/2025,2025,9,C753,ROCKETEL,C0753,"ROCKETEL, S.A.P.I. DE C.V.","ROCKETEL, S.A.P.I. DE C.V.",0.0,0.0,0.0,0.0,64959.0,64959.0
517975,15/09/2025,2025,9,C751,NEWWW,C0751,NEWWW/REDAGUILA/INTERNET PARA EL BIENESTAR/LINK MOVIL/SKYTEL,"TALENTO NET, S. DE R.L. DE C.V.",0.0,0.0,0.0,0.0,780726.0,780726.0
518633,15/09/2025,2025,9,C758,WIMOTELECOM,C0758,WIMOTELECOM,"WIMOTELECOM, S.A. DE C.V.",20934.0,0.0,0.0,0.0,0.0,20934.0
518782,15/09/2025,2025,9,C804,GRUPO WALMART,C0804,BODEGA AURRERA INTERNET Y TELEFONIA BAIT,"WAL-MART INNOVACION, S. DE R.L. DE C.V.",11897157.0,15240.0,0.0,0.0,0.0,11912397.0
518861,15/09/2025,2025,9,C020,ALESTRA,C0783,GO BIG DIGITAL,"ALESTRA SERVICIOS MOVILES, S.A. DE C.V.",0.0,52907.0,0.0,0.0,0.0,52907.0
518870,15/09/2025,2025,9,C656,WEEX,C0566,"COMRELOADED, S.A.P.I. DE C.V.","COMRELOADED, S.A.P.I. DE C.V.",0.0,0.0,0.0,0.0,63005.0,63005.0
519208,15/09/2025,2025,9,C080,TELMOVIL,C0080,"TELMOV MOVIL, S.A. DE C.V.","TELMOV MOVIL, S.A. DE C.V.",82780.0,0.0,0.0,0.0,0.0,82780.0
519363,15/09/2025,2025,9,C473,MARKETING 358,C0473,RINCEL,"MARKETING 358, S.A. DE C.V.",194.0,0.0,0.0,0.0,0.0,194.0
519422,15/09/2025,2025,9,C511,BROMOVIL,C0511,BROMOVIL,"BROCOMUNICACIONES MOVILES, S.A.P.I. DE C.V.",0.0,0.0,0.0,0.0,64676.0,64676.0
519992,15/09/2025,2025,9,C646,REDPHONE,C0646,REDPHONE,"NEGOCIOS INTEGRALES DE MEXICO, S.A. DE C.V.",59495.0,0.0,0.0,0.0,0.0,59495.0
519996,15/09/2025,2025,9,C647,BENELEIT MOVIL,C0647,BENELEIT MOVIL,"BENE LEIT, S.A. DE C.V.",9800.0,0.0,0.0,0.0,17805.0,27605.0
521056,15/09/2025,2025,9,C083,DALE FON,C1083,INTERNET PARA EL BIENESTAR,"DALE FON, S.A. DE C.V.",327947.0,0.0,0.0,0.0,0.0,327947.0
521206,15/09/2025,2025,9,C132,MOVIL PARA TODOS,C1132,MOVIL PARA TODOS,"MOVIL PARA TODOS, S.A. DE C.V.",0.0,50002.0,0.0,0.0,0.0,50002.0
106830,15/09/2025,2025,9,C629,VIRGIN MOBILE,C0629,VIRGIN MOBILE,"VIRGIN MOBILE MEXICO, S. DE R.L. DE C.V.",886353.0,0.0,0.0,0.0,0.0,886353.0
100625,15/12/2025,2025,12,G006,AMERICA MOVIL,C0517,TELCEL,"RADIOMOVIL DIPSA, S.A. DE C.V.",65762126.0,15852347.0,0.0,0.0,0.0,81614473.0
101346,15/12/2025,2025,12,G003,TELEFONICA,C0422,TELEFONICA MOVISTAR,"PEGASO PCS, S.A. DE C.V.",17477816.0,4019379.0,0.0,0.0,0.0,21497195.0
107326,15/12/2025,2025,12,G007,AT&T,C0051,AT&T,"AT&T COMUNICACIONES DIGITALES, S. DE R.L. DE C.V.",18118264.0,6332869.0,0.0,0.0,0.0,24451133.0
100418,15/12/2025,2025,12,G008,MEGACABLE-MCM,C0378,MEGACABLE,"MEGA CABLE, S.A. DE C.V.",4821.0,643367.0,0.0,0.0,0.0,648188.0
100770,15/12/2025,2025,12,G004,GRUPO TELEVISA,C0508,SKY/  SKY PREPAGO/  SKY INTERNET,"CORPORACION DE RADIO Y TELEVISION DEL NORTE DE MEXICO, S. DE R.L. DE C.V.",0.0,0.0,0.0,0.0,208.0,208.0
102273,15/12/2025,2025,12,C584,GRUPO SALINAS,C0655,"TELECOMUNICACIONES 360, S.A. DE C.V.","TELECOMUNICACIONES 360, S.A. DE C.V.",0.0,0.0,0.0,0.0,819054.0,819054.0
105695,15/12/2025,2025,12,G008,MEGACABLE-MCM,C0378,MEGACABLE,"SERVICIO Y EQUIPO EN TELEFONIA INTERNET Y TV, S.A. DE C.V.",391.0,28262.0,0.0,0.0,0.0,28653.0
105899,15/12/2025,2025,12,G253,COPPEL,C1253,"ORIONIDAS, S.A. DE C.V.","ORIONIDAS, S.A. DE C.V.",79324.0,0.0,0.0,0.0,0.0,79324.0
106835,15/12/2025,2025,12,C644,BUENO CELL,C0644,"IBO CELL, S.A.P.I. DE C.V.","IBO CELL, S.A.P.I. DE C.V.",0.0,0.0,0.0,0.0,15424.0,15424.0
509193,15/12/2025,2025,12,C709,FREEDOMPOP,C0709,"FREEDOMPOP , OXXO CEL , UBER CEL , CHEDRAUI MOVIL , AHORROCEL","FREEDOMPOP MEXICO, S.A. DE C.V.",2261060.0,0.0,0.0,0.0,0.0,2261060.0
516798,15/12/2025,2025,12,C775,VASANTA,C0775,"VASANTA COMUNICACIONES, S.A.P.I. DE C.V.","VASANTA COMUNICACIONES, S.A.P.I. DE C.V.",35036.0,0.0,0.0,0.0,0.0,35036.0
517038,15/12/2025,2025,12,C747,YOBI TELECOM,C0747,YOBI TELECOM,"CELMAX MOVIL, S.A. DE C.V.",171740.0,0.0,0.0,0.0,95020.0,266760.0
517149,15/12/2025,2025,12,C730,EDILAR,C0730,"EDILAR, S.A. DE  C.V.","EDILAR, S.A. DE  C.V.",83173.0,0.0,0.0,0.0,0.0,83173.0
517944,15/12/2025,2025,12,C753,ROCKETEL,C0753,"ROCKETEL, S.A.P.I. DE C.V.","ROCKETEL, S.A.P.I. DE C.V.",0.0,0.0,0.0,0.0,56570.0,56570.0
517975,15/12/2025,2025,12,C751,NEWWW,C0751,NEWWW/REDAGUILA/INTERNET PARA EL BIENESTAR/LINK MOVIL/SKYTEL,"TALENTO NET, S. DE R.L. DE C.V.",12190.0,16.0,0.0,0.0,767563.0,779769.0
518633,15/12/2025,2025,12,C758,WIMOTELECOM,C0758,WIMOTELECOM,"WIMOTELECOM, S.A. DE C.V.",20934.0,0.0,0.0,0.0,0.0,20934.0
518782,15/12/2025,2025,12,C804,GRUPO WALMART,C0804,BODEGA AURRERA INTERNET Y TELEFONIA BAIT,"WAL-MART INNOVACION, S. DE R.L. DE C.V.",12655609.0,48013.0,0.0,0.0,0.0,12703622.0
518861,15/12/2025,2025,12,C020,ALESTRA,C0783,GO BIG DIGITAL,"ALESTRA SERVICIOS MOVILES, S.A. DE C.V.",0.0,74203.0,0.0,0.0,0.0,74203.0
518870,15/12/2025,2025,12,C656,WEEX,C0566,"COMRELOADED, S.A.P.I. DE C.V.","COMRELOADED, S.A.P.I. DE C.V.",0.0,0.0,0.0,0.0,60983.0,60983.0
519208,15/12/2025,2025,12,C080,TELMOVIL,C0080,"TELMOV MOVIL, S.A. DE C.V.","TELMOV MOVIL, S.A. DE C.V.",102084.0,0.0,0.0,0.0,0.0,102084.0
519363,15/12/2025,2025,12,C473,MARKETING 358,C0473,RINCEL,"MARKETING 358, S.A. DE C.V.",180.0,0.0,0.0,0.0,0.0,180.0
519422,15/12/2025,2025,12,C511,BROMOVIL,C0511,BROMOVIL,"BROCOMUNICACIONES MOVILES, S.A.P.I. DE C.V.",65233.0,1013.0,0.0,0.0,13.0,66259.0
519778,15/12/2025,2025,12,C816,CONECTA2,C0816,CONECTA2,"AL ALCANCE DE LA MANO, S.A. DE C.V.",0.0,51326.0,0.0,0.0,0.0,51326.0
519992,15/12/2025,2025,12,C646,REDPHONE,C0646,REDPHONE,"NEGOCIOS INTEGRALES DE MEXICO, S.A. DE C.V.",65248.0,0.0,0.0,0.0,0.0,65248.0
519996,15/12/2025,2025,12,C647,BENELEIT MOVIL,C0647,BENELEIT MOVIL,"BENE LEIT, S.A. DE C.V.",9745.0,0.0,0.0,0.0,0.0,9745.0
521056,15/12/2025,2025,12,C083,DALE FON,C1083,INTERNET PARA EL BIENESTAR,"DALE FON, S.A. DE C.V.",240661.0,0.0,0.0,0.0,0.0,240661.0
521206,15/12/2025,2025,12,C132,MOVIL PARA TODOS,C1132,MOVIL PARA TODOS,"MOVIL PARA TODOS, S.A. DE C.V.",0.0,51326.0,0.0,0.0,0.0,51326.0
106830,15/12/2025,2025,12,C629,VIRGIN MOBILE,C0629,VIRGIN MOBILE,"VIRGIN MOBILE MEXICO, S. DE R.L. DE C.V.",886878.0,0.0,0.0,0.0,0.0,886878.0
